pedido_id,data_venda,cliente_id,produto_id,vendedor_id,quantidade,preco_unitario,desconto,canal_venda,status
PED000001,2025-03-02,CLI00914,PRD019,V010,4,1066.35,0.05,Marketplace,Concluída
PED000002,2025-10-04,CLI00211,PRD017,V009,4,855.86,0.0,Loja Física,Concluída
PED000003,2025-09-13,CLI01454,PRD018,V002,1,1003.97,0.0,Marketplace,Concluída
PED000004,2025-05-10,CLI00935,PRD011,V010,1,2880.72,0.15,E-commerce,Concluída
PED000005,2025-01-25,CLI02299,PRD011,V010,4,2888.83,0.0,E-commerce,Concluída
PED000006,2025-12-21,CLI02342,PRD010,V008,1,1686.68,0.15,Televendas,Concluída
PED000007,2025-06-12,CLI01596,PRD008,V003,1,2243.81,0.08,Marketplace,Concluída
PED000008,2025-11-22,CLI02413,PRD006,V007,1,205.26,0.05,Loja Física,Concluída
PED000009,2025-09-05,CLI00278,PRD010,V009,2,1638.59,0.03,E-commerce,Cancelada
PED000010,2025-12-10,CLI01398,PRD001,V009,1,4494.32,0.1,E-commerce,Concluída
PED000011,2025-10-05,CLI01956,PRD001,V005,1,4408.62,0.1,Marketplace,Concluída
PED000012,2025-03-13,CLI00751,PRD017,V008,2,868.75,0.08,Loja Física,Cancelada
PED000013,2025-05-13,CLI01127,PRD001,V004,3,4347.5,0.08,E-commerce,Concluída
PED000014,2025-06-20,CLI02129,PRD009,V003,1,2854.75,0.05,Marketplace,Concluída
PED000015,2025-07-01,CLI02217,PRD010,V007,3,1661.9,0.0,Marketplace,Concluída
PED000016,2025-01-16,CLI02228,PRD003,V005,2,1056.41,0.15,Loja Física,Concluída
PED000017,2025-07-19,CLI01801,PRD018,V003,1,982.15,0.0,Televendas,Concluída
PED000018,2025-02-26,CLI00744,PRD003,V007,1,989.97,0.05,Loja Física,Concluída
PED000019,2025-09-29,CLI00330,PRD018,V004,1,975.64,0.03,Marketplace,Concluída
PED000020,2025-09-07,CLI01836,PRD014,V006,1,1320.21,0.08,E-commerce,Concluída
PED000021,2025-12-03,CLI00109,PRD004,V004,4,1583.48,0.08,Televendas,Concluída
PED000022,2025-09-29,CLI02378,PRD003,V009,1,1047.59,0.05,Marketplace,Concluída
PED000023,2025-05-14,CLI00539,PRD006,V009,5,205.19,0.0,Marketplace,Concluída
PED000024,2025-12-20,CLI01081,PRD007,V005,1,340.0,0.0,Loja Física,Cancelada
PED000025,2025-05-30,CLI02498,PRD005,V008,1,378.33,0.0,Marketplace,Concluída
PED000026,2025-04-29,CLI00204,PRD020,V002,2,628.43,0.15,E-commerce,Concluída
PED000027,2025-11-27,CLI01471,PRD004,V010,3,1654.83,0.0,E-commerce,Concluída
PED000028,2025-05-16,CLI02084,PRD017,V003,1,862.85,0.15,Televendas,Concluída
PED000029,2025-01-28,CLI00399,PRD003,V009,1,1041.14,0.0,Marketplace,Concluída
PED000030,2025-06-21,CLI01685,PRD020,V009,2,668.49,0.1,E-commerce,Concluída
PED000031,2025-10-18,CLI01866,PRD004,V002,1,1579.84,0.05,Loja Física,Concluída
PED000032,2025-03-11,CLI01896,PRD007,V001,2,352.9,0.08,E-commerce,Concluída
PED000033,2025-06-18,CLI00547,PRD009,V008,3,2847.83,0.05,Loja Física,Concluída
PED000034,2025-02-17,CLI01651,PRD002,V009,1,2945.6,0.08,Loja Física,Concluída
PED000035,2025-09-08,CLI01400,PRD016,V008,3,2268.74,0.08,Televendas,Concluída
PED000036,2025-06-23,CLI01050,PRD005,V001,1,374.84,0.0,E-commerce,Concluída
PED000037,2025-05-01,CLI01223,PRD009,V007,4,2944.42,0.1,Loja Física,Concluída
PED000038,2025-03-24,CLI02412,PRD009,V004,6,2828.53,0.05,E-commerce,Concluída
PED000039,2025-07-26,CLI00085,PRD010,V010,2,1667.11,0.0,Loja Física,Concluída
PED000040,2025-09-02,CLI01557,PRD001,V009,6,4380.65,0.03,Loja Física,Concluída
PED000041,2025-12-10,CLI01421,PRD003,V008,3,1026.6,0.05,Marketplace,Concluída
PED000042,2025-06-09,CLI01314,PRD003,V005,1,1060.72,0.1,Loja Física,Concluída
PED000043,2025-02-28,CLI02216,PRD006,V004,1,193.75,0.08,Loja Física,Concluída
PED000044,2025-10-31,CLI01392,PRD003,V009,1,978.99,0.03,Loja Física,Cancelada
PED000045,2025-08-18,CLI02063,PRD019,V002,2,1098.02,0.05,Marketplace,Concluída
PED000046,2025-09-13,CLI01910,PRD009,V002,2,2867.52,0.0,Loja Física,Concluída
PED000047,2025-02-05,CLI02037,PRD011,V001,2,2892.92,0.03,E-commerce,Concluída
PED000048,2025-04-25,CLI01523,PRD006,V006,2,192.44,0.08,Televendas,Concluída
PED000049,2025-10-08,CLI00044,PRD005,V001,2,346.49,0.0,E-commerce,Concluída
PED000050,2025-10-31,CLI00184,PRD008,V006,1,2247.85,0.03,Loja Física,Concluída
PED000051,2025-06-08,CLI01298,PRD005,V002,1,352.66,0.0,Marketplace,Concluída
PED000052,2025-10-21,CLI00694,PRD006,V009,6,201.58,0.0,E-commerce,Concluída
PED000053,2025-11-04,CLI00620,PRD008,V005,1,2297.71,0.0,Marketplace,Concluída
PED000054,2025-05-22,CLI01284,PRD008,V001,1,2240.94,0.0,Loja Física,Concluída
PED000055,2025-11-24,CLI01180,PRD020,V007,1,654.59,0.05,Loja Física,Concluída
PED000056,2025-04-16,CLI00413,PRD004,V004,6,1601.08,0.1,Loja Física,Concluída
PED000057,2025-03-29,CLI01143,PRD008,V003,1,2253.14,0.0,E-commerce,Concluída
PED000058,2025-09-07,CLI02140,PRD003,V007,2,1034.32,0.1,E-commerce,Concluída
PED000059,2025-08-21,CLI00365,PRD006,V010,1,205.55,0.05,E-commerce,Concluída
PED000060,2025-02-21,CLI01942,PRD013,V010,1,1102.91,0.0,E-commerce,Concluída
PED000061,2025-10-31,CLI01988,PRD003,V005,3,1028.01,0.0,E-commerce,Concluída
PED000062,2025-03-14,CLI01892,PRD010,V009,2,1681.43,0.0,E-commerce,Concluída
PED000063,2025-10-21,CLI00386,PRD007,V003,2,349.31,0.08,Loja Física,Concluída
PED000064,2025-01-03,CLI01170,PRD001,V009,1,4395.18,0.08,E-commerce,Concluída
PED000065,2025-10-18,CLI02312,PRD020,V010,6,640.84,0.03,Marketplace,Concluída
PED000066,2025-10-15,CLI00725,PRD007,V006,2,338.61,0.0,Televendas,Concluída
PED000067,2025-10-12,CLI01248,PRD015,V006,5,1527.9,0.0,Loja Física,Devolvida
PED000068,2025-08-31,CLI02095,PRD007,V006,1,343.52,0.05,E-commerce,Concluída
PED000069,2025-06-22,CLI01447,PRD020,V001,1,636.3,0.0,Loja Física,Concluída
PED000070,2025-09-15,CLI00882,PRD005,V009,1,356.61,0.05,E-commerce,Concluída
PED000071,2025-04-12,CLI00296,PRD007,V008,3,347.32,0.05,E-commerce,Concluída
PED000072,2025-10-12,CLI01397,PRD014,V009,3,1398.86,0.05,Marketplace,Concluída
PED000073,2025-07-22,CLI01233,PRD006,V002,2,198.67,0.0,Televendas,Concluída
PED000074,2025-06-17,CLI00733,PRD006,V009,1,196.31,0.03,E-commerce,Concluída
PED000075,2025-07-04,CLI00787,PRD020,V004,1,645.85,0.03,E-commerce,Concluída
PED000076,2025-07-27,CLI02457,PRD009,V009,1,2944.18,0.08,E-commerce,Concluída
PED000077,2025-01-14,CLI01545,PRD013,V010,3,1095.95,0.03,E-commerce,Concluída
PED000078,2025-02-21,CLI01769,PRD011,V009,1,2950.69,0.03,Marketplace,Concluída
PED000079,2025-03-31,CLI00157,PRD017,V010,1,859.31,0.0,Loja Física,Concluída
PED000080,2025-02-11,CLI02412,PRD017,V002,1,823.17,0.05,Loja Física,Concluída
PED000081,2025-06-10,CLI00785,PRD009,V004,1,2890.69,0.05,E-commerce,Concluída
PED000082,2025-09-01,CLI02402,PRD005,V003,6,352.66,0.08,E-commerce,Concluída
PED000083,2025-08-27,CLI02371,PRD001,V006,1,4409.89,0.05,E-commerce,Concluída
PED000084,2025-06-21,CLI00524,PRD010,V010,5,1614.45,0.1,E-commerce,Concluída
PED000085,2025-11-09,CLI00830,PRD017,V007,2,866.28,0.1,Loja Física,Concluída
PED000086,2025-07-26,CLI01828,PRD008,V006,2,2259.74,0.03,Loja Física,Concluída
PED000087,2025-01-29,CLI01251,PRD003,V009,2,1006.08,0.0,Marketplace,Concluída
PED000088,2025-10-07,CLI01165,PRD005,V002,2,357.93,0.1,E-commerce,Cancelada
PED000089,2025-07-29,CLI01015,PRD009,V007,2,3020.61,0.08,Loja Física,Concluída
PED000090,2025-08-20,CLI01576,PRD017,V006,1,805.15,0.15,Loja Física,Cancelada
PED000091,2025-07-26,CLI01661,PRD003,V003,4,1040.05,0.05,Marketplace,Concluída
PED000092,2025-07-22,CLI01165,PRD010,V007,1,1603.13,0.15,E-commerce,Concluída
PED000093,2025-02-03,CLI01439,PRD014,V009,1,1388.44,0.0,Marketplace,Concluída
PED000094,2025-07-24,CLI00143,PRD020,V009,1,659.34,0.05,Televendas,Concluída
PED000095,2025-10-18,CLI00951,PRD002,V009,2,3007.57,0.05,Loja Física,Concluída
PED000096,2025-04-21,CLI01703,PRD020,V009,1,660.97,0.0,Televendas,Concluída
PED000097,2025-08-09,CLI01888,PRD010,V005,1,1654.74,0.0,E-commerce,Concluída
PED000098,2025-01-12,CLI01219,PRD014,V001,1,1342.45,0.0,Marketplace,Concluída
PED000099,2025-05-07,CLI01686,PRD001,V010,1,4301.45,0.0,E-commerce,Concluída
PED000100,2025-06-09,CLI00335,PRD008,V005,1,2247.95,0.1,E-commerce,Concluída
PED000101,2025-12-25,CLI01540,PRD011,V007,4,2902.4,0.15,E-commerce,Concluída
PED000102,2025-03-20,CLI01638,PRD006,V001,1,196.88,0.1,Loja Física,Concluída
PED000103,2025-04-11,CLI01385,PRD008,V009,5,2161.12,0.15,E-commerce,Concluída
PED000104,2025-05-30,CLI00399,PRD009,V009,2,2936.43,0.08,Loja Física,Concluída
PED000105,2025-12-29,CLI02269,PRD009,V010,3,3002.07,0.1,Loja Física,Concluída
PED000106,2025-11-08,CLI02192,PRD001,V002,5,4319.64,0.0,E-commerce,Concluída
PED000107,2025-01-13,CLI02372,PRD008,V009,1,2335.05,0.0,Marketplace,Concluída
PED000108,2025-03-27,CLI00053,PRD004,V007,2,1600.01,0.1,Loja Física,Concluída
PED000109,2025-10-27,CLI00185,PRD019,V002,1,1074.5,0.03,Loja Física,Concluída
PED000110,2025-01-22,CLI01053,PRD020,V006,1,639.98,0.08,Televendas,Devolvida
PED000111,2025-11-09,CLI02409,PRD006,V005,1,197.25,0.05,E-commerce,Concluída
PED000112,2025-04-13,CLI00858,PRD003,V007,2,1017.06,0.03,E-commerce,Concluída
PED000113,2025-12-01,CLI00799,PRD004,V001,3,1629.72,0.0,Loja Física,Concluída
PED000114,2025-04-18,CLI02209,PRD008,V006,1,2238.97,0.08,E-commerce,Devolvida
PED000115,2025-06-08,CLI00093,PRD018,V007,3,943.39,0.05,Marketplace,Devolvida
PED000116,2025-08-30,CLI01860,PRD008,V008,1,2267.29,0.03,Loja Física,Concluída
PED000117,2025-02-16,CLI01400,PRD001,V008,1,4291.07,0.05,E-commerce,Concluída
PED000118,2025-07-23,CLI00662,PRD001,V007,1,4331.1,0.03,Loja Física,Concluída
PED000119,2025-07-04,CLI01667,PRD004,V008,2,1603.21,0.03,Loja Física,Concluída
PED000120,2025-10-14,CLI00848,PRD017,V001,2,825.07,0.05,E-commerce,Concluída
PED000121,2025-12-30,CLI02083,PRD011,V008,1,3043.57,0.03,E-commerce,Concluída
PED000122,2025-08-31,CLI01592,PRD009,V004,1,2920.9,0.1,E-commerce,Concluída
PED000123,2025-05-30,CLI00023,PRD006,V006,2,193.73,0.05,E-commerce,Concluída
PED000124,2025-05-29,CLI02420,PRD020,V006,3,645.84,0.15,E-commerce,Concluída
PED000125,2025-06-02,CLI01899,PRD006,V010,1,199.96,0.08,E-commerce,Concluída
PED000126,2025-10-25,CLI01017,PRD017,V004,3,858.11,0.1,E-commerce,Concluída
PED000127,2025-04-28,CLI01548,PRD018,V004,2,1014.96,0.08,Loja Física,Concluída
PED000128,2025-03-02,CLI02087,PRD008,V008,2,2254.89,0.05,Loja Física,Concluída
PED000129,2025-05-03,CLI01221,PRD018,V007,1,998.21,0.05,Televendas,Concluída
PED000130,2025-01-09,CLI01795,PRD005,V004,4,348.52,0.05,Loja Física,Concluída
PED000131,2025-02-08,CLI02050,PRD011,V004,2,2849.79,0.0,E-commerce,Concluída
PED000132,2025-02-02,CLI01766,PRD002,V009,1,3119.73,0.0,E-commerce,Concluída
PED000133,2025-10-09,CLI01221,PRD008,V009,4,2243.92,0.0,Marketplace,Concluída
PED000134,2025-09-21,CLI00598,PRD004,V002,3,1558.53,0.08,Marketplace,Concluída
PED000135,2025-09-12,CLI00561,PRD001,V004,3,4361.62,0.0,Marketplace,Concluída
PED000136,2025-06-18,CLI00075,PRD001,V008,3,4504.82,0.05,E-commerce,Concluída
PED000137,2025-09-19,CLI01142,PRD006,V002,1,193.07,0.0,Loja Física,Concluída
PED000138,2025-02-28,CLI01174,PRD010,V002,3,1642.97,0.0,Marketplace,Concluída
PED000139,2025-11-25,CLI00912,PRD008,V002,1,2163.25,0.05,Marketplace,Concluída
PED000140,2025-07-02,CLI01523,PRD006,V006,4,194.52,0.1,Televendas,Concluída
PED000141,2025-12-09,CLI00780,PRD020,V005,1,662.26,0.03,Marketplace,Concluída
PED000142,2025-02-25,CLI01195,PRD020,V004,1,633.48,0.1,E-commerce,Concluída
PED000143,2025-07-01,CLI01937,PRD002,V002,1,2898.47,0.0,Loja Física,Concluída
PED000144,2025-09-12,CLI00961,PRD007,V007,3,335.34,0.03,E-commerce,Concluída
PED000145,2025-06-30,CLI00169,PRD011,V009,2,2891.71,0.0,E-commerce,Concluída
PED000146,2025-06-12,CLI00722,PRD014,V003,3,1367.9,0.03,Loja Física,Devolvida
PED000147,2025-03-02,CLI01042,PRD006,V007,1,198.7,0.0,E-commerce,Concluída
PED000148,2025-05-20,CLI02149,PRD014,V008,1,1361.47,0.0,Televendas,Concluída
PED000149,2025-03-29,CLI00155,PRD002,V006,2,2995.79,0.08,Loja Física,Concluída
PED000150,2025-04-21,CLI00425,PRD006,V006,1,193.78,0.05,E-commerce,Concluída
PED000151,2025-09-07,CLI00679,PRD013,V002,2,1064.36,0.0,E-commerce,Concluída
PED000152,2025-08-19,CLI00014,PRD011,V010,5,2968.21,0.1,Loja Física,Concluída
PED000153,2025-08-10,CLI02289,PRD017,V010,2,887.57,0.05,Marketplace,Concluída
PED000154,2025-05-13,CLI00271,PRD001,V008,1,4264.13,0.03,Marketplace,Concluída
PED000155,2025-12-17,CLI01596,PRD003,V010,2,1009.38,0.03,Loja Física,Concluída
PED000156,2025-02-01,CLI01107,PRD001,V007,4,4242.83,0.0,Marketplace,Concluída
PED000157,2025-05-06,CLI02120,PRD003,V007,2,1057.27,0.08,E-commerce,Concluída
PED000158,2025-02-13,CLI01401,PRD001,V009,3,4362.23,0.05,E-commerce,Concluída
PED000159,2025-05-04,CLI02211,PRD008,V001,1,2299.92,0.0,Marketplace,Devolvida
PED000160,2025-12-18,CLI01744,PRD009,V003,3,2826.39,0.0,Marketplace,Concluída
PED000161,2025-05-14,CLI02061,PRD011,V003,1,2981.86,0.0,Loja Física,Concluída
PED000162,2025-11-28,CLI01403,PRD007,V007,3,339.52,0.03,E-commerce,Concluída
PED000163,2025-06-30,CLI00202,PRD001,V003,4,4198.17,0.05,E-commerce,Concluída
PED000164,2025-09-13,CLI01587,PRD012,V004,4,5637.54,0.15,Marketplace,Concluída
PED000165,2025-06-16,CLI00955,PRD001,V005,1,4362.88,0.0,Marketplace,Concluída
PED000166,2025-04-08,CLI00293,PRD018,V008,3,961.88,0.03,Televendas,Concluída
PED000167,2025-10-06,CLI01093,PRD001,V006,1,4397.54,0.0,Loja Física,Concluída
PED000168,2025-12-20,CLI01098,PRD009,V001,2,2759.38,0.03,E-commerce,Concluída
PED000169,2025-04-07,CLI02487,PRD018,V007,2,979.84,0.05,E-commerce,Concluída
PED000170,2025-10-12,CLI01775,PRD010,V005,2,1620.18,0.15,E-commerce,Concluída
PED000171,2025-04-06,CLI01946,PRD010,V002,1,1638.26,0.08,Marketplace,Concluída
PED000172,2025-09-19,CLI00811,PRD012,V007,2,5667.35,0.0,E-commerce,Concluída
PED000173,2025-10-15,CLI01080,PRD002,V003,2,3041.72,0.1,Loja Física,Concluída
PED000174,2025-06-14,CLI00644,PRD012,V005,2,5486.1,0.08,E-commerce,Concluída
PED000175,2025-09-26,CLI01288,PRD018,V010,2,966.95,0.0,Loja Física,Concluída
PED000176,2025-04-10,CLI00690,PRD020,V003,2,604.79,0.1,Loja Física,Concluída
PED000177,2025-01-29,CLI00772,PRD008,V009,1,2221.81,0.08,Marketplace,Concluída
PED000178,2025-02-05,CLI00948,PRD006,V005,1,197.65,0.08,Marketplace,Concluída
PED000179,2025-06-13,CLI02373,PRD014,V010,2,1316.6,0.03,E-commerce,Concluída
PED000180,2025-11-26,CLI00010,PRD009,V009,3,2767.81,0.0,E-commerce,Concluída
PED000181,2025-02-16,CLI02167,PRD005,V009,1,364.88,0.08,E-commerce,Concluída
PED000182,2025-06-16,CLI02261,PRD003,V003,1,1069.57,0.03,Loja Física,Concluída
PED000183,2025-09-14,CLI00627,PRD003,V008,4,1017.06,0.15,E-commerce,Concluída
PED000184,2025-03-15,CLI00515,PRD008,V004,4,2318.04,0.0,Loja Física,Concluída
PED000185,2025-09-21,CLI00648,PRD003,V010,2,1054.51,0.03,Marketplace,Concluída
PED000186,2025-04-22,CLI02142,PRD001,V010,3,4260.19,0.08,Marketplace,Cancelada
PED000187,2025-10-23,CLI00374,PRD001,V007,5,4287.39,0.05,Loja Física,Concluída
PED000188,2025-07-31,CLI00141,PRD020,V010,2,675.28,0.03,Loja Física,Concluída
PED000189,2025-07-19,CLI00392,PRD002,V006,1,2910.06,0.08,Loja Física,Concluída
PED000190,2025-03-06,CLI00698,PRD002,V001,2,2948.08,0.08,Televendas,Concluída
PED000191,2025-06-19,CLI01707,PRD008,V009,4,2379.9,0.05,Marketplace,Devolvida
PED000192,2025-11-09,CLI01359,PRD005,V006,2,355.42,0.03,Marketplace,Concluída
PED000193,2025-01-08,CLI01216,PRD020,V001,1,668.01,0.05,E-commerce,Concluída
PED000194,2025-10-04,CLI00362,PRD019,V001,4,1063.06,0.05,Marketplace,Concluída
PED000195,2025-06-29,CLI01899,PRD007,V008,3,343.16,0.08,E-commerce,Concluída
PED000196,2025-09-20,CLI02469,PRD008,V010,1,2330.0,0.05,Loja Física,Concluída
PED000197,2025-08-31,CLI00963,PRD007,V007,6,337.98,0.05,E-commerce,Concluída
PED000198,2025-06-07,CLI01404,PRD001,V005,3,4377.72,0.0,E-commerce,Concluída
PED000199,2025-04-23,CLI00747,PRD005,V004,3,367.26,0.0,E-commerce,Concluída
PED000200,2025-08-17,CLI02018,PRD002,V005,5,2926.15,0.03,Loja Física,Concluída
PED000201,2025-02-21,CLI01441,PRD002,V004,1,3161.33,0.05,E-commerce,Concluída
PED000202,2025-08-02,CLI00695,PRD009,V003,3,2937.01,0.08,E-commerce,Concluída
PED000203,2025-02-04,CLI00777,PRD002,V002,1,2966.92,0.15,Loja Física,Concluída
PED000204,2025-08-26,CLI00476,PRD002,V006,4,2976.09,0.05,Loja Física,Cancelada
PED000205,2025-08-18,CLI02356,PRD008,V003,4,2376.83,0.08,Marketplace,Concluída
PED000206,2025-01-31,CLI02119,PRD008,V002,3,2248.3,0.05,E-commerce,Concluída
PED000207,2025-10-04,CLI01073,PRD003,V003,3,1023.51,0.03,E-commerce,Concluída
PED000208,2025-06-01,CLI00552,PRD001,V008,3,4491.96,0.05,Televendas,Concluída
PED000209,2025-10-15,CLI00500,PRD003,V006,1,999.47,0.03,E-commerce,Concluída
PED000210,2025-01-16,CLI00958,PRD004,V005,1,1602.25,0.03,E-commerce,Cancelada
PED000211,2025-03-07,CLI00206,PRD015,V006,1,1573.4,0.1,Loja Física,Concluída
PED000212,2025-06-30,CLI01852,PRD019,V006,3,1071.74,0.05,E-commerce,Concluída
PED000213,2025-03-10,CLI00216,PRD007,V005,2,328.59,0.0,Loja Física,Devolvida
PED000214,2025-05-01,CLI00584,PRD007,V009,2,342.57,0.05,Marketplace,Concluída
PED000215,2025-08-30,CLI00994,PRD013,V008,1,1104.1,0.15,Marketplace,Cancelada
PED000216,2025-02-22,CLI01638,PRD011,V002,2,2886.62,0.0,E-commerce,Concluída
PED000217,2025-09-05,CLI01070,PRD003,V009,2,1005.19,0.15,Loja Física,Concluída
PED000218,2025-02-07,CLI02391,PRD002,V002,6,3087.67,0.15,Loja Física,Concluída
PED000219,2025-03-05,CLI00932,PRD008,V001,4,2298.37,0.05,Marketplace,Concluída
PED000220,2025-08-03,CLI01346,PRD009,V005,2,2836.85,0.03,Marketplace,Concluída
PED000221,2025-10-17,CLI01196,PRD003,V004,3,1059.58,0.0,E-commerce,Concluída
PED000222,2025-03-04,CLI00676,PRD005,V008,1,362.73,0.0,Marketplace,Concluída
PED000223,2025-04-20,CLI01526,PRD006,V007,1,205.63,0.03,Loja Física,Concluída
PED000224,2025-12-04,CLI02351,PRD005,V001,2,366.54,0.08,E-commerce,Concluída
PED000225,2025-12-28,CLI00478,PRD008,V005,3,2189.6,0.1,Loja Física,Concluída
PED000226,2025-08-01,CLI02292,PRD011,V008,1,2888.11,0.0,E-commerce,Concluída
PED000227,2025-06-13,CLI02069,PRD008,V008,1,2233.78,0.05,E-commerce,Concluída
PED000228,2025-05-07,CLI01562,PRD004,V006,2,1617.81,0.05,E-commerce,Concluída
PED000229,2025-08-12,CLI01834,PRD002,V007,1,2970.95,0.03,Marketplace,Concluída
PED000230,2025-08-04,CLI01878,PRD016,V006,1,2280.44,0.05,Loja Física,Concluída
PED000231,2025-04-18,CLI00856,PRD008,V003,2,2301.83,0.1,Loja Física,Concluída
PED000232,2025-01-09,CLI01880,PRD001,V006,4,4476.01,0.03,Marketplace,Concluída
PED000233,2025-02-25,CLI01100,PRD005,V007,1,359.62,0.0,E-commerce,Concluída
PED000234,2025-12-16,CLI01113,PRD016,V001,1,2358.86,0.05,Televendas,Concluída
PED000235,2025-06-02,CLI02304,PRD014,V007,1,1309.77,0.0,Marketplace,Concluída
PED000236,2025-06-26,CLI00663,PRD018,V003,1,956.74,0.1,E-commerce,Concluída
PED000237,2025-06-20,CLI00197,PRD010,V001,3,1624.88,0.1,E-commerce,Concluída
PED000238,2025-10-13,CLI00167,PRD007,V008,2,346.76,0.0,E-commerce,Concluída
PED000239,2025-01-24,CLI01018,PRD007,V004,1,344.17,0.05,Loja Física,Concluída
PED000240,2025-01-31,CLI00119,PRD003,V005,5,1027.2,0.08,E-commerce,Concluída
PED000241,2025-04-11,CLI02319,PRD011,V007,3,2909.35,0.03,Loja Física,Devolvida
PED000242,2025-06-27,CLI00133,PRD010,V006,1,1563.77,0.03,Loja Física,Devolvida
PED000243,2025-09-02,CLI01972,PRD003,V007,1,1077.32,0.15,Marketplace,Concluída
PED000244,2025-06-29,CLI00598,PRD018,V010,3,918.86,0.0,E-commerce,Concluída
PED000245,2025-06-11,CLI01823,PRD006,V007,2,198.91,0.05,Marketplace,Concluída
PED000246,2025-12-09,CLI00282,PRD001,V001,5,4370.95,0.0,Marketplace,Concluída
PED000247,2025-02-28,CLI02364,PRD006,V003,1,195.52,0.03,Marketplace,Concluída
PED000248,2025-07-28,CLI00120,PRD018,V005,3,969.2,0.1,Marketplace,Concluída
PED000249,2025-07-17,CLI00894,PRD019,V005,1,1072.85,0.08,Loja Física,Concluída
PED000250,2025-06-22,CLI01459,PRD008,V004,1,2305.44,0.05,Loja Física,Concluída
PED000251,2025-10-22,CLI01580,PRD020,V002,3,624.93,0.0,Marketplace,Concluída
PED000252,2025-04-08,CLI00850,PRD018,V002,3,977.34,0.1,E-commerce,Concluída
PED000253,2025-12-15,CLI00123,PRD016,V002,1,2306.81,0.0,E-commerce,Concluída
PED000254,2025-05-02,CLI02499,PRD017,V010,1,844.55,0.05,Televendas,Concluída
PED000255,2025-07-18,CLI02169,PRD007,V004,3,338.56,0.0,Marketplace,Concluída
PED000256,2025-07-10,CLI01669,PRD014,V010,1,1336.69,0.05,Loja Física,Concluída
PED000257,2025-11-07,CLI00832,PRD010,V004,1,1665.33,0.05,Marketplace,Concluída
PED000258,2025-06-10,CLI02348,PRD013,V004,1,1084.46,0.03,Marketplace,Concluída
PED000259,2025-04-14,CLI00443,PRD003,V005,1,1059.9,0.05,Televendas,Concluída
PED000260,2025-01-08,CLI00162,PRD013,V010,3,1113.78,0.03,Marketplace,Concluída
PED000261,2025-05-13,CLI01990,PRD020,V006,1,651.14,0.05,Loja Física,Concluída
PED000262,2025-10-29,CLI00655,PRD006,V001,2,200.19,0.05,Marketplace,Concluída
PED000263,2025-01-04,CLI01882,PRD020,V003,2,678.86,0.1,E-commerce,Cancelada
PED000264,2025-11-24,CLI01954,PRD007,V010,1,329.9,0.0,E-commerce,Concluída
PED000265,2025-07-18,CLI00337,PRD004,V002,2,1648.58,0.0,Marketplace,Concluída
PED000266,2025-02-21,CLI01546,PRD002,V009,1,3109.28,0.0,E-commerce,Concluída
PED000267,2025-04-21,CLI01130,PRD015,V010,3,1587.12,0.0,Televendas,Concluída
PED000268,2025-07-22,CLI00906,PRD009,V003,3,2999.01,0.05,Televendas,Concluída
PED000269,2025-04-26,CLI01174,PRD006,V006,3,205.56,0.0,Loja Física,Concluída
PED000270,2025-02-09,CLI02102,PRD010,V006,1,1630.82,0.0,E-commerce,Concluída
PED000271,2025-09-01,CLI00333,PRD006,V008,3,195.55,0.0,Loja Física,Concluída
PED000272,2025-09-03,CLI01252,PRD008,V008,2,2298.51,0.05,E-commerce,Concluída
PED000273,2025-02-13,CLI01815,PRD017,V001,1,840.34,0.08,Loja Física,Concluída
PED000274,2025-04-13,CLI02292,PRD012,V004,1,5883.9,0.03,E-commerce,Concluída
PED000275,2025-03-31,CLI01394,PRD014,V010,1,1368.71,0.15,Loja Física,Concluída
PED000276,2025-08-29,CLI01369,PRD010,V004,1,1646.59,0.0,Marketplace,Concluída
PED000277,2025-09-24,CLI00448,PRD020,V003,1,623.37,0.05,Loja Física,Cancelada
PED000278,2025-09-23,CLI01470,PRD004,V007,4,1615.5,0.0,Loja Física,Concluída
PED000279,2025-12-09,CLI02423,PRD005,V002,6,349.86,0.08,Loja Física,Concluída
PED000280,2025-10-08,CLI00775,PRD002,V002,1,3050.53,0.0,E-commerce,Concluída
PED000281,2025-04-28,CLI01231,PRD009,V008,5,2683.66,0.15,Loja Física,Concluída
PED000282,2025-02-09,CLI00200,PRD010,V002,2,1701.57,0.08,Marketplace,Concluída
PED000283,2025-08-13,CLI00704,PRD013,V009,2,1073.92,0.05,E-commerce,Concluída
PED000284,2025-12-01,CLI00034,PRD006,V003,5,188.51,0.05,Televendas,Concluída
PED000285,2025-12-22,CLI02206,PRD001,V002,3,4365.04,0.03,Loja Física,Concluída
PED000286,2025-03-26,CLI00722,PRD011,V008,2,2937.71,0.0,Loja Física,Concluída
PED000287,2025-03-28,CLI02336,PRD020,V002,1,645.11,0.1,Marketplace,Concluída
PED000288,2025-01-14,CLI02126,PRD005,V004,1,372.99,0.08,E-commerce,Concluída
PED000289,2025-02-21,CLI00418,PRD003,V004,4,1045.6,0.0,Loja Física,Concluída
PED000290,2025-07-22,CLI00845,PRD005,V006,1,367.73,0.0,Loja Física,Concluída
PED000291,2025-07-19,CLI01104,PRD007,V005,1,339.85,0.03,Marketplace,Concluída
PED000292,2025-05-16,CLI02085,PRD005,V002,1,364.4,0.08,Loja Física,Concluída
PED000293,2025-04-24,CLI02409,PRD006,V003,2,190.39,0.05,E-commerce,Concluída
PED000294,2025-10-30,CLI02478,PRD011,V002,1,2955.42,0.05,Marketplace,Concluída
PED000295,2025-06-17,CLI01168,PRD006,V001,5,193.1,0.0,E-commerce,Concluída
PED000296,2025-10-23,CLI01078,PRD007,V007,1,353.26,0.1,Marketplace,Concluída
PED000297,2025-12-18,CLI00356,PRD001,V005,4,4375.07,0.0,E-commerce,Concluída
PED000298,2025-04-26,CLI01089,PRD019,V002,2,1109.01,0.03,Marketplace,Concluída
PED000299,2025-03-15,CLI00473,PRD007,V004,2,344.22,0.1,E-commerce,Concluída
PED000300,2025-12-14,CLI02129,PRD006,V007,1,205.72,0.08,Loja Física,Concluída
PED000301,2025-08-20,CLI00907,PRD002,V003,1,2876.88,0.05,E-commerce,Concluída
PED000302,2025-04-17,CLI01401,PRD011,V005,4,2928.12,0.1,Televendas,Concluída
PED000303,2025-08-15,CLI00569,PRD017,V008,3,833.17,0.0,E-commerce,Concluída
PED000304,2025-07-07,CLI02081,PRD001,V007,2,4143.07,0.0,E-commerce,Concluída
PED000305,2025-11-27,CLI01871,PRD003,V008,4,1009.2,0.0,E-commerce,Concluída
PED000306,2025-04-04,CLI01756,PRD003,V004,3,1066.09,0.0,Marketplace,Concluída
PED000307,2025-12-28,CLI02111,PRD010,V005,1,1643.44,0.08,E-commerce,Concluída
PED000308,2025-12-08,CLI00937,PRD019,V009,2,1084.94,0.05,E-commerce,Concluída
PED000309,2025-03-07,CLI02382,PRD008,V009,3,2312.29,0.03,Loja Física,Concluída
PED000310,2025-03-02,CLI01614,PRD006,V001,3,197.4,0.08,Loja Física,Concluída
PED000311,2025-07-14,CLI00238,PRD014,V009,1,1362.82,0.03,E-commerce,Concluída
PED000312,2025-01-17,CLI00070,PRD014,V009,1,1353.07,0.0,Marketplace,Concluída
PED000313,2025-04-20,CLI01894,PRD005,V010,1,365.44,0.03,E-commerce,Concluída
PED000314,2025-06-08,CLI01254,PRD003,V003,1,1024.1,0.08,E-commerce,Concluída
PED000315,2025-12-20,CLI02341,PRD006,V006,1,201.98,0.03,E-commerce,Concluída
PED000316,2025-12-29,CLI00224,PRD015,V001,2,1522.52,0.15,E-commerce,Concluída
PED000317,2025-02-25,CLI01769,PRD013,V002,2,1083.1,0.1,Marketplace,Concluída
PED000318,2025-11-22,CLI01380,PRD012,V006,1,5661.51,0.08,E-commerce,Concluída
PED000319,2025-02-03,CLI00184,PRD017,V003,2,850.37,0.08,Marketplace,Concluída
PED000320,2025-10-01,CLI02031,PRD005,V003,1,356.67,0.05,Loja Física,Concluída
PED000321,2025-11-05,CLI00164,PRD006,V003,1,208.09,0.1,Marketplace,Concluída
PED000322,2025-11-22,CLI00401,PRD001,V005,3,4521.7,0.05,Loja Física,Concluída
PED000323,2025-03-23,CLI02299,PRD018,V002,4,972.83,0.03,Loja Física,Concluída
PED000324,2025-11-23,CLI00989,PRD010,V009,1,1604.78,0.0,E-commerce,Concluída
PED000325,2025-02-12,CLI02080,PRD006,V007,4,186.82,0.08,Loja Física,Concluída
PED000326,2025-07-09,CLI01366,PRD001,V008,4,4444.2,0.03,Loja Física,Concluída
PED000327,2025-06-21,CLI01198,PRD013,V010,2,1119.78,0.08,Loja Física,Concluída
PED000328,2025-04-26,CLI00506,PRD014,V007,6,1355.52,0.15,E-commerce,Concluída
PED000329,2025-01-09,CLI00320,PRD012,V004,1,5274.73,0.03,Loja Física,Concluída
PED000330,2025-10-09,CLI00083,PRD004,V010,1,1611.82,0.03,Marketplace,Cancelada
PED000331,2025-05-03,CLI00078,PRD019,V006,3,1077.65,0.0,E-commerce,Concluída
PED000332,2025-08-30,CLI00004,PRD014,V005,2,1347.66,0.03,E-commerce,Concluída
PED000333,2025-05-30,CLI02377,PRD011,V005,1,3079.14,0.05,E-commerce,Concluída
PED000334,2025-05-17,CLI00639,PRD011,V001,1,2994.42,0.03,Marketplace,Concluída
PED000335,2025-11-20,CLI02204,PRD019,V010,1,1106.64,0.05,Marketplace,Concluída
PED000336,2025-02-04,CLI00767,PRD020,V009,1,645.42,0.05,Loja Física,Concluída
PED000337,2025-09-26,CLI01278,PRD010,V007,1,1661.72,0.0,Marketplace,Concluída
PED000338,2025-09-30,CLI01162,PRD007,V003,6,335.8,0.0,E-commerce,Devolvida
PED000339,2025-05-19,CLI02079,PRD006,V010,1,199.56,0.0,Televendas,Concluída
PED000340,2025-04-06,CLI02121,PRD016,V002,3,2335.23,0.08,E-commerce,Concluída
PED000341,2025-01-02,CLI00304,PRD011,V003,1,2876.11,0.0,Loja Física,Concluída
PED000342,2025-12-08,CLI01041,PRD002,V001,1,3054.66,0.0,Marketplace,Concluída
PED000343,2025-12-12,CLI02202,PRD003,V003,4,977.96,0.03,Loja Física,Concluída
PED000344,2025-03-29,CLI00209,PRD019,V004,1,1076.08,0.05,Marketplace,Concluída
PED000345,2025-01-12,CLI02045,PRD018,V008,1,984.26,0.08,E-commerce,Concluída
PED000346,2025-02-14,CLI00817,PRD020,V004,3,665.93,0.03,Loja Física,Concluída
PED000347,2025-01-25,CLI01757,PRD008,V010,1,2295.17,0.05,Loja Física,Concluída
PED000348,2025-10-31,CLI00766,PRD015,V004,1,1543.72,0.08,Loja Física,Concluída
PED000349,2025-11-22,CLI01330,PRD017,V006,5,852.57,0.1,Loja Física,Concluída
PED000350,2025-02-25,CLI01425,PRD006,V006,1,198.26,0.05,E-commerce,Concluída
PED000351,2025-09-30,CLI00588,PRD003,V009,2,1076.15,0.05,Marketplace,Concluída
PED000352,2025-03-07,CLI01622,PRD020,V008,1,661.02,0.0,Loja Física,Concluída
PED000353,2025-05-15,CLI00243,PRD001,V009,1,4468.13,0.03,Loja Física,Concluída
PED000354,2025-08-07,CLI00002,PRD010,V010,2,1647.37,0.1,Marketplace,Concluída
PED000355,2025-09-20,CLI01671,PRD011,V002,2,2857.85,0.0,Loja Física,Concluída
PED000356,2025-11-16,CLI01350,PRD012,V001,1,5316.7,0.03,Marketplace,Concluída
PED000357,2025-01-17,CLI01478,PRD005,V005,4,357.83,0.05,Loja Física,Concluída
PED000358,2025-03-13,CLI00616,PRD013,V002,3,1104.41,0.1,Marketplace,Concluída
PED000359,2025-04-13,CLI00111,PRD004,V005,2,1585.25,0.0,Marketplace,Concluída
PED000360,2025-04-24,CLI01904,PRD017,V006,2,865.87,0.1,Loja Física,Concluída
PED000361,2025-12-31,CLI00718,PRD004,V003,2,1573.5,0.0,E-commerce,Concluída
PED000362,2025-10-11,CLI00844,PRD013,V001,3,1068.05,0.1,E-commerce,Cancelada
PED000363,2025-04-27,CLI02183,PRD015,V010,1,1625.37,0.1,Loja Física,Devolvida
PED000364,2025-12-21,CLI02290,PRD003,V004,4,1055.6,0.08,E-commerce,Concluída
PED000365,2025-07-02,CLI00897,PRD004,V009,2,1593.09,0.1,E-commerce,Concluída
PED000366,2025-07-02,CLI00994,PRD015,V007,5,1537.5,0.15,Marketplace,Concluída
PED000367,2025-06-08,CLI02437,PRD002,V007,5,3064.68,0.1,Loja Física,Concluída
PED000368,2025-02-22,CLI00877,PRD003,V008,1,1058.43,0.05,Marketplace,Concluída
PED000369,2025-12-08,CLI01412,PRD008,V003,1,2304.67,0.03,Loja Física,Concluída
PED000370,2025-01-06,CLI00337,PRD020,V003,2,643.28,0.0,Loja Física,Devolvida
PED000371,2025-03-05,CLI02186,PRD009,V010,2,2784.4,0.0,Loja Física,Concluída
PED000372,2025-03-25,CLI00438,PRD007,V007,3,341.85,0.05,E-commerce,Concluída
PED000373,2025-04-12,CLI00786,PRD020,V003,1,668.89,0.0,Loja Física,Concluída
PED000374,2025-02-18,CLI01686,PRD008,V007,2,2216.87,0.1,Loja Física,Concluída
PED000375,2025-01-07,CLI02153,PRD008,V004,5,2271.11,0.0,E-commerce,Concluída
PED000376,2025-09-05,CLI01429,PRD007,V009,6,355.97,0.0,Televendas,Concluída
PED000377,2025-12-20,CLI02136,PRD006,V006,1,195.33,0.0,E-commerce,Concluída
PED000378,2025-02-14,CLI01376,PRD006,V004,6,196.2,0.0,Televendas,Concluída
PED000379,2025-04-19,CLI01189,PRD012,V007,1,5324.37,0.0,Loja Física,Concluída
PED000380,2025-07-04,CLI00333,PRD001,V008,2,4434.87,0.05,Marketplace,Concluída
PED000381,2025-12-05,CLI00915,PRD012,V004,1,5408.38,0.0,Loja Física,Concluída
PED000382,2025-09-11,CLI00265,PRD004,V008,2,1543.0,0.08,Loja Física,Concluída
PED000383,2025-10-07,CLI00664,PRD007,V003,1,333.83,0.03,Loja Física,Concluída
PED000384,2025-08-01,CLI01096,PRD003,V003,1,1041.14,0.08,E-commerce,Concluída
PED000385,2025-06-02,CLI02353,PRD009,V009,1,2749.65,0.08,Loja Física,Concluída
PED000386,2025-03-14,CLI02384,PRD013,V007,4,1047.82,0.0,Marketplace,Concluída
PED000387,2025-11-12,CLI01442,PRD006,V001,2,199.58,0.0,Marketplace,Concluída
PED000388,2025-10-21,CLI01052,PRD003,V007,2,1033.87,0.08,Loja Física,Concluída
PED000389,2025-01-10,CLI00876,PRD004,V004,2,1568.71,0.08,Marketplace,Concluída
PED000390,2025-09-19,CLI02260,PRD016,V003,1,2327.72,0.0,Loja Física,Concluída
PED000391,2025-01-31,CLI00925,PRD005,V005,1,376.22,0.05,Loja Física,Concluída
PED000392,2025-09-27,CLI02419,PRD015,V005,1,1620.41,0.03,Loja Física,Concluída
PED000393,2025-10-29,CLI01139,PRD006,V009,2,196.3,0.0,Loja Física,Cancelada
PED000394,2025-02-17,CLI00278,PRD003,V005,5,1056.87,0.0,Loja Física,Concluída
PED000395,2025-06-08,CLI01010,PRD013,V003,1,1088.71,0.08,Loja Física,Concluída
PED000396,2025-02-15,CLI02312,PRD008,V008,2,2167.8,0.03,E-commerce,Concluída
PED000397,2025-07-27,CLI00971,PRD001,V006,3,4153.6,0.05,Marketplace,Concluída
PED000398,2025-12-05,CLI01804,PRD020,V001,4,631.46,0.0,Marketplace,Concluída
PED000399,2025-01-30,CLI02485,PRD003,V007,1,994.94,0.0,Televendas,Concluída
PED000400,2025-05-26,CLI00238,PRD006,V006,5,198.17,0.0,Loja Física,Concluída
PED000401,2025-12-22,CLI02216,PRD007,V006,2,337.28,0.03,Loja Física,Concluída
PED000402,2025-04-20,CLI01820,PRD008,V002,2,2292.54,0.08,E-commerce,Concluída
PED000403,2025-02-18,CLI01647,PRD015,V005,3,1587.4,0.08,E-commerce,Concluída
PED000404,2025-06-28,CLI01234,PRD001,V007,1,4442.16,0.0,Loja Física,Concluída
PED000405,2025-07-05,CLI01712,PRD020,V007,3,631.12,0.0,Marketplace,Concluída
PED000406,2025-08-30,CLI00350,PRD011,V007,2,2974.33,0.0,Televendas,Concluída
PED000407,2025-04-25,CLI02323,PRD020,V010,3,630.72,0.1,E-commerce,Concluída
PED000408,2025-12-15,CLI00596,PRD016,V006,4,2388.3,0.05,Televendas,Concluída
PED000409,2025-07-10,CLI00382,PRD020,V005,2,665.9,0.08,Loja Física,Concluída
PED000410,2025-04-15,CLI01771,PRD010,V006,1,1674.41,0.03,E-commerce,Concluída
PED000411,2025-12-17,CLI00193,PRD006,V004,1,195.96,0.05,Loja Física,Concluída
PED000412,2025-12-04,CLI00798,PRD008,V004,4,2300.56,0.05,E-commerce,Concluída
PED000413,2025-07-02,CLI00612,PRD011,V007,2,2823.91,0.05,Loja Física,Concluída
PED000414,2025-01-10,CLI02380,PRD007,V004,4,326.94,0.03,E-commerce,Concluída
PED000415,2025-08-06,CLI00632,PRD013,V008,1,1098.1,0.0,Loja Física,Concluída
PED000416,2025-07-22,CLI02051,PRD002,V008,2,3091.53,0.03,E-commerce,Concluída
PED000417,2025-02-24,CLI01453,PRD017,V010,4,827.38,0.15,Marketplace,Concluída
PED000418,2025-08-20,CLI01385,PRD004,V002,3,1606.0,0.0,E-commerce,Concluída
PED000419,2025-11-03,CLI01718,PRD020,V004,1,653.24,0.08,E-commerce,Concluída
PED000420,2025-02-08,CLI01565,PRD003,V008,1,1019.83,0.1,Televendas,Concluída
PED000421,2025-09-22,CLI00648,PRD002,V005,4,2968.26,0.05,Marketplace,Concluída
PED000422,2025-02-21,CLI02298,PRD016,V007,3,2382.55,0.05,Televendas,Concluída
PED000423,2025-10-01,CLI00092,PRD016,V008,2,2352.92,0.0,Loja Física,Concluída
PED000424,2025-06-02,CLI00802,PRD014,V009,2,1346.02,0.08,E-commerce,Concluída
PED000425,2025-01-03,CLI00761,PRD020,V003,1,630.28,0.1,Marketplace,Concluída
PED000426,2025-12-19,CLI02023,PRD005,V003,1,360.27,0.15,Televendas,Concluída
PED000427,2025-03-02,CLI01211,PRD017,V005,1,845.17,0.0,Loja Física,Concluída
PED000428,2025-08-06,CLI01122,PRD006,V006,1,195.14,0.1,Televendas,Concluída
PED000429,2025-03-08,CLI00035,PRD009,V010,3,2823.99,0.03,E-commerce,Concluída
PED000430,2025-12-07,CLI02179,PRD008,V001,1,2266.87,0.05,Marketplace,Devolvida
PED000431,2025-09-27,CLI01015,PRD001,V003,3,4272.04,0.0,E-commerce,Concluída
PED000432,2025-10-21,CLI00164,PRD010,V010,2,1645.18,0.0,Loja Física,Concluída
PED000433,2025-06-07,CLI00666,PRD014,V007,1,1329.99,0.05,Loja Física,Concluída
PED000434,2025-06-20,CLI01795,PRD003,V007,1,1011.6,0.05,Loja Física,Concluída
PED000435,2025-08-20,CLI00054,PRD020,V003,1,614.67,0.15,E-commerce,Concluída
PED000436,2025-10-14,CLI02022,PRD009,V007,2,2930.55,0.0,E-commerce,Concluída
PED000437,2025-11-06,CLI01153,PRD003,V004,4,1055.06,0.1,E-commerce,Concluída
PED000438,2025-01-07,CLI01534,PRD011,V008,3,2877.38,0.03,E-commerce,Concluída
PED000439,2025-08-31,CLI01862,PRD003,V001,3,1053.39,0.0,E-commerce,Concluída
PED000440,2025-02-09,CLI00734,PRD001,V003,4,4254.95,0.0,Loja Física,Concluída
PED000441,2025-04-16,CLI01327,PRD012,V007,3,5468.09,0.08,Loja Física,Concluída
PED000442,2025-10-30,CLI00370,PRD002,V007,2,2953.97,0.08,E-commerce,Concluída
PED000443,2025-04-02,CLI01261,PRD002,V009,3,2972.88,0.0,E-commerce,Concluída
PED000444,2025-10-18,CLI01848,PRD014,V009,1,1363.92,0.35,Televendas,Concluída
PED000445,2025-06-18,CLI00373,PRD001,V001,1,4322.96,0.05,Televendas,Concluída
PED000446,2025-03-26,CLI00321,PRD016,V001,2,2326.65,0.05,E-commerce,Concluída
PED000447,2025-05-02,CLI00269,PRD015,V004,3,1599.27,0.05,Loja Física,Concluída
PED000448,2025-07-13,CLI02111,PRD003,V010,1,1037.34,0.08,Marketplace,Concluída
PED000449,2025-10-07,CLI02200,PRD009,V005,5,2820.39,0.0,Loja Física,Devolvida
PED000450,2025-08-10,CLI01253,PRD002,V009,1,3011.67,0.0,E-commerce,Concluída
PED000451,2025-12-07,CLI01408,PRD011,V001,3,3009.34,0.0,Televendas,Concluída
PED000452,2025-11-13,CLI00956,PRD001,V010,5,4482.11,0.1,Marketplace,Concluída
PED000453,2025-10-02,CLI01284,PRD020,V001,1,624.75,0.05,Televendas,Concluída
PED000454,2025-08-09,CLI00592,PRD004,V009,4,1554.24,0.0,Loja Física,Concluída
PED000455,2025-04-16,CLI01174,PRD012,V009,3,5648.03,0.08,E-commerce,Concluída
PED000456,2025-05-31,CLI00041,PRD002,V003,3,2972.14,0.05,Marketplace,Concluída
PED000457,2025-02-13,CLI01297,PRD004,V004,5,1517.09,0.03,Loja Física,Concluída
PED000458,2025-05-17,CLI02264,PRD008,V006,2,2227.03,0.0,Marketplace,Concluída
PED000459,2025-12-05,CLI01761,PRD010,V008,2,1626.63,0.08,E-commerce,Concluída
PED000460,2025-06-05,CLI01511,PRD020,V002,2,641.1,0.08,Marketplace,Concluída
PED000461,2025-02-11,CLI00593,PRD001,V003,1,4450.34,0.0,E-commerce,Concluída
PED000462,2025-08-26,CLI01753,PRD001,V008,1,4265.39,0.0,Loja Física,Concluída
PED000463,2025-12-18,CLI02328,PRD006,V009,1,201.43,0.0,Televendas,Concluída
PED000464,2025-11-13,CLI02435,PRD006,V002,1,198.23,0.05,Marketplace,Concluída
PED000465,2025-04-11,CLI02373,PRD018,V009,3,938.22,0.0,E-commerce,Concluída
PED000466,2025-06-15,CLI00547,PRD019,V009,5,1082.22,0.03,Televendas,Concluída
PED000467,2025-07-13,CLI00551,PRD018,V009,6,981.39,0.03,E-commerce,Cancelada
PED000468,2025-04-01,CLI00157,PRD003,V003,1,1036.76,0.15,E-commerce,Concluída
PED000469,2025-04-09,CLI02271,PRD007,V007,2,345.22,0.03,E-commerce,Concluída
PED000470,2025-03-28,CLI01212,PRD014,V002,2,1322.53,0.03,Marketplace,Concluída
PED000471,2025-12-30,CLI01440,PRD006,V002,1,199.56,0.03,E-commerce,Concluída
PED000472,2025-09-30,CLI01053,PRD012,V001,2,5455.51,0.08,E-commerce,Concluída
PED000473,2025-11-03,CLI01669,PRD004,V005,1,1707.58,0.1,Televendas,Concluída
PED000474,2025-10-26,CLI00160,PRD006,V008,5,190.34,0.15,Loja Física,Concluída
PED000475,2025-12-17,CLI00818,PRD017,V002,1,911.24,0.05,Marketplace,Concluída
PED000476,2025-02-08,CLI01181,PRD005,V002,3,351.98,0.03,Marketplace,Concluída
PED000477,2025-11-18,CLI00378,PRD020,V003,4,666.69,0.03,Loja Física,Concluída
PED000478,2025-01-25,CLI01354,PRD006,V002,3,200.9,0.08,Marketplace,Concluída
PED000479,2025-06-23,CLI01735,PRD001,V009,1,4267.53,0.05,Marketplace,Concluída
PED000480,2025-08-05,CLI00292,PRD005,V002,1,365.95,0.03,E-commerce,Concluída
PED000481,2025-05-11,CLI02069,PRD003,V003,6,1022.9,0.05,Loja Física,Concluída
PED000482,2025-02-23,CLI01739,PRD008,V004,1,2284.01,0.0,Loja Física,Concluída
PED000483,2025-03-12,CLI00183,PRD002,V003,1,3004.73,0.05,Loja Física,Concluída
PED000484,2025-10-29,CLI00865,PRD011,V010,6,2910.83,0.0,E-commerce,Concluída
PED000485,2025-04-27,CLI01867,PRD018,V003,3,958.92,0.03,E-commerce,Concluída
PED000486,2025-04-24,CLI01411,PRD006,V005,3,198.51,0.0,E-commerce,Concluída
PED000487,2025-12-04,CLI00058,PRD003,V006,1,1012.34,0.0,E-commerce,Concluída
PED000488,2025-02-22,CLI01593,PRD007,V003,2,334.58,0.0,E-commerce,Concluída
PED000489,2025-12-01,CLI00734,PRD015,V005,3,1607.59,0.08,Marketplace,Concluída
PED000490,2025-12-03,CLI00896,PRD010,V002,1,1662.29,0.05,Marketplace,Concluída
PED000491,2025-08-07,CLI00128,PRD002,V005,1,2895.87,0.05,Marketplace,Concluída
PED000492,2025-03-02,CLI01839,PRD009,V001,1,2790.94,0.03,Marketplace,Concluída
PED000493,2025-02-26,CLI00706,PRD008,V005,2,2147.26,0.1,Loja Física,Concluída
PED000494,2025-04-14,CLI01639,PRD006,V004,1,201.31,0.1,Televendas,Cancelada
PED000495,2025-07-30,CLI01081,PRD002,V004,4,3045.19,0.05,Marketplace,Concluída
PED000496,2025-02-26,CLI00144,PRD020,V002,1,628.56,0.05,Televendas,Concluída
PED000497,2025-06-16,CLI00273,PRD003,V010,1,1052.56,0.08,E-commerce,Concluída
PED000498,2025-02-12,CLI00336,PRD003,V001,5,1087.15,0.08,E-commerce,Concluída
PED000499,2025-07-17,CLI00077,PRD003,V002,5,995.88,0.0,E-commerce,Concluída
PED000500,2025-01-08,CLI00113,PRD010,V002,2,1619.39,0.05,E-commerce,Concluída
PED000501,2025-09-16,CLI00063,PRD008,V010,4,2179.88,0.0,E-commerce,Concluída
PED000502,2025-01-21,CLI02175,PRD005,V004,1,369.1,0.08,E-commerce,Concluída
PED000503,2025-03-13,CLI02317,PRD008,V005,2,2262.97,0.05,Televendas,Concluída
PED000504,2025-03-05,CLI00874,PRD012,V008,1,5455.56,0.15,E-commerce,Concluída
PED000505,2025-10-31,CLI00207,PRD005,V001,2,362.6,0.0,E-commerce,Concluída
PED000506,2025-01-20,CLI01327,PRD019,V001,3,1075.74,0.05,E-commerce,Concluída
PED000507,2025-06-06,CLI01777,PRD006,V002,3,194.85,0.08,Loja Física,Concluída
PED000508,2025-08-04,CLI01321,PRD003,V007,1,1042.85,0.1,Loja Física,Concluída
PED000509,2025-07-08,CLI01025,PRD020,V010,1,636.29,0.1,Marketplace,Concluída
PED000510,2025-09-06,CLI01183,PRD016,V007,6,2319.06,0.0,E-commerce,Concluída
PED000511,2025-10-21,CLI00250,PRD006,V009,2,196.06,0.15,Loja Física,Concluída
PED000512,2025-05-24,CLI01000,PRD017,V009,1,855.61,0.15,E-commerce,Concluída
PED000513,2025-10-30,CLI00274,PRD009,V003,1,2905.8,0.15,Loja Física,Concluída
PED000514,2025-04-27,CLI00864,PRD006,V002,1,199.7,0.05,Loja Física,Concluída
PED000515,2025-12-26,CLI00297,PRD017,V002,2,821.66,0.08,E-commerce,Concluída
PED000516,2025-07-04,CLI00648,PRD014,V008,2,1389.49,0.0,Televendas,Devolvida
PED000517,2025-09-26,CLI00506,PRD006,V007,2,197.12,0.0,Loja Física,Devolvida
PED000518,2025-11-16,CLI00592,PRD010,V009,2,1631.04,0.0,E-commerce,Concluída
PED000519,2025-10-17,CLI00384,PRD006,V006,2,192.38,0.05,E-commerce,Concluída
PED000520,2025-11-07,CLI01615,PRD001,V010,1,4583.99,0.15,Marketplace,Concluída
PED000521,2025-07-15,CLI00693,PRD020,V009,1,684.27,0.05,E-commerce,Concluída
PED000522,2025-01-16,CLI01757,PRD009,V009,1,2996.3,0.03,Marketplace,Concluída
PED000523,2025-06-29,CLI01269,PRD010,V009,4,1649.67,0.08,Marketplace,Concluída
PED000524,2025-03-08,CLI00609,PRD010,V002,3,1658.83,0.05,Loja Física,Concluída
PED000525,2025-11-21,CLI00500,PRD009,V008,1,2969.45,0.03,Marketplace,Concluída
PED000526,2025-03-28,CLI00342,PRD005,V010,2,358.38,0.05,Loja Física,Concluída
PED000527,2025-03-25,CLI02169,PRD020,V003,2,654.89,0.05,Marketplace,Concluída
PED000528,2025-04-02,CLI01930,PRD011,V009,2,2953.15,0.05,E-commerce,Concluída
PED000529,2025-08-23,CLI01437,PRD012,V004,2,5774.73,0.08,E-commerce,Concluída
PED000530,2025-07-28,CLI00185,PRD008,V003,6,2349.87,0.03,E-commerce,Concluída
PED000531,2025-12-13,CLI01426,PRD005,V008,1,359.31,0.03,E-commerce,Concluída
PED000532,2025-06-01,CLI01380,PRD001,V002,2,4533.32,0.05,Loja Física,Concluída
PED000533,2025-04-14,CLI02401,PRD006,V005,2,196.81,0.1,E-commerce,Concluída
PED000534,2025-01-18,CLI01215,PRD003,V010,2,1021.61,0.03,E-commerce,Concluída
PED000535,2025-01-03,CLI00259,PRD012,V002,1,5471.09,0.08,E-commerce,Concluída
PED000536,2025-05-17,CLI01741,PRD018,V002,2,972.97,0.05,E-commerce,Concluída
PED000537,2025-12-04,CLI01141,PRD006,V010,1,192.97,0.0,E-commerce,Concluída
PED000538,2025-07-11,CLI01991,PRD006,V008,3,194.28,0.03,Marketplace,Concluída
PED000539,2025-11-23,CLI02468,PRD012,V005,2,5311.56,0.0,E-commerce,Concluída
PED000540,2025-02-07,CLI02306,PRD003,V005,1,1014.44,0.0,E-commerce,Concluída
PED000541,2025-02-04,CLI01475,PRD020,V010,6,649.94,0.0,Televendas,Concluída
PED000542,2025-11-01,CLI00685,PRD006,V008,3,201.96,0.08,Loja Física,Concluída
PED000543,2025-02-08,CLI01383,PRD002,V010,2,3062.07,0.05,Loja Física,Concluída
PED000544,2025-01-19,CLI00097,PRD003,V001,6,1046.87,0.05,Televendas,Concluída
PED000545,2025-05-28,CLI01631,PRD020,V006,3,621.45,0.05,Marketplace,Concluída
PED000546,2025-12-04,CLI01424,PRD005,V008,1,352.79,0.03,E-commerce,Concluída
PED000547,2025-09-09,CLI02136,PRD012,V001,2,5483.2,0.1,Loja Física,Concluída
PED000548,2025-02-06,CLI00958,PRD003,V006,2,1060.67,0.1,E-commerce,Concluída
PED000549,2025-11-02,CLI01882,PRD003,V001,2,1021.32,0.08,Marketplace,Concluída
PED000550,2025-11-04,CLI01111,PRD018,V010,5,939.84,0.0,E-commerce,Devolvida
PED000551,2025-10-20,CLI01411,PRD003,V007,2,1073.24,0.1,Marketplace,Concluída
PED000552,2025-11-26,CLI02102,PRD001,V002,1,4286.6,0.08,Loja Física,Concluída
PED000553,2025-03-29,CLI00842,PRD008,V006,2,2204.46,0.0,E-commerce,Concluída
PED000554,2025-12-24,CLI00903,PRD017,V002,3,858.51,0.03,Loja Física,Concluída
PED000555,2025-04-28,CLI01104,PRD006,V009,1,196.58,0.03,E-commerce,Concluída
PED000556,2025-10-20,CLI01349,PRD002,V002,1,2956.23,0.08,Marketplace,Concluída
PED000557,2025-07-31,CLI00129,PRD020,V007,1,646.16,0.05,Loja Física,Concluída
PED000558,2025-10-12,CLI00340,PRD012,V001,2,5382.84,0.0,E-commerce,Concluída
PED000559,2025-08-18,CLI01329,PRD017,V002,1,842.74,0.0,E-commerce,Concluída
PED000560,2025-08-23,CLI01982,PRD014,V010,1,1341.03,0.03,E-commerce,Concluída
PED000561,2025-08-13,CLI00157,PRD013,V004,1,1030.19,0.05,Loja Física,Concluída
PED000562,2025-10-12,CLI01225,PRD007,V002,2,350.15,0.05,E-commerce,Concluída
PED000563,2025-09-27,CLI02061,PRD006,V007,1,190.07,0.0,Televendas,Concluída
PED000564,2025-02-19,CLI00816,PRD013,V003,1,1059.95,0.05,Loja Física,Concluída
PED000565,2025-10-29,CLI02410,PRD013,V006,2,1112.57,0.15,Loja Física,Concluída
PED000566,2025-07-15,CLI01093,PRD020,V009,1,655.35,0.0,Loja Física,Concluída
PED000567,2025-04-28,CLI01731,PRD010,V007,1,1648.27,0.05,E-commerce,Concluída
PED000568,2025-07-07,CLI00600,PRD005,V003,2,345.15,0.03,Loja Física,Concluída
PED000569,2025-12-19,CLI02229,PRD008,V003,1,2234.07,0.0,Televendas,Concluída
PED000570,2025-11-10,CLI01407,PRD010,V003,1,1635.79,0.1,Marketplace,Concluída
PED000571,2025-11-01,CLI01164,PRD007,V007,2,340.75,0.15,E-commerce,Concluída
PED000572,2025-06-18,CLI00564,PRD015,V007,1,1614.9,0.03,Loja Física,Concluída
PED000573,2025-10-14,CLI01946,PRD010,V006,2,1726.68,0.03,E-commerce,Concluída
PED000574,2025-05-21,CLI00897,PRD001,V004,6,4433.95,0.0,Marketplace,Concluída
PED000575,2025-09-08,CLI02372,PRD010,V001,2,1622.71,0.05,E-commerce,Concluída
PED000576,2025-08-22,CLI00217,PRD011,V009,2,3025.62,0.0,Marketplace,Concluída
PED000577,2025-04-02,CLI02487,PRD019,V007,4,1074.85,0.05,Marketplace,Concluída
PED000578,2025-04-08,CLI00751,PRD007,V007,2,319.55,0.0,Televendas,Concluída
PED000579,2025-01-23,CLI00023,PRD010,V002,3,1593.3,0.05,E-commerce,Concluída
PED000580,2025-02-21,CLI00955,PRD008,V003,2,2133.91,0.1,Marketplace,Concluída
PED000581,2025-06-08,CLI00829,PRD009,V004,2,2835.27,0.0,Loja Física,Concluída
PED000582,2025-06-24,CLI01946,PRD001,V006,5,4347.37,0.08,E-commerce,Concluída
PED000583,2025-03-02,CLI02439,PRD018,V008,1,930.8,0.08,E-commerce,Concluída
PED000584,2025-06-02,CLI01622,PRD019,V009,4,1067.64,0.0,E-commerce,Cancelada
PED000585,2025-08-09,CLI01533,PRD009,V006,2,2760.66,0.1,Loja Física,Cancelada
PED000586,2025-03-26,CLI00296,PRD009,V004,2,2853.65,0.05,E-commerce,Concluída
PED000587,2025-05-04,CLI00610,PRD001,V005,2,4273.65,0.05,Loja Física,Concluída
PED000588,2025-05-15,CLI01505,PRD010,V008,1,1686.21,0.05,E-commerce,Concluída
PED000589,2025-07-04,CLI01691,PRD008,V004,1,2278.04,0.0,Loja Física,Concluída
PED000590,2025-05-14,CLI01107,PRD013,V005,5,1128.98,0.0,E-commerce,Concluída
PED000591,2025-09-26,CLI02077,PRD001,V008,2,4317.18,0.03,E-commerce,Concluída
PED000592,2025-04-30,CLI01040,PRD013,V006,4,1143.62,0.08,Loja Física,Concluída
PED000593,2025-06-08,CLI02181,PRD005,V005,1,360.57,0.1,E-commerce,Concluída
PED000594,2025-05-19,CLI00261,PRD011,V008,1,2897.67,0.03,E-commerce,Concluída
PED000595,2025-03-08,CLI02160,PRD011,V003,1,3113.3,0.0,E-commerce,Concluída
PED000596,2025-09-08,CLI01462,PRD004,V001,1,1532.0,0.0,Marketplace,Concluída
PED000597,2025-03-27,CLI02391,PRD008,V008,2,2237.08,0.1,Marketplace,Concluída
PED000598,2025-04-19,CLI00437,PRD017,V005,5,818.13,0.0,E-commerce,Concluída
PED000599,2025-10-17,CLI00292,PRD010,V004,4,1569.1,0.1,E-commerce,Concluída
PED000600,2025-12-13,CLI00698,PRD001,V001,2,4141.16,0.0,E-commerce,Concluída
PED000601,2025-09-02,CLI01431,PRD008,V010,1,2303.4,0.0,E-commerce,Concluída
PED000602,2025-12-01,CLI02049,PRD006,V008,2,190.29,0.0,Loja Física,Concluída
PED000603,2025-11-08,CLI01973,PRD011,V003,2,2917.77,0.05,Loja Física,Concluída
PED000604,2025-06-25,CLI00144,PRD010,V007,2,1681.35,0.03,Televendas,Concluída
PED000605,2025-10-09,CLI01125,PRD001,V005,2,4417.41,0.1,Loja Física,Concluída
PED000606,2025-04-30,CLI01950,PRD010,V004,1,1661.7,0.05,E-commerce,Concluída
PED000607,2025-06-18,CLI01882,PRD014,V004,1,1382.97,0.0,Loja Física,Concluída
PED000608,2025-07-15,CLI00975,PRD014,V001,6,1396.25,0.05,Loja Física,Concluída
PED000609,2025-12-17,CLI01014,PRD001,V010,3,4230.18,0.03,Loja Física,Concluída
PED000610,2025-11-06,CLI00712,PRD006,V010,5,199.21,0.05,E-commerce,Concluída
PED000611,2025-06-28,CLI00693,PRD007,V009,1,339.65,0.08,E-commerce,Concluída
PED000612,2025-08-27,CLI01262,PRD003,V004,2,1031.94,0.15,Marketplace,Concluída
PED000613,2025-03-15,CLI01154,PRD007,V010,1,329.06,0.05,Marketplace,Concluída
PED000614,2025-10-21,CLI00665,PRD001,V003,4,4308.76,0.03,Marketplace,Concluída
PED000615,2025-07-21,CLI00117,PRD002,V009,1,2962.02,0.03,E-commerce,Concluída
PED000616,2025-07-14,CLI02108,PRD012,V002,2,5707.43,0.03,Loja Física,Concluída
PED000617,2025-10-07,CLI02021,PRD005,V004,1,350.14,0.03,Marketplace,Concluída
PED000618,2025-08-20,CLI00112,PRD013,V006,1,1020.7,0.0,E-commerce,Concluída
PED000619,2025-01-27,CLI01484,PRD001,V010,1,4366.16,0.0,Marketplace,Concluída
PED000620,2025-04-16,CLI01677,PRD009,V003,2,2772.8,0.15,Loja Física,Concluída
PED000621,2025-03-06,CLI01398,PRD007,V005,3,340.79,0.1,E-commerce,Cancelada
PED000622,2025-09-26,CLI02015,PRD015,V009,6,1596.04,0.0,E-commerce,Concluída
PED000623,2025-01-13,CLI01583,PRD015,V005,2,1566.18,0.15,Loja Física,Concluída
PED000624,2025-03-15,CLI00537,PRD007,V007,2,338.29,0.08,E-commerce,Concluída
PED000625,2025-08-07,CLI00919,PRD011,V005,3,2924.98,0.0,Marketplace,Concluída
PED000626,2025-09-11,CLI01928,PRD004,V001,1,1639.4,0.1,Marketplace,Concluída
PED000627,2025-07-03,CLI02481,PRD010,V003,3,1597.2,0.15,Marketplace,Concluída
PED000628,2025-11-11,CLI01128,PRD002,V006,3,3048.18,0.05,Marketplace,Concluída
PED000629,2025-12-02,CLI00992,PRD008,V001,2,2211.46,0.08,Marketplace,Concluída
PED000630,2025-02-18,CLI02473,PRD003,V003,1,1051.33,0.03,Marketplace,Concluída
PED000631,2025-12-14,CLI00587,PRD018,V010,1,932.0,0.05,Marketplace,Concluída
PED000632,2025-08-13,CLI00943,PRD008,V001,1,2299.19,0.08,Loja Física,Concluída
PED000633,2025-08-21,CLI02068,PRD010,V003,5,1640.49,0.05,Televendas,Concluída
PED000634,2025-02-04,CLI00805,PRD006,V007,2,197.31,0.03,E-commerce,Concluída
PED000635,2025-08-15,CLI01636,PRD005,V006,2,369.19,0.05,Loja Física,Concluída
PED000636,2025-09-22,CLI02233,PRD004,V003,2,1572.44,0.08,E-commerce,Concluída
PED000637,2025-07-31,CLI02483,PRD019,V001,3,1090.25,0.08,Marketplace,Concluída
PED000638,2025-01-31,CLI01650,PRD015,V009,1,1582.01,0.0,Marketplace,Concluída
PED000639,2025-07-10,CLI00268,PRD002,V006,1,2971.28,0.03,Loja Física,Cancelada
PED000640,2025-12-08,CLI01930,PRD014,V006,2,1366.29,0.0,E-commerce,Concluída
PED000641,2025-09-22,CLI02267,PRD007,V001,1,344.8,0.05,Marketplace,Concluída
PED000642,2025-02-20,CLI01040,PRD001,V003,1,4303.52,0.0,Marketplace,Concluída
PED000643,2025-12-17,CLI01886,PRD009,V001,2,2952.97,0.1,Loja Física,Concluída
PED000644,2025-12-16,CLI01231,PRD002,V010,1,3035.71,0.05,Marketplace,Concluída
PED000645,2025-03-03,CLI02467,PRD004,V008,4,1571.57,0.03,E-commerce,Concluída
PED000646,2025-10-20,CLI02456,PRD013,V006,3,1062.29,0.08,Loja Física,Concluída
PED000647,2025-05-29,CLI01516,PRD005,V007,6,358.57,,E-commerce,Concluída
PED000648,2025-08-05,CLI01351,PRD018,V002,5,980.24,0.0,E-commerce,Concluída
PED000649,2025-06-12,CLI01799,PRD011,V010,1,2773.98,0.0,E-commerce,Concluída
PED000650,2025-10-13,CLI01867,PRD017,V006,1,836.58,0.05,Televendas,Concluída
PED000651,2025-12-30,CLI00450,PRD010,V006,2,1620.94,0.1,Televendas,Concluída
PED000652,2025-10-18,CLI02449,PRD018,V010,1,934.56,0.0,Marketplace,Concluída
PED000653,2025-12-06,CLI01630,PRD006,V001,6,191.8,0.08,E-commerce,Concluída
PED000654,2025-12-12,CLI01817,PRD009,V005,1,2872.57,0.0,Loja Física,Concluída
PED000655,2025-02-02,CLI00344,PRD009,V001,2,2827.75,0.03,E-commerce,Concluída
PED000656,2025-04-03,CLI01787,PRD019,V005,2,1079.74,0.05,E-commerce,Concluída
PED000657,2025-09-21,CLI00522,PRD003,V003,4,1000.04,0.08,E-commerce,Concluída
PED000658,2025-08-04,CLI00290,PRD010,V005,2,1635.9,0.1,Televendas,Concluída
PED000659,2025-01-19,CLI02069,PRD014,V008,2,1291.77,0.05,Loja Física,Cancelada
PED000660,2025-02-04,CLI00530,PRD006,V003,1,204.01,0.03,E-commerce,Concluída
PED000661,2025-07-09,CLI00718,PRD018,V001,2,1011.65,0.0,E-commerce,Concluída
PED000662,2025-08-13,CLI01955,PRD006,V002,3,194.5,0.0,E-commerce,Concluída
PED000663,2025-03-03,CLI00995,PRD003,V008,2,1006.68,0.1,Loja Física,Concluída
PED000664,2025-03-04,CLI02457,PRD010,V006,3,1679.82,0.05,E-commerce,Concluída
PED000665,2025-02-17,CLI01299,PRD007,V010,1,347.04,0.03,Loja Física,Concluída
PED000666,2025-07-26,CLI01085,PRD001,V009,1,4571.5,0.0,E-commerce,Concluída
PED000667,2025-01-03,CLI01682,PRD001,V002,5,4600.57,0.0,Televendas,Concluída
PED000668,2025-07-28,CLI01904,PRD003,V008,1,983.26,0.08,E-commerce,Concluída
PED000669,2025-06-23,CLI01445,PRD014,V001,2,1381.12,0.03,Loja Física,CANCELADA
PED000670,2025-06-20,CLI00028,PRD018,V001,2,964.01,0.1,Marketplace,Concluída
PED000671,2025-09-05,CLI00474,PRD009,V008,5,2902.04,0.03,Loja Física,Concluída
PED000672,2025-07-10,CLI00311,PRD002,V005,1,3051.88,0.08,Loja Física,Concluída
PED000673,2025-09-23,CLI01388,PRD009,V010,1,2915.41,0.0,Televendas,Concluída
PED000674,2025-10-06,CLI00197,PRD017,V001,4,875.01,0.0,Marketplace,Concluída
PED000675,2025-12-02,CLI02145,PRD014,V006,2,1323.44,0.0,E-commerce,Concluída
PED000676,2025-10-19,CLI00266,PRD005,V004,2,351.96,0.0,E-commerce,Concluída
PED000677,2025-07-08,CLI01512,PRD002,V010,1,3082.49,0.15,E-commerce,Concluída
PED000678,2025-06-29,CLI00145,PRD019,V007,1,1067.16,0.08,Marketplace,Concluída
PED000679,2025-03-28,CLI02178,PRD017,V008,5,893.39,0.03,E-commerce,Concluída
PED000680,2025-08-07,CLI00062,PRD001,V003,2,4283.38,0.05,E-commerce,Concluída
PED000681,2025-02-20,CLI01723,PRD016,V009,4,2324.23,0.05,Loja Física,Concluída
PED000682,2025-12-06,CLI01677,PRD002,V009,6,2979.41,0.05,Loja Física,Concluída
PED000683,2025-11-05,CLI01290,PRD001,V008,2,4198.59,0.0,Loja Física,Concluída
PED000684,2025-02-13,CLI01100,PRD014,V005,2,1290.62,0.03,E-commerce,Concluída
PED000685,2025-10-14,CLI02305,PRD009,V010,2,2928.01,0.0,E-commerce,Concluída
PED000686,2025-02-12,CLI01356,PRD007,V007,3,327.27,0.1,E-commerce,Concluída
PED000687,2025-09-21,CLI00382,PRD019,V001,2,1159.65,0.03,Loja Física,Concluída
PED000688,2025-02-02,CLI00852,PRD017,V009,1,851.65,0.08,E-commerce,Concluída
PED000689,2025-06-28,CLI01454,PRD001,V001,5,4254.46,0.1,Loja Física,Concluída
PED000690,2025-08-29,CLI01003,PRD010,V007,2,1661.96,0.03,Marketplace,Concluída
PED000691,2025-09-24,CLI00924,PRD015,V003,4,1473.46,0.0,Marketplace,Concluída
PED000692,2025-06-02,CLI00400,PRD009,V009,1,2838.87,0.03,E-commerce,Concluída
PED000693,2025-12-03,CLI00583,PRD020,V008,2,642.83,0.05,Televendas,Concluída
PED000694,2025-10-10,CLI01606,PRD012,V009,2,5335.97,0.05,E-commerce,Concluída
PED000695,2025-03-18,CLI02115,PRD002,V007,3,2946.38,0.0,E-commerce,Concluída
PED000696,2025-09-02,CLI00334,PRD003,V006,1,1075.25,0.0,E-commerce,Concluída
PED000697,2025-09-24,CLI00564,PRD017,V009,1,857.57,0.05,Loja Física,Concluída
PED000698,2025-05-02,CLI02203,PRD020,V003,3,652.6,0.08,Loja Física,Concluída
PED000699,2025-09-27,CLI00918,PRD002,V006,6,2934.77,0.0,E-commerce,Concluída
PED000700,2025-11-24,CLI00707,PRD002,V003,1,2894.61,0.08,Loja Física,Concluída
PED000701,2025-10-26,CLI01353,PRD014,V002,1,1334.15,0.03,Marketplace,Concluída
PED000702,2025-10-06,CLI00653,PRD001,V009,2,4098.53,0.0,Loja Física,Concluída
PED000703,2025-08-20,CLI02198,PRD001,V005,1,4247.09,0.03,E-commerce,Concluída
PED000704,2025-04-09,CLI00493,PRD018,V001,1,939.05,0.08,E-commerce,Concluída
PED000705,2025-10-18,CLI01522,PRD015,V009,2,1490.07,0.05,Loja Física,Concluída
PED000706,2025-05-13,CLI00269,PRD018,V010,2,985.13,0.05,Loja Física,Concluída
PED000707,2025-07-14,CLI02255,PRD011,V007,1,2926.89,0.0,E-commerce,Concluída
PED000708,2025-04-25,CLI00628,PRD006,V004,1,193.78,0.03,Loja Física,Concluída
PED000709,2025-04-25,CLI01953,PRD019,V009,6,1109.23,0.03,Loja Física,Concluída
PED000710,2025-02-27,CLI02495,PRD006,V008,2,188.74,0.03,Loja Física,Concluída
PED000711,2025-12-17,CLI01407,PRD005,V003,3,348.44,0.05,E-commerce,Concluída
PED000712,2025-02-23,CLI00061,PRD018,V004,1,996.48,0.03,Marketplace,Concluída
PED000713,2025-02-01,CLI00920,PRD012,V010,3,5824.69,0.0,Marketplace,Concluída
PED000714,2025-12-08,CLI01233,PRD018,V010,3,985.98,0.0,E-commerce,Concluída
PED000715,2025-07-22,CLI00234,PRD003,V007,1,1047.95,0.0,Marketplace,Concluída
PED000716,2025-06-09,CLI00887,PRD020,V001,2,636.75,0.05,Televendas,Concluída
PED000717,2025-09-27,CLI01416,PRD010,V003,2,1621.7,0.03,E-commerce,Concluída
PED000718,2025-05-20,CLI01946,PRD012,V004,2,5541.71,0.05,Televendas,Concluída
PED000719,2025-02-16,CLI00496,PRD019,V006,3,1128.37,0.0,Marketplace,Concluída
PED000720,2025-09-24,CLI01539,PRD007,V009,1,345.63,0.03,Loja Física,Concluída
PED000721,2025-03-06,CLI01746,PRD013,V009,2,1111.42,0.0,E-commerce,Concluída
PED000722,2025-07-21,CLI00075,PRD011,V003,6,2869.21,0.0,Televendas,Concluída
PED000723,2025-12-13,CLI01075,PRD015,V002,1,1594.32,0.08,Loja Física,Concluída
PED000724,2025-12-08,CLI00201,PRD018,V003,1,953.13,0.0,Loja Física,Concluída
PED000725,2025-05-12,CLI02074,PRD012,V003,1,5529.71,0.0,Loja Física,Concluída
PED000726,2025-10-12,CLI01646,PRD001,V009,6,4434.06,0.03,Loja Física,Concluída
PED000727,2025-08-12,CLI01427,PRD003,V001,1,1021.98,0.0,Loja Física,Concluída
PED000728,2025-06-24,CLI01726,PRD020,V009,1,629.72,0.1,E-commerce,Cancelada
PED000729,2025-02-21,CLI02338,PRD020,V007,2,652.01,0.15,Marketplace,Cancelada
PED000730,2025-05-18,CLI01594,PRD020,V002,3,643.97,0.03,Loja Física,Concluída
PED000731,2025-08-26,CLI00671,PRD001,V007,2,4381.69,0.0,Marketplace,Concluída
PED000732,2025-12-27,CLI01639,PRD007,V006,6,347.6,0.05,Televendas,Concluída
PED000733,2025-01-02,CLI01999,PRD014,V001,1,1386.11,0.05,E-commerce,Cancelada
PED000734,2025-09-19,CLI02089,PRD014,V003,2,1364.5,0.03,Televendas,Concluída
PED000735,2025-11-05,CLI01326,PRD002,V004,2,3033.47,0.0,E-commerce,Concluída
PED000736,2025-12-14,CLI00957,PRD010,V003,1,1624.11,0.0,Loja Física,Concluída
PED000737,2025-06-04,CLI01120,PRD003,V006,4,1026.76,0.0,Loja Física,Cancelada
PED000738,2025-02-13,CLI00797,PRD008,V007,2,2294.2,0.03,E-commerce,Concluída
PED000739,2025-04-09,CLI00528,PRD004,V002,1,1590.81,0.05,Televendas,Concluída
PED000740,2025-11-07,CLI02052,PRD001,V002,1,4416.0,0.1,Loja Física,Concluída
PED000741,2025-11-17,CLI02378,PRD002,V007,1,2932.62,0.0,E-commerce,Cancelada
PED000742,2025-08-21,CLI00834,PRD019,V005,4,1143.55,0.08,Marketplace,Concluída
PED000743,2025-02-14,CLI01467,PRD014,V003,1,1348.74,0.0,Televendas,Cancelada
PED000744,2025-02-14,CLI02398,PRD020,V003,4,648.22,0.0,Televendas,Concluída
PED000745,2025-06-24,CLI00926,PRD008,V001,1,2241.05,0.05,Loja Física,Concluída
PED000746,2025-08-03,CLI01802,PRD007,V009,6,358.34,0.0,Loja Física,Concluída
PED000747,2025-01-12,CLI02036,PRD006,V009,3,190.66,0.1,Loja Física,Concluída
PED000748,2025-09-08,CLI01756,PRD010,V006,1,1615.77,0.1,Loja Física,Concluída
PED000749,2025-07-18,CLI01261,PRD006,V004,1,201.03,0.0,Marketplace,Concluída
PED000750,2025-01-05,CLI02269,PRD014,V003,3,1350.28,0.0,E-commerce,Concluída
PED000751,2025-02-04,CLI00856,PRD016,V004,1,2312.73,0.0,Televendas,Concluída
PED000752,2025-06-15,CLI01917,PRD018,V010,1,956.12,0.1,E-commerce,Concluída
PED000753,2025-09-21,CLI00624,PRD005,V001,3,357.93,0.0,E-commerce,Concluída
PED000754,2025-10-29,CLI00108,PRD009,V009,4,2870.05,0.08,Loja Física,Concluída
PED000755,2025-06-07,CLI02064,PRD004,V004,3,1667.74,0.0,E-commerce,Concluída
PED000756,2025-04-18,CLI01146,PRD001,V003,4,4432.9,0.05,Marketplace,Concluída
PED000757,2025-12-20,CLI01685,PRD013,V009,2,1113.2,0.0,Marketplace,Concluída
PED000758,2025-06-17,CLI00945,PRD009,V010,3,2831.66,0.08,Marketplace,Concluída
PED000759,2025-04-26,CLI01170,PRD013,V010,1,1099.42,0.05,Marketplace,Concluída
PED000760,2025-06-11,CLI01064,PRD002,V003,3,2877.3,0.0,Loja Física,Concluída
PED000761,2025-01-05,CLI01458,PRD020,V006,2,649.09,0.0,Loja Física,Concluída
PED000762,2025-04-21,CLI00704,PRD020,V003,2,648.06,0.03,E-commerce,Concluída
PED000763,2025-07-08,CLI00521,PRD008,V002,6,2371.71,0.05,E-commerce,Concluída
PED000764,2025-12-02,CLI00554,PRD018,V004,2,1007.15,0.08,Loja Física,Concluída
PED000765,2025-09-27,CLI01532,PRD005,V001,2,358.22,0.03,Loja Física,Concluída
PED000766,2025-10-13,CLI01358,PRD014,V002,2,1314.82,0.1,Televendas,Concluída
PED000767,2025-07-18,CLI02425,PRD018,V006,1,950.26,0.0,Marketplace,Concluída
PED000768,2025-02-10,CLI01858,PRD016,V007,1,2329.28,0.1,E-commerce,Concluída
PED000769,2025-05-23,CLI00636,PRD016,V003,6,2422.94,0.1,E-commerce,Concluída
PED000770,2025-12-30,CLI00461,PRD008,V006,1,2291.95,0.05,Loja Física,Concluída
PED000771,2025-01-17,CLI00494,PRD016,V008,2,2376.96,0.15,Loja Física,Concluída
PED000772,2025-11-17,CLI00691,PRD013,V009,2,1107.44,0.03,E-commerce,Concluída
PED000773,2025-09-07,CLI01883,PRD002,V006,4,2919.26,0.05,Loja Física,Concluída
PED000774,2025-04-14,CLI01662,PRD002,V003,3,2940.59,0.0,Televendas,Concluída
PED000775,2025-10-11,CLI00705,PRD015,V008,1,1590.52,0.0,Loja Física,Cancelada
PED000776,2025-11-02,CLI01671,PRD011,V002,1,2879.29,0.05,E-commerce,Concluída
PED000777,2025-01-16,CLI00523,PRD009,V002,3,2753.5,0.1,Marketplace,Concluída
PED000778,2025-02-08,CLI00216,PRD019,V004,1,1061.4,0.15,Loja Física,Concluída
PED000779,2025-08-31,CLI01005,PRD011,V004,2,3013.87,0.05,E-commerce,Concluída
PED000780,2025-12-31,CLI00194,PRD007,V002,1,338.78,0.1,E-commerce,Concluída
PED000781,2025-01-09,CLI02020,PRD007,V001,1,343.91,0.08,Loja Física,Concluída
PED000782,2025-08-31,CLI01244,PRD010,V010,6,1602.23,0.08,Loja Física,Concluída
PED000783,2025-02-19,CLI01554,PRD014,V007,4,1354.97,0.0,Marketplace,Concluída
PED000784,2025-08-26,CLI02092,PRD009,V008,3,2843.45,0.03,E-commerce,Concluída
PED000785,2025-08-16,CLI01788,PRD008,V001,1,2293.72,0.05,Loja Física,Concluída
PED000786,2025-02-03,CLI00555,PRD013,V008,6,1072.46,0.08,E-commerce,Concluída
PED000787,2025-09-06,CLI00962,PRD013,V004,2,1099.11,0.05,Marketplace,Concluída
PED000788,2025-11-24,CLI02496,PRD017,V008,5,842.41,0.08,Marketplace,Concluída
PED000789,2025-11-12,CLI01219,PRD001,V005,1,4358.06,0.15,Televendas,Concluída
PED000790,2025-01-11,CLI02498,PRD014,V003,1,1333.12,0.05,Marketplace,Concluída
PED000791,2025-03-31,CLI01393,PRD009,V003,2,2864.62,0.08,Loja Física,Concluída
PED000792,2025-03-29,CLI01508,PRD002,V002,4,3014.55,0.05,Loja Física,Concluída
PED000793,2025-06-15,CLI01487,PRD012,V009,1,5442.22,0.05,E-commerce,Devolvida
PED000794,2025-02-22,CLI02402,PRD013,V005,1,1082.18,0.03,E-commerce,Concluída
PED000795,2025-11-08,CLI01490,PRD009,V008,2,2876.09,0.15,E-commerce,Concluída
PED000796,2025-10-11,CLI00983,PRD015,V009,6,1590.03,0.08,E-commerce,Concluída
PED000797,2025-10-23,CLI01134,PRD006,V002,3,196.46,0.08,Loja Física,Concluída
PED000798,2025-03-14,CLI01255,PRD004,V004,4,1569.79,0.03,Televendas,Concluída
PED000799,2025-01-06,CLI00527,PRD006,V002,2,197.26,0.05,E-commerce,Concluída
PED000800,2025-11-29,CLI01759,PRD007,V001,4,347.71,0.1,Marketplace,Concluída
PED000801,2025-04-16,CLI00929,PRD013,V010,2,1049.25,0.1,E-commerce,Concluída
PED000802,2025-08-28,CLI00177,PRD017,V007,1,825.46,0.15,Marketplace,Concluída
PED000803,2025-11-28,CLI00967,PRD013,V005,2,1067.46,0.08,Televendas,Concluída
PED000804,2025-01-14,CLI01923,PRD003,V003,2,1030.76,0.08,Loja Física,Concluída
PED000805,2025-01-02,CLI01912,PRD006,V006,2,186.02,0.0,E-commerce,Concluída
PED000806,2025-01-02,CLI02342,PRD003,V006,1,1050.61,0.08,Marketplace,Concluída
PED000807,2025-02-27,CLI02363,PRD012,V003,3,5485.25,0.03,Marketplace,Concluída
PED000808,2025-01-19,CLI01426,PRD005,V001,3,339.36,0.1,E-commerce,Concluída
PED000809,2025-10-27,CLI01394,PRD009,V005,1,2783.07,0.0,Loja Física,Concluída
PED000810,2025-08-10,CLI00548,PRD015,V006,4,1558.3,0.1,E-commerce,Concluída
PED000811,2025-12-24,CLI02349,PRD012,V008,1,5266.22,0.05,E-commerce,Concluída
PED000812,2025-10-20,CLI00326,PRD006,V004,1,201.61,0.0,Loja Física,Concluída
PED000813,2025-12-18,CLI02466,PRD006,V001,1,197.75,0.05,E-commerce,Concluída
PED000814,2025-03-29,CLI00545,PRD011,V009,2,2986.26,0.05,E-commerce,Concluída
PED000815,2025-04-16,CLI02234,PRD009,V005,1,2789.09,0.08,Loja Física,Concluída
PED000816,2025-11-07,CLI00504,PRD002,V008,3,3024.45,0.08,Loja Física,Concluída
PED000817,2025-03-31,CLI01830,PRD018,V001,3,953.39,0.05,Marketplace,Concluída
PED000818,2025-01-21,CLI02151,PRD009,V001,2,2848.97,0.0,Loja Física,Concluída
PED000819,2025-09-02,CLI01814,PRD008,V001,4,2288.43,0.1,Loja Física,Concluída
PED000820,2025-10-20,CLI00343,PRD003,V008,5,1033.93,0.15,Marketplace,Concluída
PED000821,2025-12-20,CLI02373,PRD007,V003,2,348.89,0.08,Loja Física,Concluída
PED000822,2025-12-05,CLI02426,PRD006,V008,1,197.51,0.0,Loja Física,Concluída
PED000823,2025-02-13,CLI01630,PRD005,V010,1,356.38,0.08,Televendas,Concluída
PED000824,2025-10-09,CLI01947,PRD009,V007,2,2923.06,0.0,E-commerce,Concluída
PED000825,2025-11-05,CLI01080,PRD008,V010,1,2328.17,0.15,Loja Física,Concluída
PED000826,2025-09-12,CLI01832,PRD018,V010,2,971.52,0.0,Loja Física,Concluída
PED000827,2025-10-27,CLI02474,PRD020,V008,2,667.73,0.0,Loja Física,Concluída
PED000828,2025-11-02,CLI01544,PRD004,V009,2,1595.94,0.0,Marketplace,Concluída
PED000829,2025-06-12,CLI00690,PRD002,V007,1,2984.09,0.08,E-commerce,Concluída
PED000830,2025-01-15,CLI00113,PRD015,V003,1,1570.27,0.05,Loja Física,Concluída
PED000831,2025-06-16,CLI01678,PRD020,V002,1,644.05,0.08,Televendas,Concluída
PED000832,2025-03-15,CLI01797,PRD017,V004,3,847.03,0.03,Marketplace,Concluída
PED000833,2025-02-11,CLI02005,PRD001,V005,2,4288.79,0.1,Marketplace,Concluída
PED000834,2025-02-15,CLI00957,PRD005,V004,2,351.59,0.03,E-commerce,Concluída
PED000835,2025-09-12,CLI01843,PRD001,V002,2,4378.92,0.0,Televendas,Cancelada
PED000836,2025-07-04,CLI00310,PRD016,V006,2,2416.87,0.08,E-commerce,Concluída
PED000837,2025-07-17,CLI01950,PRD010,V005,1,1678.16,0.05,Loja Física,Concluída
PED000838,2025-09-29,CLI02081,PRD009,V010,1,2890.51,0.05,Loja Física,Concluída
PED000839,2025-07-20,CLI00710,PRD009,V010,1,2952.14,0.03,Loja Física,Concluída
PED000840,2025-08-18,CLI00834,PRD005,V007,1,360.72,0.08,Marketplace,Concluída
PED000841,2025-02-01,CLI02075,PRD010,V009,1,1604.02,0.0,E-commerce,Concluída
PED000842,2025-11-07,CLI01507,PRD001,V004,3,4328.68,0.05,Loja Física,Concluída
PED000843,2025-06-13,CLI01254,PRD011,V010,1,2932.02,0.03,Loja Física,Concluída
PED000844,2025-02-26,CLI00392,PRD014,V010,1,1325.05,0.08,Marketplace,Concluída
PED000845,2025-10-24,CLI02027,PRD012,V002,1,5594.44,0.0,E-commerce,Concluída
PED000846,2025-09-26,CLI00320,PRD006,V008,1,201.43,0.0,Marketplace,Concluída
PED000847,2025-01-20,CLI01076,PRD017,V005,1,816.69,0.03,Televendas,Concluída
PED000848,2025-03-12,CLI01117,PRD013,V003,1,1081.48,0.05,Marketplace,Concluída
PED000849,2025-01-06,CLI01802,PRD002,V005,1,2776.39,0.0,Loja Física,Concluída
PED000850,2025-04-09,CLI00108,PRD003,V010,6,1033.37,0.05,E-commerce,Concluída
PED000851,2025-02-06,CLI00033,PRD011,V010,1,2928.93,0.03,E-commerce,Concluída
PED000852,2025-09-17,CLI01537,PRD005,V004,1,376.56,0.03,Marketplace,Concluída
PED000853,2025-07-10,CLI00903,PRD002,V005,2,3104.15,0.05,Loja Física,Concluída
PED000854,2025-12-24,CLI00197,PRD003,V006,1,1059.88,0.03,Marketplace,Concluída
PED000855,2025-10-01,CLI01938,PRD003,V008,2,1010.89,0.08,E-commerce,Concluída
PED000856,2025-08-12,CLI01307,PRD008,V005,1,2210.72,0.05,E-commerce,Concluída
PED000857,2025-07-05,CLI01546,PRD010,V004,4,1599.61,0.08,Loja Física,Concluída
PED000858,2025-01-20,CLI00902,PRD003,V010,4,1075.27,0.05,Loja Física,Concluída
PED000859,2025-01-26,CLI00549,PRD013,V004,3,1060.72,0.03,Marketplace,Cancelada
PED000860,2025-08-13,CLI00810,PRD005,V003,1,357.07,0.0,Loja Física,Concluída
PED000861,2025-01-02,CLI02263,PRD006,V004,2,192.4,0.03,E-commerce,Concluída
PED000862,2025-01-16,CLI01923,PRD004,V004,1,1554.89,0.1,E-commerce,Concluída
PED000863,2025-03-21,CLI02144,PRD015,V006,3,1583.16,0.0,E-commerce,Concluída
PED000864,2025-11-19,CLI01186,PRD020,V007,1,648.63,0.0,E-commerce,Devolvida
PED000865,2025-06-17,CLI02208,PRD008,V002,2,2142.26,0.05,E-commerce,Concluída
PED000866,2025-09-16,CLI00484,PRD001,V009,1,4224.7,0.05,E-commerce,Concluída
PED000867,2025-05-31,CLI01667,PRD005,V003,2,362.85,0.1,Loja Física,Concluída
PED000868,2025-03-05,CLI00969,PRD003,V002,1,1033.87,0.0,E-commerce,Concluída
PED000869,2025-05-16,CLI00476,PRD017,V007,1,845.1,0.1,E-commerce,Concluída
PED000870,2025-02-03,CLI00966,PRD002,V003,2,3038.99,0.08,Marketplace,Concluída
PED000871,2025-10-09,CLI01676,PRD020,V008,2,622.84,0.08,Loja Física,Concluída
PED000872,2025-03-08,CLI01323,PRD010,V010,1,1620.22,0.03,E-commerce,Concluída
PED000873,2025-05-18,CLI02231,PRD009,V007,1,2899.82,0.03,Loja Física,Concluída
PED000874,2025-12-24,CLI01617,PRD017,V008,4,839.8,0.0,Loja Física,Cancelada
PED000875,2025-08-05,CLI01386,PRD001,V005,2,4400.95,0.08,E-commerce,Concluída
PED000876,2025-06-17,CLI00766,PRD015,V004,2,1525.11,0.0,Televendas,Concluída
PED000877,2025-07-18,CLI02008,PRD002,V007,2,2932.0,0.0,E-commerce,Concluída
PED000878,2025-10-14,CLI00786,PRD017,V004,2,815.63,0.0,Loja Física,Concluída
PED000879,2025-04-03,CLI00364,PRD009,V009,2,2715.51,0.1,Televendas,Concluída
PED000880,2025-08-21,CLI01986,PRD001,V005,1,4314.87,0.0,Marketplace,Concluída
PED000881,2025-11-15,CLI01786,PRD017,V005,2,863.26,0.03,E-commerce,Concluída
PED000882,2025-07-28,CLI00451,PRD001,V007,2,4354.3,0.08,Marketplace,Concluída
PED000883,2025-06-12,CLI02462,PRD003,V002,1,1065.78,0.1,E-commerce,Concluída
PED000884,2025-02-22,CLI01636,PRD015,V006,3,1554.68,0.08,Marketplace,Concluída
PED000885,2025-04-01,CLI01355,PRD008,V008,1,2148.19,0.05,Loja Física,Concluída
PED000886,2025-12-12,CLI02471,PRD018,V008,1,977.74,0.0,E-commerce,Concluída
PED000887,2025-07-17,CLI01839,PRD011,V003,3,2857.29,0.0,Marketplace,Concluída
PED000888,2025-04-20,CLI01956,PRD011,V001,4,2945.71,0.0,Televendas,Concluída
PED000889,2025-06-02,CLI01428,PRD005,V002,1,339.95,0.03,E-commerce,Concluída
PED000890,2025-07-30,CLI00668,PRD002,V009,2,2973.07,0.03,Loja Física,Concluída
PED000891,2025-07-16,CLI00173,PRD020,V003,1,657.5,0.05,Televendas,Concluída
PED000892,2025-09-13,CLI00085,PRD002,V001,3,3037.1,0.03,E-commerce,Concluída
PED000893,2025-04-04,CLI00607,PRD009,V006,2,2844.79,0.08,E-commerce,Concluída
PED000894,2025-08-25,CLI00723,PRD005,V009,3,360.09,0.0,Loja Física,Concluída
PED000895,2025-06-11,CLI00792,PRD005,V003,1,356.07,0.15,Marketplace,Concluída
PED000896,2025-12-10,CLI00009,PRD010,V001,1,1632.41,0.08,E-commerce,Concluída
PED000897,2025-02-27,CLI00763,PRD015,V002,3,1594.7,0.03,Televendas,Concluída
PED000898,2025-02-24,CLI01464,PRD015,V002,1,1540.67,0.03,E-commerce,Concluída
PED000899,2025-06-18,CLI01298,PRD018,V003,1,953.6,0.15,Loja Física,Concluída
PED000900,2025-07-05,CLI01148,PRD005,V002,1,346.31,0.1,Marketplace,Concluída
PED000901,2025-09-10,CLI02237,PRD008,V007,2,2305.09,0.03,Loja Física,Concluída
PED000902,2025-05-28,CLI01503,PRD001,V003,1,4331.91,0.0,Loja Física,Concluída
PED000903,2025-11-30,CLI01444,PRD014,V006,2,1299.86,0.15,Televendas,Concluída
PED000904,2025-06-23,CLI01979,PRD006,V005,1,200.88,0.05,Televendas,Concluída
PED000905,2025-02-17,CLI02270,PRD009,V007,2,2855.51,0.05,Marketplace,Concluída
PED000906,2025-02-13,CLI00579,PRD003,V007,4,1015.11,0.0,Loja Física,Concluída
PED000907,2025-12-22,CLI02182,PRD016,V006,2,2395.74,0.08,Marketplace,Concluída
PED000908,2025-02-18,CLI00931,PRD016,V009,2,2323.34,0.05,E-commerce,Concluída
PED000909,2025-12-12,CLI02268,PRD018,V002,2,930.05,0.03,E-commerce,Concluída
PED000910,2025-04-12,CLI01153,PRD001,V006,1,4465.52,0.08,E-commerce,Concluída
PED000911,2025-02-04,CLI01736,PRD020,V004,3,631.7,0.03,E-commerce,Concluída
PED000912,2025-04-22,CLI01923,PRD005,V006,4,387.28,0.03,E-commerce,Concluída
PED000913,2025-08-13,CLI00989,PRD006,V002,3,194.37,0.05,E-commerce,Concluída
PED000914,2025-06-06,CLI01139,PRD005,V004,5,341.89,0.05,Loja Física,Concluída
PED000915,2025-10-14,CLI00869,PRD005,V010,2,375.87,0.15,Marketplace,Concluída
PED000916,2025-08-12,CLI00528,PRD009,V009,2,2854.81,0.05,Marketplace,Concluída
PED000917,2025-05-27,CLI02464,PRD004,V005,1,1613.48,0.03,E-commerce,Concluída
PED000918,2025-08-20,CLI02240,PRD007,V002,6,344.78,0.0,Televendas,Cancelada
PED000919,2025-12-21,CLI00201,PRD011,V007,2,2832.59,0.05,Marketplace,Concluída
PED000920,2025-05-31,CLI00157,PRD017,V004,1,806.26,0.0,Marketplace,Concluída
PED000921,2025-02-26,CLI02008,PRD013,V004,3,1136.97,0.05,Marketplace,Concluída
PED000922,2025-05-30,CLI01599,PRD010,V001,2,1578.16,0.03,E-commerce,Concluída
PED000923,2025-11-03,CLI01826,PRD003,V003,5,1076.75,0.03,Marketplace,Concluída
PED000924,2025-03-21,CLI00764,PRD016,V003,3,2374.27,0.0,Loja Física,Cancelada
PED000925,2025-12-13,CLI01474,PRD001,V001,4,4380.03,0.05,Televendas,Concluída
PED000926,2025-08-03,CLI01220,PRD005,V006,2,355.84,0.0,E-commerce,Concluída
PED000927,2025-08-08,CLI00082,PRD001,V010,2,4612.97,0.05,Marketplace,Concluída
PED000928,2025-04-26,CLI02418,PRD012,V002,3,5407.49,0.0,E-commerce,Concluída
PED000929,2025-12-02,CLI02418,PRD006,V001,1,193.29,0.1,Loja Física,Concluída
PED000930,2025-01-14,CLI01486,PRD011,V002,1,2981.9,0.05,Loja Física,Concluída
PED000931,2025-04-20,CLI00318,PRD006,V006,6,193.25,0.08,Loja Física,Concluída
PED000932,2025-06-02,CLI01682,PRD008,V009,4,2207.99,0.1,E-commerce,Concluída
PED000933,2025-06-24,CLI00590,PRD008,V004,5,2262.11,0.1,Loja Física,Concluída
PED000934,2025-06-23,CLI01630,PRD001,V002,1,4436.1,0.1,Televendas,Concluída
PED000935,2025-02-23,CLI00498,PRD008,V001,1,2372.0,0.0,Marketplace,Concluída
PED000936,2025-03-24,CLI01797,PRD011,V007,4,3085.53,0.03,E-commerce,Concluída
PED000937,2025-02-04,CLI01134,PRD009,V004,1,2730.79,0.08,Marketplace,Concluída
PED000938,2025-07-28,CLI01111,PRD002,V004,2,3067.74,0.05,E-commerce,Concluída
PED000939,2025-05-09,CLI02475,PRD012,V003,1,5367.58,0.05,Televendas,Concluída
PED000940,2025-07-26,CLI00043,PRD006,V009,4,191.97,0.05,Marketplace,Concluída
PED000941,2025-08-04,CLI02276,PRD001,V004,2,4302.2,0.0,Marketplace,Concluída
PED000942,2025-09-14,CLI02225,PRD003,V008,1,1018.76,0.0,Loja Física,Concluída
PED000943,2025-07-19,CLI02363,PRD008,V008,2,2204.78,0.05,Marketplace,Concluída
PED000944,2025-08-25,CLI01404,PRD006,V001,1,185.13,0.05,Marketplace,Concluída
PED000945,2025-08-03,CLI00010,PRD013,V003,3,1123.28,0.08,Loja Física,Concluída
PED000946,2025-08-27,CLI02284,PRD004,V009,2,1639.38,0.05,Loja Física,Concluída
PED000947,2025-08-14,CLI01686,PRD015,V009,2,1567.44,0.0,Marketplace,Concluída
PED000948,2025-04-26,CLI01842,PRD005,V005,2,351.37,0.0,Televendas,Concluída
PED000949,2025-03-31,CLI00641,PRD011,V002,1,3023.39,0.03,E-commerce,Concluída
PED000950,2025-10-15,CLI01883,PRD015,V003,1,1565.6,0.03,Loja Física,Concluída
PED000951,2025-05-06,CLI00409,PRD007,V010,5,336.63,0.08,E-commerce,Concluída
PED000952,2025-07-20,CLI01632,PRD001,V007,1,4181.76,0.05,Loja Física,Concluída
PED000953,2025-03-13,CLI01757,PRD009,V001,2,2897.61,0.1,Marketplace,Concluída
PED000954,2025-06-07,CLI02405,PRD020,V008,1,639.92,0.05,Loja Física,Concluída
PED000955,2025-07-13,CLI02195,PRD020,V002,6,649.55,0.0,E-commerce,Concluída
PED000956,2025-08-17,CLI01986,PRD004,V004,3,1610.11,0.05,E-commerce,Concluída
PED000957,2025-07-12,CLI01782,PRD014,V005,1,1361.86,0.0,Marketplace,Concluída
PED000958,2025-05-12,CLI01089,PRD006,V004,2,197.65,0.0,Televendas,Concluída
PED000959,2025-12-18,CLI01540,PRD003,V007,2,1026.53,0.05,E-commerce,Concluída
PED000960,2025-07-07,CLI00684,PRD012,V002,3,5579.85,0.03,Loja Física,Concluída
PED000961,2025-10-23,CLI01940,PRD008,V009,6,2319.48,0.0,Loja Física,Concluída
PED000962,2025-09-26,CLI00989,PRD009,V006,3,2969.81,0.08,E-commerce,Concluída
PED000963,2025-07-23,CLI02141,PRD017,V004,4,828.67,0.05,Loja Física,Concluída
PED000964,2025-11-20,CLI00455,PRD006,V010,2,202.06,0.0,E-commerce,Concluída
PED000965,2025-02-16,CLI00242,PRD012,V005,1,5284.73,0.08,E-commerce,Concluída
PED000966,2025-12-03,CLI00596,PRD006,V005,2,201.58,0.0,E-commerce,Concluída
PED000967,2025-11-07,CLI01112,PRD001,V001,3,4296.89,0.05,Loja Física,Concluída
PED000968,2025-07-03,CLI00407,PRD007,V010,1,348.75,0.05,Televendas,Concluída
PED000969,2025-09-25,CLI01358,PRD020,V009,2,669.45,0.05,Marketplace,Concluída
PED000970,2025-07-09,CLI00143,PRD008,V002,1,2278.59,0.08,E-commerce,Concluída
PED000971,2025-04-09,CLI01984,PRD002,V010,1,2990.12,0.03,E-commerce,Concluída
PED000972,2025-10-19,CLI00983,PRD012,V008,4,5496.84,0.0,E-commerce,Concluída
PED000973,2025-03-31,CLI02051,PRD020,V005,1,638.55,0.05,E-commerce,Concluída
PED000974,2025-04-25,CLI01899,PRD019,V010,3,1121.6,0.03,Marketplace,Concluída
PED000975,2025-07-09,CLI02256,PRD010,V006,1,1640.25,0.0,E-commerce,Concluída
PED000976,2025-11-02,CLI00174,PRD007,V007,2,323.38,0.03,Loja Física,Concluída
PED000977,2025-05-21,CLI01317,PRD010,V002,4,1681.03,0.0,Televendas,Cancelada
PED000978,2025-06-30,CLI01605,PRD016,V002,3,2395.36,0.03,E-commerce,Concluída
PED000979,2025-01-16,CLI00544,PRD017,V006,3,854.58,0.05,Loja Física,Concluída
PED000980,2025-02-12,CLI02450,PRD016,V004,1,2300.33,0.08,Loja Física,Concluída
PED000981,2025-01-21,CLI02202,PRD008,V010,1,2202.62,0.1,E-commerce,Concluída
PED000982,2025-01-27,CLI01136,PRD002,V001,3,2934.88,0.05,E-commerce,Concluída
PED000983,2025-11-14,CLI02404,PRD010,V008,3,1652.85,0.1,Televendas,Concluída
PED000984,2025-11-04,CLI00692,PRD003,V007,3,988.0,0.05,Loja Física,Concluída
PED000985,2025-10-27,CLI02408,PRD001,V009,3,4413.16,0.08,E-commerce,Concluída
PED000986,2025-01-21,CLI01556,PRD008,V010,1,2272.54,0.08,Loja Física,Concluída
PED000987,2025-01-29,CLI00053,PRD011,V009,1,3030.97,0.08,E-commerce,Concluída
PED000988,2025-04-13,CLI01710,PRD017,V004,5,868.63,0.08,Marketplace,Concluída
PED000989,2025-07-26,CLI02039,PRD015,V007,2,1541.72,0.1,Loja Física,Concluída
PED000990,2025-05-02,CLI00734,PRD017,V002,3,817.57,0.03,Televendas,Concluída
PED000991,2025-06-27,CLI01605,PRD014,V005,2,1314.68,0.15,Loja Física,Concluída
PED000992,2025-03-05,CLI00998,PRD013,V003,4,1122.91,0.03,Marketplace,Concluída
PED000993,2025-09-24,CLI02463,PRD001,V003,4,4398.97,0.0,E-commerce,Concluída
PED000994,2025-04-25,CLI02349,PRD011,V006,1,2980.32,0.0,E-commerce,Concluída
PED000995,2025-01-25,CLI01420,PRD002,V002,4,2946.57,0.05,Marketplace,Concluída
PED000996,2025-09-29,CLI01317,PRD001,V006,1,4419.75,0.0,E-commerce,Concluída
PED000997,2025-11-26,CLI00207,PRD003,V005,2,996.38,0.0,Marketplace,Concluída
PED000998,2025-01-06,CLI02468,PRD016,V003,4,2401.43,0.03,E-commerce,Concluída
PED000999,2025-06-09,CLI01641,PRD014,V006,1,1303.47,0.05,Marketplace,Concluída
PED001000,2025-10-29,CLI01273,PRD020,V008,1,614.26,0.0,Loja Física,Concluída
PED001001,2025-09-15,CLI00878,PRD020,V007,2,682.7,0.05,E-commerce,Concluída
PED001002,2025-11-09,CLI00410,PRD018,V001,6,972.67,0.05,Marketplace,Concluída
PED001003,2025-06-01,CLI00556,PRD002,V006,1,3001.68,0.08,E-commerce,Cancelada
PED001004,2025-05-16,CLI01998,PRD018,V007,2,924.08,0.05,Marketplace,Concluída
PED001005,2025-09-16,CLI00703,PRD017,V007,2,866.95,0.0,Televendas,Concluída
PED001006,2025-02-26,CLI02147,PRD018,V005,1,990.87,0.15,Loja Física,Concluída
PED001007,2025-03-29,CLI02498,PRD003,V001,3,1030.58,0.1,Marketplace,Concluída
PED001008,2025-08-08,CLI00077,PRD002,V002,2,3060.26,0.03,Marketplace,Concluída
PED001009,2025-09-01,CLI02020,PRD020,V004,3,665.06,0.0,Loja Física,Concluída
PED001010,2025-02-13,CLI00584,PRD003,V007,3,1049.35,0.05,Loja Física,Concluída
PED001011,2025-07-05,CLI01260,PRD006,V008,6,186.17,0.1,Loja Física,Concluída
PED001012,2025-05-14,CLI01126,PRD008,V007,3,2203.11,0.08,Marketplace,Concluída
PED001013,2025-07-03,CLI00854,PRD002,V004,1,3119.91,0.1,Televendas,Devolvida
PED001014,2025-12-16,CLI02301,PRD001,V005,3,4375.82,0.15,Televendas,Concluída
PED001015,2025-01-28,CLI00537,PRD020,V001,2,647.55,0.08,E-commerce,Concluída
PED001016,2025-12-30,CLI02211,PRD018,V008,1,949.24,0.0,E-commerce,Concluída
PED001017,2025-06-14,CLI02171,PRD019,V004,2,1073.54,0.0,Loja Física,Concluída
PED001018,2025-10-09,CLI01635,PRD005,V006,3,371.3,0.0,Televendas,Concluída
PED001019,2025-06-04,CLI01824,PRD004,V005,1,1665.53,0.0,Televendas,Devolvida
PED001020,2025-04-24,CLI01909,PRD007,V003,2,348.8,0.0,E-commerce,Concluída
PED001021,2025-10-09,CLI01708,PRD008,V002,2,2299.7,0.03,Loja Física,Concluída
PED001022,2025-09-08,CLI00362,PRD001,V010,1,4435.24,0.08,Televendas,Devolvida
PED001023,2025-02-22,CLI00930,PRD015,V002,4,1567.34,0.0,Marketplace,Concluída
PED001024,2025-09-15,CLI01419,PRD020,V010,1,626.71,0.08,Televendas,Concluída
PED001025,2025-10-02,CLI01212,PRD009,V002,3,2761.13,0.1,E-commerce,Concluída
PED001026,2025-05-22,CLI01957,PRD007,V001,3,353.22,0.0,E-commerce,Concluída
PED001027,2025-12-04,CLI02370,PRD007,V010,2,341.7,0.0,E-commerce,Concluída
PED001028,2025-08-22,CLI00589,PRD002,V010,2,3029.36,0.03,E-commerce,Concluída
PED001029,2025-05-02,CLI02033,PRD005,V009,1,362.45,0.1,Televendas,Concluída
PED001030,2025-01-04,CLI00314,PRD008,V008,1,2283.25,0.08,Loja Física,Concluída
PED001031,2025-09-04,CLI02417,PRD008,V005,0,2287.98,0.0,E-commerce,Concluída
PED001032,2025-03-18,CLI01500,PRD009,V002,1,2912.65,0.05,Televendas,Concluída
PED001033,2025-10-04,CLI02402,PRD017,V006,3,837.28,0.08,Loja Física,Concluída
PED001034,2025-07-11,CLI02300,PRD004,V006,2,1652.85,0.0,E-commerce,Concluída
PED001035,2025-06-20,CLI00056,PRD001,V008,1,4286.29,0.05,Marketplace,Concluída
PED001036,2025-03-01,CLI02435,PRD001,V001,1,4392.97,0.05,E-commerce,Concluída
PED001037,2025-09-17,CLI02459,PRD002,V001,4,2905.12,0.0,E-commerce,Concluída
PED001038,2025-03-02,CLI01066,PRD010,V006,1,1637.83,0.1,Marketplace,Concluída
PED001039,2025-06-02,CLI01128,PRD016,V009,3,2307.86,0.0,Loja Física,Concluída
PED001040,2025-11-02,CLI01169,PRD018,V010,1,969.99,0.08,Marketplace,Devolvida
PED001041,2025-12-02,CLI01375,PRD011,V006,5,2990.46,0.08,Televendas,Concluída
PED001042,2025-12-28,CLI01566,PRD007,V004,2,342.63,0.0,Loja Física,Concluída
PED001043,2025-12-16,CLI00201,PRD003,V005,2,1086.51,0.08,Loja Física,Concluída
PED001044,2025-07-22,CLI00095,PRD007,V006,2,348.78,0.0,Loja Física,Concluída
PED001045,2025-03-15,CLI00158,PRD006,V007,1,195.71,0.0,Marketplace,Concluída
PED001046,2025-11-03,CLI01357,PRD018,V003,3,967.31,0.0,E-commerce,Concluída
PED001047,2025-10-20,CLI01397,PRD008,V004,1,2289.84,0.1,E-commerce,Concluída
PED001048,2025-12-28,CLI01570,PRD004,V006,1,1633.66,0.1,Marketplace,Concluída
PED001049,2025-08-26,CLI00619,PRD005,V009,1,349.43,0.0,E-commerce,Concluída
PED001050,2025-02-21,CLI00313,PRD003,V009,2,1052.23,0.03,E-commerce,Concluída
PED001051,2025-07-03,CLI00688,PRD019,V008,4,1057.98,0.15,Marketplace,Concluída
PED001052,2025-06-13,CLI02073,PRD001,V003,1,4425.77,0.05,E-commerce,Concluída
PED001053,2025-11-04,CLI01123,PRD001,V005,4,4486.93,0.0,Marketplace,Cancelada
PED001054,2025-05-24,CLI01339,PRD003,V006,3,1043.5,0.03,E-commerce,Concluída
PED001055,2025-04-30,CLI00270,PRD016,V010,1,2210.13,0.03,E-commerce,Concluída
PED001056,2025-01-30,CLI02172,PRD009,V004,1,2735.18,0.03,Loja Física,Concluída
PED001057,2025-11-01,CLI00439,PRD011,V010,1,2977.78,0.05,Marketplace,Concluída
PED001058,2025-10-03,CLI01387,PRD006,V008,1,184.76,0.08,E-commerce,Concluída
PED001059,2025-01-16,CLI02486,PRD001,V007,3,4433.41,0.05,Marketplace,Concluída
PED001060,2025-06-08,CLI00771,PRD017,V008,2,874.68,0.03,E-commerce,Concluída
PED001061,2025-06-25,CLI01172,PRD003,V008,1,1065.13,0.08,Marketplace,Concluída
PED001062,2025-06-21,CLI00937,PRD001,V007,3,4340.47,0.05,Loja Física,Concluída
PED001063,2025-12-02,CLI00728,PRD010,V007,1,1662.71,0.08,Marketplace,Concluída
PED001064,2025-02-24,CLI02388,PRD002,V004,4,3009.29,0.0,E-commerce,Concluída
PED001065,2025-04-22,CLI01831,PRD002,V005,2,2883.43,0.03,Loja Física,Concluída
PED001066,2025-03-08,CLI01128,PRD015,V006,1,1599.34,0.03,E-commerce,Concluída
PED001067,2025-03-31,CLI01505,PRD008,V009,2,2347.27,0.03,Loja Física,Concluída
PED001068,2025-11-28,CLI01272,PRD004,V007,1,1633.06,0.05,Loja Física,Concluída
PED001069,2025-12-10,CLI02376,PRD006,V010,6,194.36,0.05,E-commerce,Concluída
PED001070,2025-01-17,CLI01897,PRD013,V007,2,1105.51,0.03,Televendas,Concluída
PED001071,2025-08-19,CLI00792,PRD001,V005,4,4508.49,0.05,Marketplace,Concluída
PED001072,2025-03-26,CLI02038,PRD002,V006,6,3080.94,0.08,Televendas,Concluída
PED001073,2025-03-12,CLI01032,PRD010,V007,2,1686.9,0.05,Loja Física,Concluída
PED001074,2025-04-17,CLI02301,PRD010,V009,3,1579.23,0.08,Loja Física,Cancelada
PED001075,2025-03-12,CLI00053,PRD020,V003,2,652.58,0.1,Loja Física,Concluída
PED001076,2025-06-28,CLI01732,PRD007,V003,1,347.5,0.08,Marketplace,Concluída
PED001077,2025-12-30,CLI01584,PRD001,V003,5,4480.22,0.0,Televendas,Concluída
PED001078,2025-08-03,CLI00745,PRD009,V001,2,2899.64,0.08,E-commerce,Concluída
PED001079,2025-09-21,CLI01542,PRD011,V007,4,3050.4,0.03,E-commerce,Concluída
PED001080,2025-06-30,CLI00374,PRD003,V010,2,988.41,0.05,Loja Física,Concluída
PED001081,2025-01-06,CLI00401,PRD009,V007,1,2902.7,0.15,E-commerce,Concluída
PED001082,2025-01-31,CLI01148,PRD003,V001,1,1048.14,0.0,Televendas,Concluída
PED001083,2025-04-09,CLI02112,PRD017,V004,1,872.93,0.0,E-commerce,Concluída
PED001084,2025-03-30,CLI00236,PRD017,V010,1,886.57,0.0,E-commerce,Concluída
PED001085,2025-11-03,CLI00632,PRD008,V001,3,2218.05,0.15,E-commerce,Concluída
PED001086,2025-11-04,CLI02286,PRD020,V007,1,670.52,0.03,E-commerce,Concluída
PED001087,2025-11-08,CLI01105,PRD020,V005,5,659.31,0.08,E-commerce,Concluída
PED001088,2025-08-21,CLI02450,PRD002,V010,2,2979.65,0.0,Marketplace,Concluída
PED001089,2025-07-23,CLI00516,PRD006,V006,2,192.36,0.0,E-commerce,Concluída
PED001090,2025-08-25,CLI01303,PRD010,V006,1,1652.75,0.0,Loja Física,Concluída
PED001091,2025-05-29,CLI00893,PRD002,V008,1,3015.04,0.08,E-commerce,Concluída
PED001092,2025-09-02,CLI00097,PRD007,V009,2,344.9,0.0,Loja Física,Concluída
PED001093,2025-10-17,CLI02235,PRD005,V006,1,354.9,0.1,Loja Física,Concluída
PED001094,2025-10-06,CLI00740,PRD020,V008,2,655.99,0.05,Loja Física,Concluída
PED001095,2025-08-13,CLI00181,PRD007,V009,2,338.51,0.1,Marketplace,Concluída
PED001096,2025-01-22,CLI00971,PRD014,V006,1,1383.06,0.03,Loja Física,Concluída
PED001097,2025-09-22,CLI01321,PRD007,V008,2,356.6,0.05,Televendas,Cancelada
PED001098,2025-05-14,CLI00977,PRD002,V004,1,2932.84,,E-commerce,Concluída
PED001099,2025-09-29,CLI00781,PRD017,V004,1,854.94,0.03,E-commerce,Concluída
PED001100,2025-07-16,CLI01758,PRD001,V001,3,4472.96,0.05,Marketplace,Concluída
PED001101,2025-11-18,CLI01756,PRD001,V007,1,4396.95,0.0,Loja Física,Concluída
PED001102,2025-05-04,CLI02454,PRD006,V003,1,190.17,0.15,Televendas,Cancelada
PED001103,2025-12-06,CLI00331,PRD012,V009,2,5629.53,0.0,E-commerce,Concluída
PED001104,2025-11-05,CLI00062,PRD006,V010,2,193.85,0.0,Loja Física,Concluída
PED001105,2025-05-01,CLI02145,PRD001,V009,5,4388.72,0.05,Televendas,Concluída
PED001106,2025-06-26,CLI02414,PRD006,V003,3,191.94,0.05,Loja Física,Concluída
PED001107,2025-07-13,CLI01643,PRD005,V007,3,367.71,0.0,Loja Física,Concluída
PED001108,2025-10-08,CLI02293,PRD001,V008,2,4320.86,0.15,Marketplace,Concluída
PED001109,2025-09-09,CLI01517,PRD009,V006,1,2927.18,0.0,E-commerce,Concluída
PED001110,2025-11-07,CLI02141,PRD002,V006,1,2977.58,0.05,Marketplace,Concluída
PED001111,2025-05-16,CLI01207,PRD005,V005,3,356.21,0.0,Loja Física,Concluída
PED001112,2025-07-04,CLI01091,PRD011,V004,2,2966.73,0.0,Televendas,Concluída
PED001113,2025-06-07,CLI01400,PRD013,V006,1,1056.28,0.05,E-commerce,Concluída
PED001114,2025-11-28,CLI00979,PRD005,V010,2,376.76,0.08,Loja Física,Concluída
PED001115,2025-04-22,CLI00959,PRD006,V003,3,197.74,0.05,Televendas,Concluída
PED001116,2025-08-03,CLI01199,PRD005,V001,2,355.45,0.0,Marketplace,Concluída
PED001117,2025-02-13,CLI01598,PRD020,V001,1,639.7,0.0,Marketplace,Concluída
PED001118,2025-11-07,CLI01634,PRD003,V006,4,1036.2,0.1,E-commerce,Concluída
PED001119,2025-05-21,CLI00046,PRD003,V003,1,1061.53,0.0,Marketplace,Concluída
PED001120,2025-05-05,CLI00658,PRD008,V005,5,2217.69,0.05,Loja Física,Concluída
PED001121,2025-08-01,CLI00641,PRD003,V010,2,1026.19,0.0,E-commerce,Concluída
PED001122,2025-07-02,CLI01001,PRD003,V001,5,1034.46,0.0,E-commerce,Concluída
PED001123,2025-11-06,CLI01594,PRD002,V002,4,3109.1,0.0,E-commerce,Concluída
PED001124,2025-07-13,CLI02399,PRD011,V003,1,3009.82,0.0,Loja Física,Cancelada
PED001125,2025-07-08,CLI01799,PRD010,V005,3,1710.06,0.05,Marketplace,Concluída
PED001126,2025-02-08,CLI00184,PRD011,V007,1,2938.75,0.03,Loja Física,Concluída
PED001127,2025-01-09,CLI01700,PRD015,V002,1,1626.34,0.08,E-commerce,Concluída
PED001128,2025-05-26,CLI00507,PRD006,V002,1,203.07,0.0,E-commerce,Concluída
PED001129,2025-12-31,CLI01779,PRD019,V001,2,1109.93,0.03,Loja Física,Concluída
PED001130,2025-12-01,CLI00104,PRD014,V009,1,1368.31,0.03,E-commerce,Concluída
PED001131,2025-08-18,CLI00884,PRD016,V001,2,2311.69,0.0,Loja Física,Concluída
PED001132,2025-08-19,CLI01483,PRD013,V007,6,1135.04,0.0,Loja Física,Concluída
PED001133,2025-05-23,CLI00519,PRD006,V006,4,195.62,0.0,Marketplace,Concluída
PED001134,2025-03-06,CLI01300,PRD005,V002,1,365.6,0.0,E-commerce,Devolvida
PED001135,2025-01-04,CLI01078,PRD007,V006,2,347.77,0.03,E-commerce,Concluída
PED001136,2025-05-04,CLI00164,PRD002,V003,1,2891.03,0.0,Loja Física,Concluída
PED001137,2025-04-26,CLI00912,PRD008,V006,1,2265.52,0.03,E-commerce,Concluída
PED001138,2025-03-11,CLI01155,PRD001,V002,4,4389.03,0.03,Loja Física,Concluída
PED001139,2025-04-05,CLI01419,PRD001,V007,6,4354.45,0.03,Loja Física,Concluída
PED001140,2025-01-10,CLI00489,PRD020,V008,1,645.52,0.0,E-commerce,Concluída
PED001141,2025-08-10,CLI02032,PRD013,V001,1,1125.94,0.05,Marketplace,Cancelada
PED001142,2025-12-05,CLI01616,PRD009,V006,1,2803.54,0.03,Loja Física,Concluída
PED001143,2025-09-10,CLI01928,PRD006,V007,2,190.59,0.15,Loja Física,Concluída
PED001144,2025-06-13,CLI02021,PRD010,V001,1,1620.57,0.0,Marketplace,Concluída
PED001145,2025-06-03,CLI01902,PRD018,V008,1,987.44,0.0,Loja Física,Concluída
PED001146,2025-04-23,CLI00268,PRD011,V006,1,2998.26,0.08,Loja Física,Concluída
PED001147,2025-02-21,CLI00953,PRD010,V004,1,1669.6,0.0,Televendas,Concluída
PED001148,2025-08-07,CLI01888,PRD008,V005,3,2320.13,0.0,Loja Física,Concluída
PED001149,2025-07-26,CLI00963,PRD006,V007,3,198.09,0.1,Marketplace,Concluída
PED001150,2025-01-03,CLI01103,PRD013,V007,2,1071.37,0.05,Marketplace,Concluída
PED001151,2025-06-01,CLI01011,PRD020,V008,2,630.88,0.05,E-commerce,Concluída
PED001152,2025-04-12,CLI01283,PRD007,V001,3,331.19,0.0,E-commerce,Concluída
PED001153,2025-03-04,CLI00078,PRD007,V008,1,340.04,0.0,E-commerce,Concluída
PED001154,2025-09-14,CLI01124,PRD008,V001,4,2313.13,0.0,Loja Física,Concluída
PED001155,2025-07-11,CLI01591,PRD007,V007,1,344.01,0.08,Loja Física,Concluída
PED001156,2025-08-20,CLI01792,PRD020,V004,4,646.52,0.03,Televendas,Concluída
PED001157,2025-09-18,CLI01501,PRD013,V001,1,1056.79,0.05,Loja Física,Concluída
PED001158,2025-12-25,CLI01781,PRD006,V007,3,209.52,0.1,Marketplace,Concluída
PED001159,2025-10-21,CLI00164,PRD006,V006,1,192.77,0.15,E-commerce,Concluída
PED001160,2025-08-15,CLI01468,PRD008,V007,3,2275.26,0.0,E-commerce,Concluída
PED001161,2025-11-17,CLI01651,PRD001,V004,2,4476.33,0.05,E-commerce,Concluída
PED001162,2025-06-24,CLI00566,PRD009,V003,1,2865.77,0.05,E-commerce,Concluída
PED001163,2025-12-26,CLI00983,PRD016,V007,3,2299.23,0.08,E-commerce,Concluída
PED001164,2025-10-05,CLI00951,PRD012,V003,1,5621.8,0.1,E-commerce,Concluída
PED001165,2025-08-26,CLI00125,PRD003,V009,2,1001.05,0.08,Marketplace,Concluída
PED001166,2025-11-26,CLI02036,PRD013,V007,1,1132.7,0.05,Marketplace,Concluída
PED001167,2025-07-08,CLI01445,PRD013,V010,3,1093.09,0.0,Loja Física,Concluída
PED001168,2025-09-21,CLI00783,PRD005,V001,4,358.27,0.05,Loja Física,Concluída
PED001169,2025-04-14,CLI02395,PRD011,V006,2,2832.49,0.05,Marketplace,Concluída
PED001170,2025-12-18,CLI02296,PRD010,V006,3,1597.31,0.05,Loja Física,Concluída
PED001171,2025-08-16,CLI00169,PRD017,V009,4,852.55,0.05,Marketplace,Concluída
PED001172,2025-10-13,CLI00720,PRD003,V005,2,1084.75,0.03,Loja Física,Concluída
PED001173,2025-06-18,CLI02361,PRD003,V010,1,1041.77,0.05,Loja Física,Concluída
PED001174,2025-11-13,CLI01376,PRD008,V003,2,2288.1,0.15,Loja Física,Concluída
PED001175,2025-01-28,CLI01012,PRD001,V009,1,4408.98,0.03,Loja Física,Cancelada
PED001176,2025-02-11,CLI01529,PRD007,V006,2,362.19,0.08,Marketplace,Concluída
PED001177,2025-07-05,CLI01951,PRD015,V010,1,1552.77,0.05,E-commerce,Concluída
PED001178,2025-09-25,CLI00422,PRD003,V003,3,1076.28,0.03,Televendas,Concluída
PED001179,2025-10-23,CLI00586,PRD008,V003,2,2245.82,0.03,E-commerce,Concluída
PED001180,2025-06-10,CLI01232,PRD020,V006,2,634.78,0.05,Marketplace,Concluída
PED001181,2025-08-26,CLI00473,PRD008,V006,1,2263.91,0.08,Marketplace,Concluída
PED001182,2025-07-21,CLI00653,PRD008,V002,1,2263.63,0.0,E-commerce,Concluída
PED001183,2025-12-17,CLI00341,PRD009,V007,3,2902.96,0.1,Marketplace,Concluída
PED001184,2025-08-27,CLI00598,PRD003,V005,2,975.56,0.08,E-commerce,Concluída
PED001185,2025-06-02,CLI01492,PRD003,V002,5,1039.57,0.03,E-commerce,Concluída
PED001186,2025-12-20,CLI01220,PRD012,V006,2,5427.92,0.0,E-commerce,Concluída
PED001187,2025-02-09,CLI01473,PRD007,V007,1,335.79,0.0,E-commerce,Concluída
PED001188,2025-12-26,CLI00745,PRD005,V001,2,348.87,0.0,Loja Física,Concluída
PED001189,2025-02-26,CLI01873,PRD001,V010,2,4327.0,0.0,E-commerce,Concluída
PED001190,2025-04-16,CLI01483,PRD017,V007,1,842.63,0.0,Televendas,Concluída
PED001191,2025-10-27,CLI00059,PRD001,V003,2,4320.25,0.15,Marketplace,Concluída
PED001192,2025-09-25,CLI01773,PRD014,V008,1,1287.25,0.05,Marketplace,Concluída
PED001193,2025-12-21,CLI01647,PRD007,V009,1,342.82,0.08,Marketplace,Concluída
PED001194,2025-10-01,CLI01821,PRD010,V010,1,1612.13,0.05,E-commerce,Concluída
PED001195,2025-08-21,CLI01464,PRD005,V008,2,345.81,0.05,Marketplace,Concluída
PED001196,2025-05-07,CLI00523,PRD003,V003,3,1021.55,0.1,E-commerce,Concluída
PED001197,2025-01-02,CLI01990,PRD009,V002,1,2807.34,0.0,Televendas,Concluída
PED001198,2025-02-15,CLI00842,PRD013,V003,3,1086.55,0.05,E-commerce,Concluída
PED001199,2025-04-19,CLI00557,PRD003,V009,3,1021.2,0.1,E-commerce,Concluída
PED001200,2025-01-15,CLI02425,PRD008,V004,1,2186.22,0.1,E-commerce,Devolvida
PED001201,2025-07-05,CLI01456,PRD008,V004,1,2218.04,0.03,Loja Física,Concluída
PED001202,2025-10-11,CLI02290,PRD004,V009,1,1536.09,0.1,Loja Física,Concluída
PED001203,2025-12-18,CLI00907,PRD009,V003,1,2944.12,0.05,Televendas,Concluída
PED001204,2025-06-28,CLI02301,PRD003,V005,5,1069.35,0.0,E-commerce,Concluída
PED001205,2025-11-16,CLI02431,PRD009,V003,3,2964.29,0.0,Loja Física,Concluída
PED001206,2025-12-26,CLI01522,PRD002,V004,1,2949.51,0.03,Televendas,Concluída
PED001207,2025-11-10,CLI00771,PRD008,V006,2,2341.98,0.0,Televendas,Concluída
PED001208,2025-06-19,CLI01399,PRD006,V008,1,198.83,0.0,Marketplace,Concluída
PED001209,2025-04-29,CLI01476,PRD008,V003,1,2221.8,0.0,Loja Física,Concluída
PED001210,2025-12-23,CLI01331,PRD008,V001,1,2232.78,0.08,Loja Física,Concluída
PED001211,2025-03-30,CLI00798,PRD019,V007,1,1086.24,0.1,Marketplace,Concluída
PED001212,2025-05-31,CLI01826,PRD008,V006,1,2274.23,0.1,Loja Física,Concluída
PED001213,2025-01-28,CLI01798,PRD016,V007,1,2367.86,0.05,Loja Física,Concluída
PED001214,2025-10-17,CLI00116,PRD004,V005,1,1605.32,0.1,Loja Física,Concluída
PED001215,2025-08-26,CLI01579,PRD006,V008,2,195.12,0.05,Marketplace,Concluída
PED001216,2025-01-31,CLI00402,PRD002,V007,2,3094.85,0.03,E-commerce,Concluída
PED001217,2025-03-23,CLI02399,PRD007,V008,1,341.01,0.03,Televendas,Concluída
PED001218,2025-07-22,CLI00677,PRD012,V008,2,5486.84,0.0,Marketplace,Concluída
PED001219,2025-07-17,CLI01517,PRD017,V005,1,849.02,0.05,Televendas,Concluída
PED001220,2025-10-20,CLI01610,PRD009,V004,5,2854.64,0.03,Loja Física,Concluída
PED001221,2025-04-08,CLI01968,PRD011,V006,1,2836.45,0.15,E-commerce,Cancelada
PED001222,2025-12-04,CLI00662,PRD003,V007,2,1009.77,0.0,E-commerce,Concluída
PED001223,2025-06-12,CLI02052,PRD001,V006,1,4633.86,0.0,Televendas,Concluída
PED001224,2025-10-28,CLI00352,PRD015,V006,1,1505.32,0.03,E-commerce,Concluída
PED001225,2025-03-29,CLI00026,PRD003,V004,2,1042.78,0.0,E-commerce,Concluída
PED001226,2025-01-14,CLI00244,PRD002,V002,3,3019.3,0.15,E-commerce,Concluída
PED001227,2025-01-21,CLI00113,PRD020,V005,6,662.51,0.05,E-commerce,Concluída
PED001228,2025-05-17,CLI02241,PRD020,V009,2,652.07,0.03,Loja Física,Concluída
PED001229,2025-12-14,CLI00201,PRD010,V008,1,1722.43,0.05,E-commerce,Concluída
PED001230,2025-01-18,CLI01690,PRD007,V008,3,344.03,0.03,E-commerce,Concluída
PED001231,2025-05-15,CLI01326,PRD017,V008,1,882.43,0.0,E-commerce,Concluída
PED001232,2025-02-09,CLI01053,PRD004,V010,2,1647.13,0.03,Loja Física,Concluída
PED001233,2025-12-07,CLI00421,PRD008,V003,3,2355.87,0.0,E-commerce,Concluída
PED001234,2025-09-04,CLI00246,PRD006,V008,1,196.95,0.05,Loja Física,Concluída
PED001235,2025-10-06,CLI01242,PRD019,V001,2,1101.78,0.08,Loja Física,Concluída
PED001236,2025-09-18,CLI01591,PRD019,V003,1,1080.86,0.0,E-commerce,Concluída
PED001237,2025-08-28,CLI01601,PRD011,V001,1,2948.2,0.05,Loja Física,Cancelada
PED001238,2025-10-10,CLI01552,PRD002,V005,6,3009.75,0.08,E-commerce,Concluída
PED001239,2025-01-03,CLI01001,PRD008,V002,1,2150.61,0.03,E-commerce,Concluída
PED001240,2025-11-12,CLI00019,PRD005,V004,1,359.26,0.05,E-commerce,Concluída
PED001241,2025-09-28,CLI02011,PRD018,V002,2,990.97,0.03,Loja Física,Concluída
PED001242,2025-09-27,CLI00804,PRD003,V001,1,1000.78,0.03,Loja Física,Concluída
PED001243,2025-05-24,CLI01661,PRD001,V005,1,4259.15,0.03,E-commerce,Concluída
PED001244,2025-10-20,CLI01916,PRD013,V005,1,1116.79,0.0,Loja Física,Concluída
PED001245,2025-05-20,CLI02484,PRD008,V005,2,2344.59,0.05,Loja Física,Concluída
PED001246,2025-01-18,CLI02162,PRD017,V004,2,840.41,0.08,Marketplace,Concluída
PED001247,2025-11-28,CLI02178,PRD002,V005,3,3006.68,0.03,Loja Física,Concluída
PED001248,2025-03-27,CLI00635,PRD016,V001,1,2341.99,0.1,E-commerce,Concluída
PED001249,2025-02-07,CLI01579,PRD001,V005,5,4495.32,0.0,Loja Física,Concluída
PED001250,2025-08-15,CLI01116,PRD001,V009,1,4308.6,0.03,Loja Física,Concluída
PED001251,2025-03-27,CLI01233,PRD008,V002,1,2246.95,0.05,Marketplace,Concluída
PED001252,2025-11-10,CLI01933,PRD004,V002,5,1659.2,0.05,Marketplace,Concluída
PED001253,2025-06-11,CLI02370,PRD010,V008,3,1603.43,0.1,Loja Física,Concluída
PED001254,2025-01-02,CLI01492,PRD001,V006,1,4312.47,0.03,Loja Física,Concluída
PED001255,2025-12-14,CLI00317,PRD001,V003,1,4381.34,0.03,E-commerce,Concluída
PED001256,2025-07-07,CLI00883,PRD013,V008,3,1126.78,0.05,E-commerce,Concluída
PED001257,2025-04-06,CLI00538,PRD004,V004,1,1557.49,0.05,E-commerce,Concluída
PED001258,2025-09-05,CLI02429,PRD011,V007,1,2884.3,0.08,Loja Física,Concluída
PED001259,2025-07-13,CLI02417,PRD014,V006,2,1362.12,0.08,Televendas,Concluída
PED001260,2025-01-11,CLI01276,PRD001,V002,3,4448.38,0.0,Marketplace,Concluída
PED001261,2025-10-05,CLI00492,PRD014,V008,2,1349.34,0.08,E-commerce,Concluída
PED001262,2025-05-27,CLI01566,PRD005,V007,2,359.5,0.08,Televendas,Concluída
PED001263,2025-09-13,CLI02347,PRD007,V003,5,343.09,0.05,Loja Física,Concluída
PED001264,2025-11-23,CLI01260,PRD002,V008,1,2880.85,0.03,Loja Física,Concluída
PED001265,2025-08-11,CLI00575,PRD017,V007,3,855.82,0.1,E-commerce,Concluída
PED001266,2025-09-03,CLI00322,PRD009,V009,1,2968.81,0.08,Loja Física,Cancelada
PED001267,2025-04-03,CLI01505,PRD008,V009,3,2193.55,0.0,Loja Física,Concluída
PED001268,2025-03-28,CLI01365,PRD020,V004,2,633.48,0.03,Televendas,Concluída
PED001269,2025-06-01,CLI00857,PRD006,V010,1,194.88,0.08,Marketplace,Concluída
PED001270,2025-11-08,CLI00701,PRD018,V001,2,961.31,0.1,E-commerce,Concluída
PED001271,2025-07-11,CLI01908,PRD013,V004,4,1135.4,0.05,E-commerce,Concluída
PED001272,2025-05-08,CLI00060,PRD020,V007,2,631.1,0.1,Loja Física,Concluída
PED001273,2025-10-12,CLI01792,PRD019,V006,1,1060.06,0.03,Loja Física,Cancelada
PED001274,2025-11-08,CLI00405,PRD020,V003,1,658.61,0.03,E-commerce,Cancelada
PED001275,2025-11-26,CLI02450,PRD002,V002,2,2945.25,0.05,E-commerce,Concluída
PED001276,2025-04-20,CLI02316,PRD015,V008,2,1601.02,0.0,E-commerce,Concluída
PED001277,2025-09-17,CLI00216,PRD016,V009,1,2335.01,0.0,E-commerce,Concluída
PED001278,2025-08-04,CLI02002,PRD011,V007,1,2970.17,0.08,Televendas,Concluída
PED001279,2025-06-13,CLI01479,PRD005,V006,3,346.42,0.0,Loja Física,Concluída
PED001280,2025-05-25,CLI00056,PRD020,V008,1,653.51,0.0,Loja Física,Concluída
PED001281,2025-02-11,CLI00825,PRD004,V003,1,1614.13,0.0,Loja Física,Concluída
PED001282,2025-04-11,CLI01524,PRD008,V010,1,2253.94,0.0,Televendas,Concluída
PED001283,2025-07-20,CLI00356,PRD009,V002,2,2774.51,0.0,E-commerce,Concluída
PED001284,2025-11-20,CLI01472,PRD003,V006,5,1041.35,0.03,E-commerce,Concluída
PED001285,2025-11-13,CLI00801,PRD013,V004,2,1105.08,0.1,Televendas,Concluída
PED001286,2025-03-10,CLI01178,PRD002,V010,1,2953.91,0.05,E-commerce,Concluída
PED001287,2025-09-05,CLI00372,PRD013,V003,3,1071.55,0.05,E-commerce,Concluída
PED001288,2025-01-31,CLI00361,PRD017,V007,1,870.6,0.0,Loja Física,Cancelada
PED001289,2025-09-04,CLI02350,PRD006,V002,5,205.25,0.0,E-commerce,Concluída
PED001290,2025-05-05,CLI02340,PRD013,V002,1,1110.93,0.1,Marketplace,Concluída
PED001291,2025-06-14,CLI02026,PRD003,V005,4,1041.68,0.05,Televendas,Concluída
PED001292,2025-09-19,CLI01301,PRD017,V008,4,848.47,0.08,Loja Física,Concluída
PED001293,2025-06-05,CLI02318,PRD020,V003,4,645.71,0.03,Marketplace,Concluída
PED001294,2025-10-22,CLI01833,PRD003,V007,1,1001.42,0.05,Loja Física,Concluída
PED001295,2025-07-14,CLI01357,PRD013,V006,3,1081.24,0.05,Marketplace,Concluída
PED001296,2025-12-31,CLI02124,PRD008,V010,3,2331.93,0.0,Loja Física,Concluída
PED001297,2025-08-21,CLI02162,PRD009,V004,1,2865.58,0.08,Loja Física,Concluída
PED001298,2025-04-19,CLI02408,PRD013,V003,2,1068.46,0.03,E-commerce,Concluída
PED001299,2025-10-10,CLI02487,PRD008,V010,2,2227.7,0.03,Marketplace,Concluída
PED001300,2025-05-29,CLI00274,PRD010,V004,5,1643.37,0.0,Loja Física,Concluída
PED001301,2025-07-14,CLI02450,PRD004,V003,3,1555.84,0.05,Loja Física,Concluída
PED001302,2025-02-19,CLI00961,PRD007,V009,1,334.21,0.08,Loja Física,Concluída
PED001303,2025-02-13,CLI01643,PRD018,V009,2,1006.55,0.03,Televendas,Concluída
PED001304,2025-07-29,CLI01314,PRD002,V001,1,2916.12,0.15,E-commerce,Concluída
PED001305,2025-03-10,CLI00780,PRD010,V009,1,1611.72,0.0,Televendas,Concluída
PED001306,2025-12-31,CLI01446,PRD003,V007,3,1043.28,0.1,Loja Física,Concluída
PED001307,2025-11-09,CLI01458,PRD017,V003,2,844.23,0.08,E-commerce,Concluída
PED001308,2025-09-13,CLI02276,PRD010,V006,3,1648.32,0.1,E-commerce,Cancelada
PED001309,2025-09-26,CLI02460,PRD007,V003,2,349.36,0.08,Loja Física,Concluída
PED001310,2025-08-06,CLI01204,PRD005,V002,1,346.61,0.05,E-commerce,Concluída
PED001311,2025-01-23,CLI00135,PRD008,V002,3,2311.19,0.03,E-commerce,Concluída
PED001312,2025-05-24,CLI01916,PRD020,V002,1,636.74,0.08,Loja Física,Concluída
PED001313,2025-06-30,CLI02205,PRD008,V006,6,2252.2,0.08,E-commerce,Concluída
PED001314,2025-12-01,CLI01125,PRD008,V009,5,2377.42,0.05,E-commerce,Concluída
PED001315,2025-03-22,CLI00784,PRD014,V005,4,1295.17,0.08,E-commerce,Concluída
PED001316,2025-07-01,CLI00961,PRD007,V001,4,347.03,0.03,E-commerce,Concluída
PED001317,2025-05-06,CLI01040,PRD008,V005,2,2332.39,0.0,Marketplace,Concluída
PED001318,2025-02-19,CLI00650,PRD006,V008,2,193.47,0.0,E-commerce,Concluída
PED001319,2025-02-07,CLI00868,PRD003,V009,3,1018.45,0.05,E-commerce,Concluída
PED001320,2025-05-14,CLI00760,PRD013,V008,1,1075.43,0.05,Loja Física,Concluída
PED001321,2025-01-31,CLI00315,PRD018,V004,3,952.69,0.05,Marketplace,Cancelada
PED001322,2025-01-25,CLI01591,PRD019,V007,1,1092.74,0.05,Loja Física,Concluída
PED001323,2025-05-09,CLI00966,PRD018,V001,4,991.03,0.03,Loja Física,Concluída
PED001324,2025-03-15,CLI00139,PRD008,V005,2,2247.82,0.0,E-commerce,Concluída
PED001325,2025-07-22,CLI01557,PRD005,V006,3,368.92,0.0,Marketplace,Concluída
PED001326,2025-01-07,CLI00781,PRD011,V001,2,3039.32,0.0,Loja Física,Concluída
PED001327,2025-04-21,CLI00349,PRD020,V001,2,653.11,0.05,E-commerce,Concluída
PED001328,2025-06-15,CLI01687,PRD013,V009,4,1099.69,0.08,Loja Física,Concluída
PED001329,2025-12-18,CLI01738,PRD008,V003,1,2234.74,0.1,Loja Física,Concluída
PED001330,2025-08-20,CLI00224,PRD012,V002,1,5149.06,0.0,E-commerce,Concluída
PED001331,2025-11-18,CLI01893,PRD015,V006,1,1593.09,0.08,Loja Física,Concluída
PED001332,2025-05-06,CLI01352,PRD019,V003,2,1112.65,0.05,Marketplace,Cancelada
PED001333,2025-06-14,CLI00387,PRD014,V010,2,1350.38,0.03,Loja Física,Concluída
PED001334,2025-06-03,CLI01148,PRD008,V010,2,2320.01,0.08,E-commerce,Concluída
PED001335,2025-11-20,CLI02483,PRD005,V009,1,355.61,0.15,Loja Física,Concluída
PED001336,2025-12-17,CLI00163,PRD008,V004,1,2297.83,0.03,Loja Física,Concluída
PED001337,2025-12-18,CLI01223,PRD006,V009,4,204.07,0.05,E-commerce,Concluída
PED001338,2025-10-02,CLI00192,PRD020,V003,2,656.9,0.0,E-commerce,Concluída
PED001339,2025-07-03,CLI00505,PRD008,V003,1,2344.57,0.0,Loja Física,Concluída
PED001340,2025-07-17,CLI01503,PRD008,V010,1,2344.93,0.0,Loja Física,Concluída
PED001341,2025-12-24,CLI01468,PRD006,V007,1,190.82,0.0,Loja Física,Cancelada
PED001342,2025-04-14,CLI01321,PRD011,V001,3,2989.27,0.08,Marketplace,Concluída
PED001343,2025-05-07,CLI01457,PRD009,V009,3,2817.51,0.0,Marketplace,Concluída
PED001344,2025-11-24,CLI01802,PRD002,V002,2,2910.77,0.05,Loja Física,Concluída
PED001345,2025-05-22,CLI01172,PRD018,V007,2,962.48,0.1,Loja Física,Concluída
PED001346,2025-03-27,CLI01561,PRD006,V005,4,205.46,0.08,E-commerce,Concluída
PED001347,2025-07-24,CLI02231,PRD008,V001,1,2237.58,0.0,E-commerce,Concluída
PED001348,2025-04-29,CLI01231,PRD004,V008,1,1534.82,0.0,Loja Física,Concluída
PED001349,2025-11-22,CLI00297,PRD009,V007,1,2759.35,0.03,Loja Física,Concluída
PED001350,2025-11-28,CLI01080,PRD013,V009,6,1098.41,0.0,E-commerce,Concluída
PED001351,2025-04-22,CLI01740,PRD018,V007,2,951.01,0.03,Marketplace,Concluída
PED001352,2025-07-13,CLI00796,PRD001,V008,2,4143.77,0.05,E-commerce,Concluída
PED001353,2025-12-26,CLI00860,PRD020,V010,3,623.45,0.05,E-commerce,Concluída
PED001354,2025-09-28,CLI00101,PRD013,V010,1,1089.96,0.0,Loja Física,Concluída
PED001355,2025-03-20,CLI02330,PRD005,V006,1,367.58,0.0,E-commerce,Concluída
PED001356,2025-08-04,CLI00196,PRD004,V001,2,1587.5,0.1,E-commerce,Concluída
PED001357,2025-08-15,CLI02159,PRD005,V004,6,366.4,0.1,E-commerce,Concluída
PED001358,2025-08-27,CLI01446,PRD018,V007,1,991.57,0.05,Loja Física,Concluída
PED001359,2025-01-10,CLI01854,PRD005,V002,2,353.49,0.05,E-commerce,Concluída
PED001360,2025-04-20,CLI01450,PRD008,V002,4,2261.55,0.05,Loja Física,Concluída
PED001361,2025-11-08,CLI00225,PRD013,V004,3,1069.14,0.0,Marketplace,Concluída
PED001362,2025-03-30,CLI00113,PRD018,V010,2,982.46,0.1,Loja Física,Concluída
PED001363,2025-04-20,CLI00681,PRD011,V004,1,2891.52,0.0,Marketplace,Concluída
PED001364,2025-04-28,CLI01088,PRD014,V010,1,1301.53,0.05,Marketplace,Concluída
PED001365,2025-03-06,CLI02402,PRD003,V009,1,1037.1,0.0,E-commerce,Cancelada
PED001366,2025-02-26,CLI02374,PRD018,V004,1,996.31,0.08,Marketplace,Concluída
PED001367,2025-05-07,CLI00390,PRD005,V003,3,365.15,0.08,Loja Física,Concluída
PED001368,2025-11-16,CLI00471,PRD002,V009,3,3069.01,0.08,Loja Física,Concluída
PED001369,2025-01-01,CLI02374,PRD020,V008,3,661.0,0.03,E-commerce,Concluída
PED001370,2025-04-14,CLI01921,PRD004,V007,1,1607.08,0.05,Marketplace,Concluída
PED001371,2025-01-23,CLI00932,PRD003,V010,1,1020.27,0.05,Televendas,Concluída
PED001372,2025-07-24,CLI01271,PRD011,V002,3,2872.62,0.08,E-commerce,Concluída
PED001373,2025-04-02,CLI00083,PRD006,V004,1,189.02,0.05,Loja Física,Concluída
PED001374,2025-10-17,CLI01945,PRD002,V007,1,3082.69,0.05,Loja Física,Concluída
PED001375,2025-08-02,CLI02049,PRD010,V001,1,1631.09,0.05,E-commerce,Concluída
PED001376,2025-10-14,CLI00680,PRD014,V010,1,1285.03,0.0,Marketplace,Concluída
PED001377,2025-08-20,CLI00184,PRD015,V006,1,1618.55,0.05,E-commerce,Concluída
PED001378,2025-06-10,CLI02462,PRD003,V004,1,1038.18,0.0,Marketplace,Concluída
PED001379,2025-11-11,CLI01206,PRD009,V003,4,2932.0,0.08,Loja Física,Cancelada
PED001380,2025-06-23,CLI00900,PRD016,V001,1,2331.23,0.03,E-commerce,Cancelada
PED001381,2025-12-13,CLI00063,PRD003,V006,2,1015.2,0.08,Loja Física,Concluída
PED001382,2025-12-30,CLI01567,PRD004,V010,2,1623.28,0.0,E-commerce,Concluída
PED001383,2025-08-03,CLI02428,PRD001,V001,2,4424.54,0.03,Marketplace,Concluída
PED001384,2025-09-04,CLI01709,PRD009,V005,2,2842.71,0.0,E-commerce,Concluída
PED001385,2025-04-04,CLI02410,PRD003,V007,1,1069.75,0.1,E-commerce,Concluída
PED001386,2025-10-25,CLI01652,PRD013,V005,1,1111.09,0.0,Loja Física,Concluída
PED001387,2025-09-03,CLI01757,PRD020,V007,2,655.27,0.05,Televendas,Concluída
PED001388,2025-11-26,CLI01325,PRD004,V008,5,1560.84,0.0,E-commerce,Concluída
PED001389,2025-04-08,CLI02029,PRD011,V010,1,2844.64,0.08,Marketplace,Concluída
PED001390,2025-10-15,CLI01692,PRD004,V007,2,1653.51,0.0,Loja Física,Concluída
PED001391,2025-06-21,CLI01484,PRD001,V008,6,4127.93,0.05,Loja Física,Concluída
PED001392,2025-03-09,CLI01699,PRD014,V004,3,1339.19,0.0,E-commerce,Concluída
PED001393,2025-03-04,CLI02283,PRD008,V002,3,2276.74,0.03,E-commerce,Concluída
PED001394,2025-07-25,CLI01845,PRD020,V001,2,638.24,0.0,E-commerce,Concluída
PED001395,2025-04-27,CLI01042,PRD009,V002,4,2860.21,0.05,E-commerce,Concluída
PED001396,2025-02-07,CLI01816,PRD003,V009,2,1046.62,0.0,E-commerce,Concluída
PED001397,2025-06-05,CLI02243,PRD008,V001,2,2235.12,0.15,E-commerce,Concluída
PED001398,2025-08-27,CLI01683,PRD004,V005,3,1640.77,0.03,Loja Física,Concluída
PED001399,2025-04-27,CLI01320,PRD018,V007,1,983.52,0.05,Marketplace,Concluída
PED001400,2025-12-15,CLI02277,PRD013,V007,5,1080.55,0.0,Marketplace,Concluída
PED001401,2025-10-12,CLI00949,PRD006,V001,6,192.76,0.0,E-commerce,Concluída
PED001402,2025-07-07,CLI02246,PRD009,V009,2,2856.25,,Televendas,Concluída
PED001403,2025-12-08,CLI01352,PRD012,V005,1,5801.17,0.08,Televendas,Concluída
PED001404,2025-06-08,CLI00107,PRD015,V001,3,1540.37,0.05,E-commerce,Cancelada
PED001405,2025-02-20,CLI00142,PRD002,V002,1,3108.23,0.08,Marketplace,Concluída
PED001406,2025-01-14,CLI02453,PRD001,V009,2,4175.22,0.0,E-commerce,Concluída
PED001407,2025-12-09,CLI00674,PRD002,V010,1,2929.24,0.1,Loja Física,Concluída
PED001408,2025-12-17,CLI01986,PRD007,V008,3,337.34,0.03,Loja Física,Concluída
PED001409,2025-09-27,CLI01623,PRD008,V004,5,2322.24,0.1,E-commerce,Concluída
PED001410,2025-02-07,CLI01484,PRD003,V010,1,1037.17,0.08,Loja Física,Concluída
PED001411,2025-04-18,CLI01284,PRD007,V003,3,353.18,0.0,Televendas,Concluída
PED001412,2025-01-15,CLI01521,PRD008,V003,4,2249.56,0.05,Televendas,Concluída
PED001413,2025-01-19,CLI01953,PRD002,V008,1,2989.63,0.15,E-commerce,Concluída
PED001414,2025-03-31,CLI00972,PRD019,V004,1,1081.97,0.0,E-commerce,Concluída
PED001415,2025-07-28,CLI01614,PRD010,V006,1,1728.0,0.03,Televendas,Concluída
PED001416,2025-01-24,CLI01077,PRD007,V007,3,332.4,0.05,Marketplace,Concluída
PED001417,2025-12-26,CLI01693,PRD008,V002,2,2239.6,0.03,Loja Física,Concluída
PED001418,2025-06-16,CLI00948,PRD006,V010,1,192.02,0.03,Televendas,Concluída
PED001419,2025-04-07,CLI00499,PRD017,V002,1,865.9,0.08,E-commerce,Concluída
PED001420,2025-07-08,CLI02373,PRD010,V010,2,1597.77,0.1,Loja Física,Concluída
PED001421,2025-10-16,CLI02402,PRD008,V003,1,2371.75,0.05,Loja Física,Concluída
PED001422,2025-04-25,CLI01496,PRD019,V005,2,1093.13,0.1,Marketplace,Concluída
PED001423,2025-01-18,CLI01615,PRD017,V003,1,862.46,0.0,Loja Física,Concluída
PED001424,2025-01-19,CLI00398,PRD016,V006,3,2373.74,0.0,Marketplace,Concluída
PED001425,2025-11-07,CLI01847,PRD004,V001,3,1604.58,0.0,Marketplace,Concluída
PED001426,2025-02-10,CLI01926,PRD003,V002,4,1038.89,0.03,Loja Física,Concluída
PED001427,2025-08-20,CLI00300,PRD013,V006,1,1087.73,0.05,E-commerce,Cancelada
PED001428,2025-05-21,CLI01736,PRD008,V007,2,2297.87,0.0,E-commerce,Concluída
PED001429,2025-10-11,CLI00405,PRD012,V010,3,5397.11,0.03,Loja Física,Concluída
PED001430,2025-01-23,CLI01584,PRD014,V009,2,1308.95,0.05,E-commerce,Concluída
PED001431,2025-11-24,CLI01960,PRD005,V010,1,367.95,0.05,Televendas,Concluída
PED001432,2025-09-12,CLI00661,PRD005,V008,1,360.53,0.05,E-commerce,Concluída
PED001433,2025-06-13,CLI02164,PRD008,V008,2,2154.63,0.05,E-commerce,Concluída
PED001434,2025-03-17,CLI01547,PRD005,V004,2,356.27,0.15,Marketplace,Concluída
PED001435,2025-12-23,CLI02471,PRD012,V010,4,5721.17,0.08,Televendas,Concluída
PED001436,2025-04-21,CLI02041,PRD014,V010,3,1336.86,0.1,Televendas,Concluída
PED001437,2025-06-29,CLI01574,PRD008,V006,3,2238.31,0.15,Loja Física,Concluída
PED001438,2025-05-24,CLI00418,PRD013,V002,6,1044.87,0.1,Loja Física,Concluída
PED001439,2025-03-26,CLI02380,PRD009,V001,2,2822.1,0.0,E-commerce,Concluída
PED001440,2025-06-02,CLI01369,PRD013,V005,1,1053.85,0.05,Loja Física,Concluída
PED001441,2025-02-25,CLI01043,PRD004,V007,1,1622.62,0.03,E-commerce,Concluída
PED001442,2025-01-01,CLI00523,PRD014,V006,3,1343.89,0.0,Marketplace,Concluída
PED001443,2025-04-16,CLI01284,PRD013,V009,1,1075.57,0.05,Televendas,Concluída
PED001444,2025-02-10,CLI01381,PRD005,V006,4,353.68,0.0,E-commerce,Concluída
PED001445,2025-06-01,CLI00112,PRD009,V007,1,2971.99,0.05,Marketplace,Concluída
PED001446,2025-11-11,CLI01606,PRD017,V008,1,838.61,0.08,E-commerce,Cancelada
PED001447,2025-03-01,CLI00104,PRD005,V009,3,354.23,0.03,E-commerce,Concluída
PED001448,2025-01-01,CLI02028,PRD014,V007,3,1334.09,0.1,Loja Física,Concluída
PED001449,2025-02-10,CLI01282,PRD020,V006,4,644.48,0.08,Loja Física,Concluída
PED001450,2025-07-05,CLI01247,PRD018,V001,1,981.08,0.08,Marketplace,Concluída
PED001451,2025-04-11,CLI01008,PRD007,V007,1,349.93,0.0,E-commerce,Concluída
PED001452,2025-06-28,CLI02327,PRD010,V002,2,1679.86,0.1,Marketplace,Concluída
PED001453,2025-01-11,CLI01871,PRD020,V004,4,685.4,0.0,Loja Física,Concluída
PED001454,2025-05-02,CLI02279,PRD010,V006,1,1575.07,0.08,Loja Física,Concluída
PED001455,2025-05-30,CLI02065,PRD002,V001,2,3010.94,0.0,Loja Física,Concluída
PED001456,2025-06-07,CLI02043,PRD001,V007,1,4310.01,0.0,E-commerce,Concluída
PED001457,2025-07-21,CLI02085,PRD015,V003,3,1648.99,0.03,E-commerce,Concluída
PED001458,2025-10-12,CLI01388,PRD007,V006,1,343.48,0.08,E-commerce,Concluída
PED001459,2025-06-20,CLI00799,PRD005,V004,6,342.26,0.1,Loja Física,Concluída
PED001460,2025-11-04,CLI00474,PRD006,V004,1,198.97,0.05,Loja Física,Concluída
PED001461,2025-07-13,CLI00683,PRD014,V004,2,1351.19,0.08,Loja Física,Concluída
PED001462,2025-04-06,CLI01628,PRD008,V001,3,2311.39,0.0,Loja Física,Concluída
PED001463,2025-03-25,CLI01053,PRD018,V002,1,951.87,0.15,Televendas,Concluída
PED001464,2025-04-28,CLI01765,PRD014,V008,1,1353.24,0.03,Loja Física,Concluída
PED001465,2025-08-07,CLI01430,PRD020,V002,2,641.78,0.1,Loja Física,Concluída
PED001466,2025-03-30,CLI01237,PRD018,V005,2,953.13,0.08,Marketplace,Cancelada
PED001467,2025-11-30,CLI00586,PRD005,V002,3,363.64,0.03,Televendas,Concluída
PED001468,2025-06-25,CLI02418,PRD011,V006,2,2947.69,0.03,E-commerce,Concluída
PED001469,2025-11-12,CLI01343,PRD001,V007,1,4481.47,0.05,Loja Física,Concluída
PED001470,2025-09-07,CLI00243,PRD020,V005,4,646.59,0.1,E-commerce,Concluída
PED001471,2025-05-02,CLI00978,PRD005,V008,1,365.99,0.05,Loja Física,Concluída
PED001472,2025-03-25,CLI02136,PRD012,V003,2,5344.06,0.1,Loja Física,Concluída
PED001473,2025-09-29,CLI00796,PRD017,V006,4,883.42,0.15,Marketplace,Concluída
PED001474,2025-05-01,CLI02260,PRD003,V003,4,1015.62,0.03,Marketplace,Concluída
PED001475,2025-04-01,CLI00640,PRD017,V006,1,872.93,0.05,Loja Física,Concluída
PED001476,2025-12-06,CLI01571,PRD001,V001,1,4395.55,0.05,Marketplace,Concluída
PED001477,2025-06-26,CLI01287,PRD008,V003,2,2276.15,0.0,E-commerce,Concluída
PED001478,2025-01-18,CLI02220,PRD008,V008,1,2311.54,0.08,E-commerce,Concluída
PED001479,2025-06-30,CLI00700,PRD007,V008,3,323.68,0.0,Loja Física,Concluída
PED001480,2025-06-18,CLI00531,PRD010,V003,2,1621.1,0.08,Televendas,Concluída
PED001481,2025-11-12,CLI00592,PRD019,V003,1,1111.28,0.05,Loja Física,Concluída
PED001482,2025-09-17,CLI00864,PRD006,V003,1,206.29,0.08,Loja Física,Concluída
PED001483,2025-03-11,CLI00671,PRD010,V003,2,1643.68,0.05,Loja Física,Devolvida
PED001484,2025-02-24,CLI00454,PRD018,V010,3,910.32,0.05,E-commerce,Concluída
PED001485,2025-08-09,CLI01447,PRD015,V007,1,1557.65,0.0,Televendas,Concluída
PED001486,2025-01-18,CLI00784,PRD001,V004,1,4360.26,0.08,Loja Física,Concluída
PED001487,2025-04-27,CLI00391,PRD020,V005,1,664.07,0.03,Loja Física,Concluída
PED001488,2025-02-20,CLI00414,PRD001,V006,2,4372.11,0.05,Televendas,Concluída
PED001489,2025-01-08,CLI00287,PRD010,V006,3,1592.18,0.08,E-commerce,Concluída
PED001490,2025-12-02,CLI00410,PRD010,V004,4,1684.3,0.03,Televendas,Concluída
PED001491,2025-02-02,CLI02354,PRD015,V010,5,1592.41,0.0,Marketplace,Concluída
PED001492,2025-01-04,CLI00078,PRD003,V003,2,1017.64,0.0,Marketplace,Concluída
PED001493,2025-12-07,CLI02384,PRD003,V005,4,1054.38,0.05,E-commerce,Concluída
PED001494,2025-03-10,CLI01862,PRD014,V001,1,1323.9,0.0,Loja Física,Concluída
PED001495,2025-10-26,CLI00708,PRD003,V005,2,1028.02,0.03,E-commerce,Concluída
PED001496,2025-01-12,CLI00756,PRD008,V009,2,2238.38,0.0,E-commerce,Concluída
PED001497,2025-02-26,CLI00230,PRD013,V010,3,1077.02,0.03,E-commerce,Concluída
PED001498,2025-02-10,CLI01528,PRD011,V005,3,3003.04,0.03,E-commerce,Concluída
PED001499,2025-09-15,CLI00185,PRD004,V002,1,1533.72,0.05,Loja Física,Concluída
PED001500,2025-08-15,CLI01737,PRD006,V008,4,202.26,0.05,E-commerce,Concluída
PED001501,2025-06-23,CLI01145,PRD020,V007,4,649.0,0.05,E-commerce,Concluída
PED001502,2025-03-30,CLI01678,PRD008,V010,5,2246.3,0.03,Marketplace,Concluída
PED001503,2025-02-02,CLI02385,PRD001,V006,2,4369.1,0.1,Loja Física,Concluída
PED001504,2025-07-27,CLI02327,PRD004,V001,6,1568.91,0.05,E-commerce,Concluída
PED001505,2025-03-26,CLI00478,PRD006,V010,3,188.8,0.08,E-commerce,Concluída
PED001506,2025-08-04,CLI01800,PRD020,V007,2,631.92,0.05,Loja Física,Concluída
PED001507,2025-09-08,CLI01384,PRD006,V009,2,187.5,0.03,E-commerce,Concluída
PED001508,2025-11-07,CLI01540,PRD001,V002,3,4219.16,0.08,E-commerce,Concluída
PED001509,2025-06-30,CLI00195,PRD009,V005,3,2746.6,0.0,Marketplace,Concluída
PED001510,2025-01-02,CLI00331,PRD002,V005,2,3085.25,0.15,Loja Física,Concluída
PED001511,2025-04-13,CLI00418,PRD005,V003,6,348.97,0.05,Marketplace,Concluída
PED001512,2025-11-08,CLI00054,PRD020,V009,1,645.48,0.0,Loja Física,Concluída
PED001513,2025-07-14,CLI00247,PRD013,V002,2,1115.73,0.03,E-commerce,Concluída
PED001514,2025-08-14,CLI01813,PRD001,V001,1,4459.63,0.08,E-commerce,Concluída
PED001515,2025-06-17,CLI00808,PRD008,V003,2,2251.68,0.0,Loja Física,Concluída
PED001516,2025-03-01,CLI02169,PRD003,V010,1,1028.22,0.0,Loja Física,Concluída
PED001517,2025-11-24,CLI01957,PRD002,V002,1,3007.14,0.1,Loja Física,Concluída
PED001518,2025-10-10,CLI01497,PRD010,V006,1,1731.53,0.03,E-commerce,Concluída
PED001519,2025-12-30,CLI00919,PRD008,V002,1,2291.84,0.0,E-commerce,Concluída
PED001520,2025-11-09,CLI02477,PRD014,V004,1,1364.66,0.0,Televendas,Concluída
PED001521,2025-04-17,CLI01581,PRD018,V006,3,1024.33,0.05,Loja Física,Concluída
PED001522,2025-04-03,CLI02220,PRD005,V001,1,363.05,0.05,Marketplace,Concluída
PED001523,2025-04-01,CLI00676,PRD020,V003,1,664.69,0.05,Televendas,Cancelada
PED001524,2025-12-02,CLI02348,PRD009,V006,1,2896.93,0.15,Loja Física,Concluída
PED001525,2025-07-23,CLI00699,PRD005,V001,1,364.72,0.0,Marketplace,Concluída
PED001526,2025-06-15,CLI01828,PRD017,V005,1,833.1,0.0,Televendas,Concluída
PED001527,2025-12-20,CLI02494,PRD001,V007,5,4243.56,0.0,Loja Física,Concluída
PED001528,2025-08-09,CLI02409,PRD009,V003,2,2826.07,0.03,E-commerce,Concluída
PED001529,2025-11-28,CLI00905,PRD013,V002,1,1109.36,0.0,Marketplace,Concluída
PED001530,2025-12-26,CLI01502,PRD005,V005,2,368.07,0.03,Marketplace,Concluída
PED001531,2025-01-29,CLI01811,PRD017,V008,1,882.11,0.08,Marketplace,Concluída
PED001532,2025-05-12,CLI01173,PRD004,V001,2,1604.94,0.0,E-commerce,Concluída
PED001533,2025-09-25,CLI01258,PRD017,V004,5,865.14,0.1,Loja Física,Concluída
PED001534,2025-10-24,CLI00115,PRD002,V010,1,3034.22,0.1,E-commerce,Concluída
PED001535,2025-02-24,CLI00211,PRD003,V004,1,1032.96,0.05,E-commerce,Concluída
PED001536,2025-04-27,CLI02305,PRD007,V004,2,339.23,0.1,E-commerce,Concluída
PED001537,2025-07-20,CLI00192,PRD017,V008,1,821.97,0.08,E-commerce,Concluída
PED001538,2025-10-19,CLI00988,PRD003,V005,1,1031.79,0.03,E-commerce,Concluída
PED001539,2025-02-11,CLI01921,PRD018,V004,2,966.88,0.05,Marketplace,Concluída
PED001540,2025-08-08,CLI00243,PRD004,V008,2,1650.92,0.0,E-commerce,Concluída
PED001541,2025-04-19,CLI02176,PRD008,V001,1,2338.34,0.05,E-commerce,Concluída
PED001542,2025-03-20,CLI01781,PRD006,V008,3,197.55,0.08,Televendas,Concluída
PED001543,2025-07-08,CLI01085,PRD002,V004,1,3148.09,0.05,Loja Física,Concluída
PED001544,2025-06-01,CLI00833,PRD020,V009,0,649.22,0.03,Marketplace,Concluída
PED001545,2025-08-21,CLI00232,PRD008,V008,3,2327.0,0.05,E-commerce,Concluída
PED001546,2025-04-26,CLI01360,PRD013,V010,2,1082.71,0.15,E-commerce,Concluída
PED001547,2025-10-28,CLI01919,PRD010,V002,2,1597.8,0.0,Marketplace,Concluída
PED001548,2025-01-29,CLI02492,PRD008,V002,2,2244.31,0.03,Televendas,Concluída
PED001549,2025-11-11,CLI00680,PRD011,V010,2,3044.68,0.0,E-commerce,Concluída
PED001550,2025-01-11,CLI01638,PRD019,V004,4,1083.72,0.15,Marketplace,Concluída
PED001551,2025-09-26,CLI00070,PRD013,V009,2,1072.77,0.05,E-commerce,Concluída
PED001552,2025-05-07,CLI00063,PRD009,V007,1,2862.45,0.0,E-commerce,Concluída
PED001553,2025-05-20,CLI00475,PRD011,V005,3,2907.88,0.05,Marketplace,Concluída
PED001554,2025-01-07,CLI00140,PRD010,V001,1,1693.76,0.05,Marketplace,Concluída
PED001555,2025-09-14,CLI00756,PRD008,V001,3,2375.35,0.0,Marketplace,Concluída
PED001556,2025-03-02,CLI01450,PRD011,V008,1,2936.91,0.1,Marketplace,Concluída
PED001557,2025-08-29,CLI00409,PRD008,V001,2,2299.07,0.08,Loja Física,Concluída
PED001558,2025-09-22,CLI00127,PRD014,V001,3,1374.85,0.0,Marketplace,Concluída
PED001559,2025-11-05,CLI00952,PRD020,V003,2,647.9,0.15,E-commerce,Concluída
PED001560,2025-09-16,CLI00016,PRD020,V010,1,631.97,0.0,E-commerce,Concluída
PED001561,2025-04-21,CLI01563,PRD016,V007,2,2322.55,0.0,Televendas,Concluída
PED001562,2025-09-27,CLI00804,PRD010,V008,3,1661.62,0.03,E-commerce,Concluída
PED001563,2025-10-29,CLI01939,PRD014,V007,6,1355.45,0.0,Loja Física,Concluída
PED001564,2025-04-26,CLI00142,PRD003,V006,2,989.33,0.05,Marketplace,Concluída
PED001565,2025-02-15,CLI00860,PRD008,V003,1,2243.66,0.03,Loja Física,Cancelada
PED001566,2025-11-21,CLI02143,PRD005,V005,1,353.91,0.0,Marketplace,Concluída
PED001567,2025-02-23,CLI00895,PRD001,V006,2,4463.15,0.15,Televendas,Concluída
PED001568,2025-08-05,CLI00933,PRD020,V010,1,634.87,0.03,Marketplace,Concluída
PED001569,2025-03-28,CLI00081,PRD017,V009,4,843.82,0.03,E-commerce,Concluída
PED001570,2025-02-15,CLI01200,PRD009,V008,2,2827.24,0.0,Televendas,Concluída
PED001571,2025-10-11,CLI01765,PRD005,V009,1,367.68,0.08,E-commerce,Concluída
PED001572,2025-02-22,CLI01898,PRD013,V009,1,1111.72,0.0,Loja Física,Concluída
PED001573,2025-09-02,CLI00395,PRD008,V007,1,2296.41,0.0,Marketplace,Concluída
PED001574,2025-09-10,CLI00828,PRD016,V009,2,2411.48,0.1,Marketplace,Concluída
PED001575,2025-01-22,CLI00179,PRD020,V001,2,666.11,0.0,Marketplace,Concluída
PED001576,2025-03-05,CLI00807,PRD006,V001,1,187.92,0.1,E-commerce,Concluída
PED001577,2025-10-17,CLI02271,PRD005,V005,2,365.89,0.05,Loja Física,Concluída
PED001578,2025-07-05,CLI00672,PRD005,V001,1,357.22,0.08,Loja Física,Concluída
PED001579,2025-02-14,CLI01247,PRD002,V004,2,2899.6,0.0,E-commerce,Concluída
PED001580,2025-12-28,CLI02441,PRD007,V002,4,339.25,0.15,Marketplace,Concluída
PED001581,2025-04-07,CLI02375,PRD001,V010,1,4446.62,0.0,E-commerce,Concluída
PED001582,2025-01-02,CLI00524,PRD002,V007,1,3102.57,0.0,Loja Física,Concluída
PED001583,2025-12-04,CLI01050,PRD005,V001,4,348.43,0.08,Loja Física,Concluída
PED001584,2025-01-07,CLI01711,PRD003,V007,1,1051.75,0.0,E-commerce,Concluída
PED001585,2025-07-21,CLI02473,PRD013,V008,2,1138.77,0.03,E-commerce,Concluída
PED001586,2025-12-29,CLI01613,PRD002,V004,3,3130.68,0.05,Marketplace,Concluída
PED001587,2025-07-30,CLI01918,PRD018,V009,2,885.71,0.0,Televendas,Concluída
PED001588,2025-08-02,CLI01154,PRD004,V010,5,1692.84,0.0,E-commerce,Concluída
PED001589,2025-05-22,CLI00328,PRD002,V010,2,3065.59,0.05,E-commerce,Concluída
PED001590,2025-02-16,CLI01906,PRD001,V001,2,4114.93,0.03,Loja Física,Concluída
PED001591,2025-07-29,CLI00993,PRD013,V005,1,1064.65,0.05,E-commerce,Concluída
PED001592,2025-11-24,CLI00451,PRD005,V008,1,371.89,0.08,E-commerce,Concluída
PED001593,2025-02-03,CLI01254,PRD008,V005,2,2288.85,0.03,E-commerce,Concluída
PED001594,2025-11-18,CLI00199,PRD002,V005,1,2950.7,0.03,E-commerce,Concluída
PED001595,2025-06-01,CLI01709,PRD020,V004,2,647.22,0.0,Marketplace,Concluída
PED001596,2025-07-15,CLI01598,PRD002,V005,1,3034.52,0.03,E-commerce,Concluída
PED001597,2025-03-02,CLI01114,PRD007,V007,1,337.03,0.0,E-commerce,Concluída
PED001598,2025-08-15,CLI00653,PRD017,V001,2,850.95,0.05,E-commerce,Concluída
PED001599,2025-03-08,CLI01190,PRD005,V008,2,368.63,0.0,E-commerce,Concluída
PED001600,2025-04-10,CLI02187,PRD005,V008,1,354.23,0.08,Loja Física,Concluída
PED001601,2025-09-21,CLI00721,PRD016,V002,3,2266.96,0.0,Marketplace,Cancelada
PED001602,2025-01-19,CLI01427,PRD005,V008,1,354.81,0.0,Loja Física,Concluída
PED001603,2025-06-13,CLI01374,PRD001,V006,1,4269.79,0.0,Loja Física,Concluída
PED001604,2025-08-06,CLI00461,PRD008,V004,5,2234.12,0.03,E-commerce,Concluída
PED001605,2025-02-18,CLI01333,PRD001,V005,4,4178.24,0.05,E-commerce,Concluída
PED001606,2025-04-18,CLI00713,PRD019,V006,1,1097.36,0.05,E-commerce,Concluída
PED001607,2025-05-06,CLI02109,PRD011,V003,1,3000.16,0.15,Televendas,Concluída
PED001608,2025-08-31,CLI01493,PRD010,V007,4,1611.3,0.03,Loja Física,Concluída
PED001609,2025-12-23,CLI01405,PRD004,V007,2,1579.22,0.0,Loja Física,Concluída
PED001610,2025-11-02,CLI02330,PRD013,V004,1,1080.35,0.1,Loja Física,Concluída
PED001611,2025-03-11,CLI00948,PRD012,V005,1,5384.86,0.08,Loja Física,Concluída
PED001612,2025-01-07,CLI00955,PRD001,V007,1,4474.23,0.0,Marketplace,Concluída
PED001613,2025-01-19,CLI00597,PRD018,V006,3,947.86,0.0,E-commerce,Concluída
PED001614,2025-08-06,CLI00150,PRD010,V005,2,1623.06,0.03,Loja Física,Concluída
PED001615,2025-02-27,CLI02032,PRD015,V010,1,1540.14,0.03,E-commerce,Concluída
PED001616,2025-03-26,CLI01725,PRD005,V009,1,369.63,0.05,Marketplace,Concluída
PED001617,2025-11-06,CLI01698,PRD002,V004,1,2976.37,0.0,Televendas,Concluída
PED001618,2025-11-15,CLI01391,PRD013,V008,3,1139.51,0.15,E-commerce,Concluída
PED001619,2025-11-03,CLI01635,PRD015,V009,4,1583.99,0.05,Marketplace,Concluída
PED001620,2025-04-03,CLI01886,PRD007,V002,2,351.88,0.08,Loja Física,Concluída
PED001621,2025-08-15,CLI00199,PRD001,V006,3,4331.43,0.0,Marketplace,Concluída
PED001622,2025-08-11,CLI01254,PRD016,V008,1,2291.27,0.05,Televendas,Concluída
PED001623,2025-03-09,CLI02114,PRD004,V001,2,1604.06,0.1,E-commerce,Concluída
PED001624,2025-07-22,CLI00997,PRD006,V004,2,193.49,0.0,E-commerce,Concluída
PED001625,2025-07-11,CLI01406,PRD011,V008,1,2789.75,0.05,E-commerce,Concluída
PED001626,2025-05-25,CLI01076,PRD002,V010,2,3069.51,0.0,E-commerce,Concluída
PED001627,2025-10-02,CLI02121,PRD001,V010,3,4370.4,0.03,E-commerce,Concluída
PED001628,2025-09-05,CLI02030,PRD001,V007,1,4290.38,0.08,Marketplace,Concluída
PED001629,2025-07-14,CLI01984,PRD019,V001,2,1101.19,0.05,Televendas,Concluída
PED001630,2025-09-22,CLI00975,PRD006,V001,4,197.06,0.08,Marketplace,Devolvida
PED001631,2025-10-06,CLI02386,PRD012,V009,3,5704.61,0.0,E-commerce,Concluída
PED001632,2025-07-26,CLI01161,PRD020,V008,2,653.14,0.08,E-commerce,Concluída
PED001633,2025-04-08,CLI01848,PRD012,V002,1,5488.78,0.05,E-commerce,Concluída
PED001634,2025-10-04,CLI00626,PRD009,V002,3,2912.37,0.0,Loja Física,Concluída
PED001635,2025-09-19,CLI00454,PRD009,V002,1,2860.17,0.1,E-commerce,Concluída
PED001636,2025-12-25,CLI00036,PRD007,V009,1,343.55,0.0,Loja Física,Concluída
PED001637,2025-02-24,CLI00699,PRD010,V008,1,1695.1,0.0,E-commerce,Concluída
PED001638,2025-06-03,CLI00530,PRD020,V010,2,627.27,0.08,Loja Física,Concluída
PED001639,2025-12-04,CLI02409,PRD015,V002,2,1536.21,0.0,E-commerce,Concluída
PED001640,2025-07-07,CLI02018,PRD007,V007,3,338.39,0.0,Televendas,Concluída
PED001641,2025-12-11,CLI02469,PRD006,V010,2,195.49,0.0,Loja Física,Concluída
PED001642,2025-01-05,CLI02289,PRD018,V006,6,997.43,0.1,Loja Física,Concluída
PED001643,2025-01-13,CLI01428,PRD002,V008,2,2887.78,0.0,E-commerce,Concluída
PED001644,2025-10-18,CLI01855,PRD017,V007,2,853.03,0.03,E-commerce,Concluída
PED001645,2025-05-11,CLI00533,PRD005,V001,1,355.59,0.0,Televendas,Concluída
PED001646,2025-07-09,CLI01094,PRD013,V005,1,1131.57,0.03,E-commerce,Concluída
PED001647,2025-06-06,CLI02064,PRD016,V003,2,2398.42,0.0,Marketplace,Concluída
PED001648,2025-05-29,CLI01701,PRD008,V001,3,2281.96,0.1,Loja Física,Concluída
PED001649,2025-12-09,CLI02396,PRD003,V006,1,1060.83,0.08,Loja Física,Concluída
PED001650,2025-02-04,CLI00310,PRD017,V010,2,825.5,0.1,Marketplace,Concluída
PED001651,2025-10-09,CLI01167,PRD006,V001,0,206.81,0.08,Loja Física,Devolvida
PED001652,2025-11-21,CLI00231,PRD006,V004,2,192.69,0.03,E-commerce,Concluída
PED001653,2025-08-28,CLI00401,PRD009,V007,1,2952.7,0.0,E-commerce,Concluída
PED001654,2025-05-25,CLI00470,PRD008,V004,1,2299.7,0.05,Televendas,Concluída
PED001655,2025-02-28,CLI01824,PRD012,V002,1,5546.81,0.03,E-commerce,Concluída
PED001656,2025-09-07,CLI01511,PRD003,V002,4,1067.21,0.05,Televendas,Devolvida
PED001657,2025-06-21,CLI01201,PRD008,V001,3,2324.94,0.0,E-commerce,Concluída
PED001658,2025-02-24,CLI01051,PRD018,V010,1,972.0,0.08,Loja Física,Concluída
PED001659,2025-05-12,CLI02090,PRD001,V005,1,4320.8,0.0,Loja Física,Concluída
PED001660,2025-12-17,CLI00458,PRD008,V010,2,2275.4,0.03,E-commerce,Concluída
PED001661,2025-04-07,CLI00956,PRD012,V007,1,5496.24,0.15,Loja Física,Concluída
PED001662,2025-03-07,CLI01365,PRD018,V004,3,977.98,0.0,E-commerce,Cancelada
PED001663,2025-09-06,CLI00989,PRD010,V010,2,1686.64,0.0,E-commerce,Concluída
PED001664,2025-03-14,CLI02279,PRD016,V003,4,2374.06,0.0,E-commerce,Concluída
PED001665,2025-12-02,CLI00982,PRD004,V002,1,1612.81,0.03,E-commerce,Concluída
PED001666,2025-11-10,CLI01379,PRD006,V009,6,193.61,0.05,Televendas,Concluída
PED001667,2025-12-25,CLI01481,PRD020,V006,3,651.39,0.15,Loja Física,Concluída
PED001668,2025-11-30,CLI01294,PRD018,V005,3,928.3,0.1,Televendas,Concluída
PED001669,2025-03-30,CLI00489,PRD009,V006,5,2805.66,0.08,Marketplace,Concluída
PED001670,2025-03-19,CLI00888,PRD008,V010,2,2302.8,0.08,Marketplace,Concluída
PED001671,2025-05-06,CLI02480,PRD008,V003,1,2318.62,0.0,E-commerce,Concluída
PED001672,2025-06-21,CLI00031,PRD001,V010,2,4364.57,0.1,Loja Física,Concluída
PED001673,2025-11-18,CLI02091,PRD018,V010,3,974.27,0.05,Marketplace,Concluída
PED001674,2025-09-25,CLI00615,PRD016,V008,4,2368.29,0.0,Marketplace,Concluída
PED001675,2025-08-24,CLI01539,PRD008,V002,2,2307.06,0.15,Marketplace,Concluída
PED001676,2025-11-17,CLI00826,PRD005,V001,3,358.73,0.05,Marketplace,Concluída
PED001677,2025-08-24,CLI00398,PRD006,V002,1,191.99,0.0,Loja Física,Concluída
PED001678,2025-05-19,CLI01136,PRD002,V008,1,3022.64,0.08,Televendas,Concluída
PED001679,2025-05-31,CLI01119,PRD013,V004,2,1138.57,0.0,Televendas,Concluída
PED001680,2025-07-08,CLI02306,PRD009,V010,1,2796.72,0.0,Marketplace,Concluída
PED001681,2025-02-02,CLI00455,PRD004,V001,1,1600.3,0.0,E-commerce,Concluída
PED001682,2025-09-28,CLI00752,PRD011,V004,3,2908.11,0.05,Marketplace,Concluída
PED001683,2025-08-27,CLI02105,PRD020,V003,2,685.13,0.0,E-commerce,Concluída
PED001684,2025-09-24,CLI00783,PRD002,V009,2,2921.76,0.0,E-commerce,Devolvida
PED001685,2025-07-14,CLI00044,PRD008,V002,1,2259.32,0.03,Televendas,Concluída
PED001686,2025-10-13,CLI00803,PRD008,V005,1,2247.74,0.0,Loja Física,Concluída
PED001687,2025-12-13,CLI01141,PRD003,V009,2,1003.26,0.05,Marketplace,Concluída
PED001688,2025-07-28,CLI00536,PRD009,V010,4,2769.08,0.03,E-commerce,Concluída
PED001689,2025-06-12,CLI00408,PRD010,V010,1,1668.05,0.0,Loja Física,Concluída
PED001690,2025-02-08,CLI01082,PRD003,V007,3,1054.09,0.0,E-commerce,Concluída
PED001691,2025-10-12,CLI00082,PRD003,V002,3,1021.25,0.0,E-commerce,Concluída
PED001692,2025-11-26,CLI01870,PRD017,V001,3,883.73,0.05,Loja Física,Concluída
PED001693,2025-09-13,CLI00990,PRD006,V005,2,185.75,0.08,Marketplace,Concluída
PED001694,2025-11-12,CLI01838,PRD011,V005,1,2844.08,0.0,E-commerce,Concluída
PED001695,2025-11-11,CLI01232,PRD011,V006,3,2875.93,0.35,Marketplace,Concluída
PED001696,2025-10-19,CLI00010,PRD017,V001,2,853.47,0.0,Loja Física,Concluída
PED001697,2025-07-03,CLI02465,PRD014,V007,1,1327.11,0.05,Loja Física,Concluída
PED001698,2025-02-06,CLI01922,PRD017,V004,1,849.37,0.03,Loja Física,Concluída
PED001699,2025-01-02,CLI00180,PRD011,V002,2,2972.08,0.05,Loja Física,Concluída
PED001700,2025-03-16,CLI00983,PRD008,,2,2351.05,0.05,Marketplace,Concluída
PED001701,2025-06-07,CLI01635,PRD007,V004,4,348.84,0.0,E-commerce,Concluída
PED001702,2025-09-29,CLI00049,PRD007,V003,1,342.46,0.03,Marketplace,Concluída
PED001703,2025-06-16,CLI00497,PRD007,V005,1,341.29,0.15,Marketplace,Concluída
PED001704,2025-01-09,CLI02478,PRD002,V010,5,3076.09,0.0,Loja Física,Concluída
PED001705,2025-03-18,CLI01820,PRD007,V009,1,358.09,0.05,Televendas,Concluída
PED001706,2025-12-24,CLI02185,PRD007,V001,1,347.44,0.05,Marketplace,Concluída
PED001707,2025-12-27,CLI02246,PRD001,V007,3,4313.32,0.0,Loja Física,Concluída
PED001708,2025-05-18,CLI00895,PRD005,V007,5,362.89,0.08,E-commerce,Concluída
PED001709,2025-10-21,CLI02017,PRD014,V009,2,1361.71,0.0,E-commerce,Concluída
PED001710,2025-09-20,CLI01706,PRD010,V010,1,1621.85,0.0,E-commerce,Concluída
PED001711,2025-12-06,CLI01543,PRD016,V008,2,2397.36,0.05,E-commerce,Concluída
PED001712,2025-11-20,CLI01595,PRD009,V007,3,2881.64,0.1,E-commerce,Concluída
PED001713,2025-08-18,CLI00491,PRD017,V004,4,878.52,0.0,E-commerce,Concluída
PED001714,2025-05-25,CLI02464,PRD015,V009,1,1531.76,0.05,E-commerce,Concluída
PED001715,2025-08-17,CLI00387,PRD002,V010,4,2863.33,0.0,E-commerce,Concluída
PED001716,2025-04-27,CLI00454,PRD020,V010,2,639.81,0.05,Marketplace,Concluída
PED001717,2025-05-08,CLI02231,PRD001,V010,1,4369.42,0.03,Loja Física,Concluída
PED001718,2025-08-11,CLI00533,PRD010,V007,1,1570.63,0.03,Loja Física,Concluída
PED001719,2025-07-28,CLI00172,PRD015,V010,1,1546.22,0.15,E-commerce,Concluída
PED001720,2025-08-01,CLI01676,PRD006,V008,5,203.15,0.05,E-commerce,Devolvida
PED001721,2025-05-21,CLI00777,PRD010,V003,1,1666.61,0.0,E-commerce,Concluída
PED001722,2025-05-30,CLI00188,PRD006,V001,3,197.51,0.15,E-commerce,Concluída
PED001723,2025-01-04,CLI00473,PRD001,V010,1,4251.57,0.0,Loja Física,Concluída
PED001724,2025-08-08,CLI02053,PRD001,V005,3,4503.32,0.05,E-commerce,Concluída
PED001725,2025-07-30,CLI00378,PRD002,V009,2,2962.43,0.05,E-commerce,Cancelada
PED001726,2025-12-08,CLI00536,PRD002,V003,4,3000.77,0.08,E-commerce,Concluída
PED001727,2025-07-04,CLI01629,PRD010,V004,2,1661.43,0.03,E-commerce,Concluída
PED001728,2025-06-20,CLI01918,PRD009,V009,3,2875.0,0.05,E-commerce,Concluída
PED001729,2025-01-25,CLI01399,PRD008,V006,2,2353.02,0.05,E-commerce,Concluída
PED001730,2025-03-13,CLI00384,PRD013,V007,2,1101.04,0.03,Marketplace,Concluída
PED001731,2025-05-04,CLI00749,PRD001,V004,5,4403.77,0.1,E-commerce,Concluída
PED001732,2025-05-18,CLI01851,PRD005,V007,2,359.77,0.0,Televendas,Concluída
PED001733,2025-05-13,CLI01163,PRD015,V005,4,1587.05,0.0,Televendas,Concluída
PED001734,2025-05-24,CLI00201,PRD019,V010,1,1085.2,0.05,E-commerce,Cancelada
PED001735,2025-10-08,CLI02196,PRD008,V005,2,2279.16,0.0,Marketplace,Concluída
PED001736,2025-02-17,CLI00261,PRD002,V001,4,2968.09,0.08,E-commerce,Concluída
PED001737,2025-05-02,CLI01711,PRD015,V008,4,1550.5,0.03,Televendas,Concluída
PED001738,2025-03-01,CLI00122,PRD018,V010,2,947.2,0.03,Televendas,Concluída
PED001739,2025-04-23,CLI01035,PRD007,V009,2,339.66,0.05,E-commerce,Concluída
PED001740,2025-09-07,CLI01649,PRD005,V002,3,357.51,0.1,E-commerce,Concluída
PED001741,2025-01-18,CLI00420,PRD001,V010,1,4566.54,0.05,Marketplace,Concluída
PED001742,2025-05-04,CLI00414,PRD010,V004,5,1685.47,0.0,E-commerce,Concluída
PED001743,2025-01-09,CLI01637,PRD019,V009,1,1087.27,0.03,E-commerce,Concluída
PED001744,2025-12-15,CLI00909,PRD012,V007,1,5452.08,0.08,E-commerce,Concluída
PED001745,2025-09-23,CLI00691,PRD006,V010,3,199.86,0.1,E-commerce,Concluída
PED001746,2025-03-30,CLI02222,PRD011,V004,1,3079.06,0.05,E-commerce,Cancelada
PED001747,2025-03-14,CLI00740,PRD017,V007,1,870.66,0.05,Marketplace,Concluída
PED001748,2025-02-06,CLI00794,PRD008,V007,1,2170.87,0.03,E-commerce,Concluída
PED001749,2025-06-22,CLI01999,PRD016,V002,6,2397.21,0.03,Marketplace,Concluída
PED001750,2025-10-03,CLI00412,PRD007,V008,2,350.87,0.03,Marketplace,Concluída
PED001751,2025-08-02,CLI01123,PRD006,V002,6,207.65,0.0,Marketplace,Concluída
PED001752,2025-11-18,CLI01675,PRD010,V009,1,1634.47,0.0,E-commerce,Concluída
PED001753,2025-05-06,CLI00175,PRD008,V002,1,2276.28,0.05,Loja Física,Concluída
PED001754,2025-04-12,CLI00398,PRD020,V002,1,653.42,0.05,E-commerce,Concluída
PED001755,2025-06-24,CLI02296,PRD009,V005,2,2808.06,0.0,E-commerce,Concluída
PED001756,2025-03-15,CLI01823,PRD007,V002,1,334.67,0.1,Loja Física,Concluída
PED001757,2025-12-23,CLI00832,PRD007,V001,1,345.39,0.0,Marketplace,Cancelada
PED001758,2025-03-09,CLI01114,PRD009,V001,2,2752.31,0.08,Loja Física,Concluída
PED001759,2025-06-24,CLI00936,PRD006,V003,3,190.35,0.08,E-commerce,Concluída
PED001760,2025-07-10,CLI02336,PRD013,V005,2,1107.56,0.08,E-commerce,Concluída
PED001761,2025-01-21,CLI01858,PRD007,V001,2,346.24,0.08,Marketplace,Concluída
PED001762,2025-06-20,CLI00581,PRD007,V002,2,352.66,0.08,E-commerce,Concluída
PED001763,2025-06-15,CLI00217,PRD011,V007,2,2970.48,0.03,Marketplace,Concluída
PED001764,2025-04-05,CLI01217,PRD001,V004,3,4367.97,0.05,Televendas,Cancelada
PED001765,2025-02-16,CLI02012,PRD011,V008,3,3031.1,0.1,Loja Física,Concluída
PED001766,2025-01-17,CLI02129,PRD008,V009,3,2244.44,0.03,Televendas,Cancelada
PED001767,2025-01-04,CLI00257,PRD008,V001,1,2249.52,0.05,E-commerce,Concluída
PED001768,2025-06-25,CLI01623,PRD013,V010,2,1083.68,0.0,E-commerce,Concluída
PED001769,2025-02-02,CLI01150,PRD014,V007,3,1357.36,0.05,Marketplace,Concluída
PED001770,2025-12-17,CLI00513,PRD017,V009,5,852.24,0.0,Marketplace,Concluída
PED001771,2025-03-31,CLI01352,PRD007,V005,2,329.28,0.05,Marketplace,Concluída
PED001772,2025-08-27,CLI00177,PRD006,V001,2,195.52,0.03,E-commerce,Concluída
PED001773,2025-09-03,CLI00142,PRD013,V009,3,1084.57,0.0,Loja Física,Concluída
PED001774,2025-06-30,CLI01403,PRD010,V006,6,1649.4,0.03,E-commerce,Concluída
PED001775,2025-11-19,CLI00421,PRD011,V001,1,2903.48,0.08,E-commerce,Concluída
PED001776,2025-02-10,CLI01423,PRD009,V002,1,2898.93,0.1,E-commerce,Concluída
PED001777,2025-03-27,CLI02447,PRD015,V003,3,1506.88,0.0,Televendas,Concluída
PED001778,2025-04-03,CLI00537,PRD003,V004,3,1046.51,0.0,E-commerce,Concluída
PED001779,2025-02-19,CLI01802,PRD009,V005,1,2991.05,0.08,E-commerce,Concluída
PED001780,2025-04-18,CLI01978,PRD003,V005,1,1020.03,0.05,E-commerce,Concluída
PED001781,2025-04-25,CLI00322,PRD007,V009,2,342.47,0.03,Marketplace,Concluída
PED001782,2025-10-07,CLI00591,PRD012,V010,3,5476.37,0.05,Televendas,Concluída
PED001783,2025-04-21,CLI00534,PRD008,V007,3,2255.37,0.1,Marketplace,Concluída
PED001784,2025-11-16,CLI02431,PRD007,V007,1,333.19,0.0,Loja Física,Concluída
PED001785,2025-10-10,CLI01468,PRD018,V009,1,1017.67,0.05,Marketplace,Concluída
PED001786,2025-11-26,CLI01779,PRD015,V003,3,1585.24,0.0,Televendas,Cancelada
PED001787,2025-02-08,CLI00298,PRD009,V006,1,2814.73,0.1,Loja Física,Concluída
PED001788,2025-12-26,CLI01515,PRD020,V007,2,633.48,0.08,E-commerce,Devolvida
PED001789,2025-08-13,CLI01397,PRD007,V003,2,342.51,0.05,E-commerce,Concluída
PED001790,2025-12-25,CLI01638,PRD015,V010,1,1485.01,0.15,E-commerce,Concluída
PED001791,2025-05-10,CLI01118,PRD003,V003,3,1063.0,0.0,Marketplace,Concluída
PED001792,2025-12-14,CLI00017,PRD005,V001,1,355.92,0.08,Marketplace,Concluída
PED001793,2025-08-03,CLI01663,PRD006,V004,3,198.74,0.08,Loja Física,Cancelada
PED001794,2025-01-27,CLI00903,PRD002,V009,2,3026.26,0.08,Loja Física,Concluída
PED001795,2025-05-30,CLI00656,PRD008,V004,2,2323.16,0.05,Loja Física,Concluída
PED001796,2025-02-20,CLI02167,PRD003,V003,4,1048.5,0.0,Marketplace,Concluída
PED001797,2025-12-10,CLI00432,PRD011,V009,1,2991.03,0.0,Loja Física,Concluída
PED001798,2025-04-22,CLI02305,PRD003,V002,3,1062.13,0.0,E-commerce,Concluída
PED001799,2025-03-23,CLI01230,PRD002,V002,1,2968.94,0.1,Marketplace,Concluída
PED001800,2025-07-21,CLI00479,PRD020,V009,6,680.9,0.03,Loja Física,Concluída
PED001801,2025-06-05,CLI02112,PRD011,V004,1,2962.38,0.05,Loja Física,Concluída
PED001802,2025-02-05,CLI02247,PRD020,V001,2,645.7,0.0,Marketplace,Concluída
PED001803,2025-10-26,CLI02367,PRD008,V005,1,2220.72,0.05,E-commerce,Concluída
PED001804,2025-11-05,CLI00933,PRD001,V008,1,4344.23,0.03,E-commerce,Concluída
PED001805,2025-09-29,CLI02312,PRD010,V008,1,1661.2,0.05,E-commerce,Concluída
PED001806,2025-08-14,CLI01740,PRD009,V001,1,2869.56,0.03,Loja Física,Concluída
PED001807,2025-05-27,CLI00986,PRD001,V003,1,4566.33,0.0,E-commerce,Concluída
PED001808,2025-07-17,CLI02189,PRD017,V007,1,845.34,0.0,Loja Física,Concluída
PED001809,2025-07-10,CLI01287,PRD011,V007,3,2986.34,0.1,E-commerce,Concluída
PED001810,2025-03-02,CLI00556,PRD014,V007,2,1304.47,0.05,Loja Física,Concluída
PED001811,2025-01-30,CLI01875,PRD008,V004,1,2392.23,0.05,E-commerce,Concluída
PED001812,2025-04-03,CLI00340,PRD011,V009,5,2848.84,0.1,Loja Física,Concluída
PED001813,2025-06-15,CLI00734,PRD005,V001,2,379.25,0.05,Loja Física,Concluída
PED001814,2025-02-28,CLI01182,PRD020,V009,1,643.96,0.05,Marketplace,Concluída
PED001815,2025-02-08,CLI01500,PRD007,V010,2,322.88,0.05,E-commerce,Concluída
PED001816,2025-11-07,CLI01558,PRD003,V007,2,1070.75,0.0,Marketplace,Cancelada
PED001817,2025-05-17,CLI02053,PRD001,V005,2,4375.82,0.03,Marketplace,Concluída
PED001818,2025-08-02,CLI01420,PRD011,V004,4,2903.18,0.1,E-commerce,Concluída
PED001819,2025-07-11,CLI01272,PRD020,V005,2,656.52,0.03,E-commerce,Concluída
PED001820,2025-09-26,CLI01700,PRD018,V002,6,985.5,0.0,Televendas,Concluída
PED001821,2025-09-28,CLI01285,PRD013,V003,3,1096.68,0.08,E-commerce,Concluída
PED001822,2025-04-19,CLI02297,PRD020,V007,6,664.49,0.0,Loja Física,Concluída
PED001823,2025-11-06,CLI00982,PRD013,V006,2,1092.28,0.05,Loja Física,Cancelada
PED001824,2025-05-16,CLI00287,PRD006,V005,2,200.03,0.08,Televendas,Concluída
PED001825,2025-11-01,CLI01543,PRD010,V005,3,1623.23,0.03,Loja Física,Cancelada
PED001826,2025-05-28,CLI02409,PRD002,V001,3,3050.96,0.0,Televendas,Concluída
PED001827,2025-02-10,CLI00502,PRD004,V009,1,1584.62,0.03,E-commerce,Concluída
PED001828,2025-10-05,CLI00402,PRD007,V010,1,332.37,0.08,E-commerce,Cancelada
PED001829,2025-01-12,CLI01058,PRD004,V003,1,1597.11,0.1,E-commerce,Cancelada
PED001830,2025-10-09,CLI02332,PRD020,V004,1,641.7,0.08,E-commerce,Concluída
PED001831,2025-01-16,CLI00693,PRD020,V007,4,661.14,0.0,E-commerce,Concluída
PED001832,2025-03-17,CLI01897,PRD006,V001,3,189.68,0.0,Marketplace,Concluída
PED001833,2025-08-09,CLI00675,PRD013,V002,1,1115.11,0.05,Marketplace,Concluída
PED001834,2025-12-10,CLI02029,PRD007,V010,1,336.65,0.08,E-commerce,Concluída
PED001835,2025-05-30,CLI00641,PRD003,V002,1,971.92,0.0,E-commerce,Concluída
PED001836,2025-02-14,CLI02187,PRD006,V006,3,190.89,0.0,E-commerce,Concluída
PED001837,2025-03-27,CLI01248,PRD004,V009,4,1593.05,0.0,E-commerce,Concluída
PED001838,2025-11-24,CLI00282,PRD006,V008,1,199.02,0.03,Marketplace,Concluída
PED001839,2025-09-23,CLI02352,PRD004,V003,1,1600.04,0.05,Loja Física,Concluída
PED001840,2025-02-06,CLI01660,PRD002,V002,5,2903.14,0.1,Televendas,Concluída
PED001841,2025-05-21,CLI00014,PRD004,V008,2,1574.14,0.0,E-commerce,Concluída
PED001842,2025-04-07,CLI00866,PRD019,V005,4,1058.4,0.05,E-commerce,Concluída
PED001843,2025-03-06,CLI02228,PRD002,V010,1,3013.03,0.03,E-commerce,Concluída
PED001844,2025-11-05,CLI00951,PRD006,V007,1,196.38,0.03,E-commerce,Concluída
PED001845,2025-08-14,CLI02386,PRD009,V001,2,2906.67,0.0,Loja Física,Concluída
PED001846,2025-03-07,CLI01316,PRD006,V003,1,188.12,0.0,E-commerce,Concluída
PED001847,2025-08-26,CLI00300,PRD009,V008,3,2824.52,0.0,E-commerce,Concluída
PED001848,2025-05-31,CLI01498,PRD001,V008,3,4588.32,0.08,Loja Física,Concluída
PED001849,2025-01-23,CLI00160,PRD011,V008,1,2983.53,0.05,Loja Física,Cancelada
PED001850,2025-06-14,CLI01757,PRD009,V003,2,2841.55,0.05,Marketplace,Concluída
PED001851,2025-03-09,CLI00206,PRD012,V003,3,5374.38,0.05,Marketplace,Concluída
PED001852,2025-03-31,CLI01527,PRD009,V003,5,2942.02,0.03,E-commerce,Concluída
PED001853,2025-11-17,CLI00403,PRD008,V007,1,2355.34,0.0,Loja Física,Concluída
PED001854,2025-09-17,CLI00568,PRD006,V001,3,191.18,0.0,E-commerce,Concluída
PED001855,2025-02-18,CLI00497,PRD004,V009,1,1563.09,0.0,Televendas,Concluída
PED001856,2025-11-07,CLI00906,PRD008,V003,4,2284.23,0.0,Marketplace,Concluída
PED001857,2025-07-29,CLI01512,PRD001,V005,2,4407.47,0.15,Marketplace,Concluída
PED001858,2025-11-16,CLI02154,PRD006,V003,1,199.21,0.15,Marketplace,Concluída
PED001859,2025-09-30,CLI01618,PRD012,V005,3,5764.34,0.08,Marketplace,Concluída
PED001860,2025-05-04,CLI01785,PRD002,V008,3,2920.95,0.05,Loja Física,Concluída
PED001861,2025-07-15,CLI02134,PRD001,V002,3,4371.18,0.05,E-commerce,Concluída
PED001862,2025-07-13,CLI01150,PRD011,V006,1,2989.41,0.05,Marketplace,Concluída
PED001863,2025-09-20,CLI00245,PRD007,V001,3,348.05,0.05,Loja Física,Concluída
PED001864,2025-04-01,CLI00595,PRD016,V002,3,2308.57,0.0,Loja Física,Concluída
PED001865,2025-05-02,CLI02474,PRD020,V007,1,636.32,0.15,Marketplace,Concluída
PED001866,2025-03-31,CLI02081,PRD020,V006,1,638.73,0.08,Marketplace,Concluída
PED001867,2025-04-19,CLI02483,PRD007,V007,4,356.54,0.0,Loja Física,Concluída
PED001868,2025-02-28,CLI00624,PRD005,V003,2,351.73,0.05,E-commerce,Concluída
PED001869,2025-01-14,CLI00374,PRD010,V003,2,1631.35,0.08,Loja Física,Devolvida
PED001870,2025-12-10,CLI02261,PRD011,V005,4,2993.4,0.1,Loja Física,Concluída
PED001871,2025-01-28,CLI02499,PRD011,V002,1,2856.54,0.03,Loja Física,Concluída
PED001872,2025-11-21,CLI01100,PRD006,V009,3,198.1,0.05,Marketplace,Concluída
PED001873,2025-01-02,CLI02451,PRD001,V003,2,4159.46,0.03,E-commerce,Concluída
PED001874,2025-10-11,CLI01657,PRD004,V008,1,1613.12,0.03,Marketplace,Concluída
PED001875,2025-04-30,CLI02114,PRD003,V002,6,1037.1,0.0,Loja Física,Concluída
PED001876,2025-07-08,CLI00557,PRD002,V007,3,3005.9,0.0,Loja Física,Concluída
PED001877,2025-04-14,CLI01429,PRD020,V003,1,632.11,0.03,Loja Física,Concluída
PED001878,2025-06-29,CLI00384,PRD001,V003,4,4391.69,0.03,Marketplace,Concluída
PED001879,2025-06-14,CLI01891,PRD010,V005,5,1643.07,0.08,Televendas,Concluída
PED001880,2025-07-13,CLI00593,PRD020,V002,3,667.14,0.05,E-commerce,Concluída
PED001881,2025-05-24,CLI02137,PRD006,V002,1,199.97,0.03,E-commerce,Concluída
PED001882,2025-07-15,CLI01394,PRD009,V008,1,2759.04,0.03,Loja Física,Concluída
PED001883,2025-10-29,CLI01715,PRD013,V004,3,1062.84,0.08,Loja Física,Concluída
PED001884,2025-06-08,CLI01720,PRD006,V006,4,193.8,0.05,Loja Física,Concluída
PED001885,2025-05-12,CLI02258,PRD008,V007,1,2278.65,0.05,Loja Física,Concluída
PED001886,2025-02-18,CLI01204,PRD016,V007,2,2336.65,0.0,Marketplace,Concluída
PED001887,2025-05-12,CLI00991,PRD014,V007,1,1336.43,0.0,E-commerce,Concluída
PED001888,2025-02-15,CLI01969,PRD016,V010,2,2511.87,0.1,Marketplace,Concluída
PED001889,2025-03-08,CLI01001,PRD020,V007,2,637.86,0.0,Marketplace,Concluída
PED001890,2025-12-14,CLI00380,PRD006,V004,1,203.67,0.03,Marketplace,Concluída
PED001891,2025-02-02,CLI01580,PRD014,V003,2,1337.3,0.0,E-commerce,Concluída
PED001892,2025-06-25,CLI02343,PRD010,V009,2,1555.11,0.05,Loja Física,Concluída
PED001893,2025-11-01,CLI01596,PRD012,V005,2,5536.76,0.08,Loja Física,Concluída
PED001894,2025-12-14,CLI01500,PRD014,V006,4,1379.8,0.05,Loja Física,Concluída
PED001895,2025-02-23,CLI00666,PRD014,V009,1,1363.5,0.1,Loja Física,Concluída
PED001896,2025-03-01,CLI00831,PRD018,V003,1,975.61,0.0,Loja Física,Concluída
PED001897,2025-05-16,CLI01505,PRD006,V003,2,196.95,0.03,Marketplace,Concluída
PED001898,2025-07-22,CLI01369,PRD011,V001,2,2900.16,0.15,E-commerce,Concluída
PED001899,2025-12-17,CLI02358,PRD005,V001,1,368.63,0.03,E-commerce,Concluída
PED001900,2025-03-17,CLI01106,PRD010,V007,5,1626.83,0.08,E-commerce,Concluída
PED001901,2025-03-02,CLI01692,PRD014,V006,1,1320.75,0.05,Loja Física,Concluída
PED001902,2025-04-03,CLI02021,PRD015,V003,1,1586.22,0.0,Loja Física,Concluída
PED001903,2025-11-16,CLI01667,PRD007,V003,3,339.41,0.15,E-commerce,Concluída
PED001904,2025-01-11,CLI00717,PRD008,V007,4,2341.06,0.03,Marketplace,Concluída
PED001905,2025-05-19,CLI02060,PRD006,V001,2,199.13,0.05,Marketplace,Concluída
PED001906,2025-02-13,CLI01561,PRD003,V008,1,1015.6,0.0,Televendas,Concluída
PED001907,2025-02-27,CLI01200,PRD005,V010,1,350.23,0.05,E-commerce,Concluída
PED001908,2025-12-01,CLI01826,PRD019,V005,1,1075.29,0.05,Marketplace,Concluída
PED001909,2025-01-01,CLI02077,PRD006,V005,2,208.33,0.0,Marketplace,Concluída
PED001910,2025-04-28,CLI02431,PRD020,V006,2,642.31,0.15,Televendas,Concluída
PED001911,2025-12-01,CLI01844,PRD004,V001,1,1635.82,0.0,Loja Física,Concluída
PED001912,2025-08-10,CLI00227,PRD013,V007,2,1050.0,0.03,Marketplace,Concluída
PED001913,2025-01-27,CLI01492,PRD010,V004,3,1600.15,0.0,E-commerce,Concluída
PED001914,2025-06-19,CLI01554,PRD013,V005,1,1080.32,0.05,E-commerce,Concluída
PED001915,2025-12-21,CLI00179,PRD011,V001,1,3061.35,0.03,E-commerce,Cancelada
PED001916,2025-05-27,CLI00908,PRD013,V009,3,1050.4,0.05,E-commerce,Concluída
PED001917,2025-07-12,CLI00219,PRD019,V004,1,1073.76,0.05,Marketplace,Cancelada
PED001918,2025-07-14,CLI00983,PRD009,V001,1,2927.27,0.08,Televendas,Concluída
PED001919,2025-08-30,CLI01107,PRD001,V008,1,4540.69,0.15,E-commerce,Concluída
PED001920,2025-03-10,CLI01065,PRD005,V010,2,364.49,0.1,Loja Física,Concluída
PED001921,2025-11-03,CLI01904,PRD013,V006,2,1103.77,0.03,E-commerce,Concluída
PED001922,2025-12-27,CLI00842,PRD008,V001,2,2217.56,0.08,E-commerce,Concluída
PED001923,2025-02-22,CLI00928,PRD009,V010,1,2768.06,0.0,E-commerce,Cancelada
PED001924,2025-10-26,CLI01323,PRD010,V003,2,1597.57,0.0,Loja Física,Concluída
PED001925,2025-10-26,CLI00352,PRD007,V003,1,334.51,0.03,E-commerce,Devolvida
PED001926,2025-09-28,CLI00610,PRD015,V008,3,1578.96,0.03,E-commerce,Concluída
PED001927,2025-05-16,CLI01579,PRD013,V004,6,1052.33,0.05,Loja Física,Concluída
PED001928,2025-06-21,CLI02125,PRD013,V001,2,1092.22,0.03,Loja Física,Concluída
PED001929,2025-11-03,CLI01655,PRD013,V007,1,1076.88,0.05,Loja Física,Concluída
PED001930,2025-02-25,CLI02090,PRD018,V003,3,955.77,0.15,Marketplace,Concluída
PED001931,2025-10-30,CLI00476,PRD010,V009,1,1681.07,,E-commerce,Concluída
PED001932,2025-12-03,CLI00234,PRD020,V002,1,630.66,0.03,E-commerce,Concluída
PED001933,2025-09-06,CLI02038,PRD002,V010,5,3101.11,0.0,Loja Física,Concluída
PED001934,2025-05-05,CLI00189,PRD011,V008,1,2997.46,0.0,Marketplace,Concluída
PED001935,2025-07-24,CLI02220,PRD013,V003,1,1058.56,0.15,Loja Física,Concluída
PED001936,2025-01-19,CLI01044,PRD008,V006,2,2336.6,0.0,E-commerce,Concluída
PED001937,2025-12-07,CLI00066,PRD005,V010,2,350.56,0.0,E-commerce,Concluída
PED001938,2025-05-05,CLI01672,PRD009,V001,2,2955.28,0.03,Loja Física,Concluída
PED001939,2025-01-21,CLI02495,PRD006,V009,1,198.47,0.0,Marketplace,Concluída
PED001940,2025-10-17,CLI01504,PRD019,V005,3,1047.86,0.05,Marketplace,Concluída
PED001941,2025-08-29,CLI02016,PRD006,V010,1,190.46,0.15,E-commerce,Concluída
PED001942,2025-08-16,CLI00519,PRD003,V003,5,1025.25,0.08,E-commerce,Concluída
PED001943,2025-01-20,CLI02317,PRD010,V008,1,1680.36,0.03,Loja Física,Concluída
PED001944,2025-10-02,CLI01378,PRD007,V010,1,340.52,0.05,Marketplace,Concluída
PED001945,2025-08-21,CLI01901,PRD002,V004,2,2979.02,0.1,E-commerce,Concluída
PED001946,2025-10-17,CLI00051,PRD009,V002,1,2865.61,0.0,Marketplace,Concluída
PED001947,2025-10-29,CLI00881,PRD009,V004,2,2719.95,0.08,Marketplace,Concluída
PED001948,2025-03-19,CLI00414,PRD003,V006,1,1057.08,0.05,E-commerce,Concluída
PED001949,2025-03-18,CLI02307,PRD010,V007,1,1699.76,0.08,Loja Física,Concluída
PED001950,2025-12-04,CLI00699,PRD009,V005,1,2919.23,0.0,E-commerce,Concluída
PED001951,2025-07-13,CLI01381,PRD015,V010,1,1553.48,0.08,E-commerce,Concluída
PED001952,2025-06-09,CLI01828,PRD006,V006,1,192.47,0.08,Televendas,Concluída
PED001953,2025-04-15,CLI00648,PRD005,V007,1,350.8,0.05,E-commerce,Concluída
PED001954,2025-08-22,CLI01881,PRD020,V010,1,627.85,0.0,E-commerce,Concluída
PED001955,2025-10-03,CLI01644,PRD009,V010,3,3024.81,0.0,Loja Física,Concluída
PED001956,2025-01-01,CLI00308,PRD001,V004,3,4358.22,0.08,E-commerce,Concluída
PED001957,2025-07-21,CLI00630,PRD016,V003,1,2399.64,0.05,E-commerce,Concluída
PED001958,2025-12-29,CLI00422,PRD003,V008,1,1057.74,0.15,Televendas,Concluída
PED001959,2025-04-13,CLI00531,PRD015,V006,1,1575.7,0.03,E-commerce,Concluída
PED001960,2025-04-13,CLI00491,PRD013,V005,1,1060.15,0.0,Loja Física,Concluída
PED001961,2025-11-17,CLI01521,PRD020,V007,2,654.53,0.08,Televendas,Cancelada
PED001962,2025-01-23,CLI01427,PRD020,V007,1,628.66,0.08,Loja Física,Cancelada
PED001963,2025-05-26,CLI01224,PRD005,V010,6,365.98,0.05,E-commerce,Concluída
PED001964,2025-06-17,CLI00214,PRD014,V004,3,1307.45,0.08,Marketplace,Concluída
PED001965,2025-10-19,CLI01819,PRD006,V008,1,194.68,0.03,E-commerce,Concluída
PED001966,2025-02-17,CLI01969,PRD011,V003,1,2904.33,0.0,Televendas,Concluída
PED001967,2025-06-08,CLI01922,PRD010,V010,1,1702.2,0.0,Marketplace,Concluída
PED001968,2025-02-25,CLI01692,PRD001,V001,1,4101.1,0.0,Loja Física,Concluída
PED001969,2025-10-15,CLI01472,PRD001,V008,2,4621.28,0.05,Marketplace,Concluída
PED001970,2025-08-19,CLI01779,PRD001,V002,1,4278.85,0.0,Marketplace,Cancelada
PED001971,2025-07-01,CLI00941,PRD002,V009,1,2984.43,0.1,E-commerce,Concluída
PED001972,2025-05-24,CLI00737,PRD005,V010,1,364.28,0.0,Televendas,Concluída
PED001973,2025-02-25,CLI01428,PRD019,V009,2,1099.87,0.05,Marketplace,Concluída
PED001974,2025-12-03,CLI01378,PRD009,V008,1,2923.12,0.05,E-commerce,Concluída
PED001975,2025-08-25,CLI00383,PRD015,V005,5,1594.06,0.0,Loja Física,Concluída
PED001976,2025-04-27,CLI00764,PRD017,V003,1,897.13,0.05,Loja Física,Concluída
PED001977,2025-06-01,CLI00410,PRD014,V010,1,1366.79,0.15,Loja Física,Concluída
PED001978,2025-09-23,CLI01079,PRD007,V006,2,340.98,0.1,E-commerce,Concluída
PED001979,2025-09-20,CLI01940,PRD017,V009,2,841.86,0.0,E-commerce,Concluída
PED001980,2025-06-18,CLI00223,PRD014,V008,1,1322.82,0.05,Loja Física,Concluída
PED001981,2025-04-21,CLI01539,PRD014,V008,2,1385.64,0.0,E-commerce,Concluída
PED001982,2025-08-29,CLI00490,PRD019,V004,1,1138.8,0.03,Loja Física,Concluída
PED001983,2025-08-29,CLI01421,PRD010,V005,1,1685.97,0.03,Televendas,Concluída
PED001984,2025-08-07,CLI00206,PRD009,V005,1,2636.27,0.1,Marketplace,Concluída
PED001985,2025-01-27,CLI00470,PRD018,V007,2,914.94,0.05,Loja Física,Concluída
PED001986,2025-06-22,CLI01549,PRD008,V008,2,2267.99,0.0,Loja Física,Concluída
PED001987,2025-08-13,CLI02395,PRD016,V002,2,2336.79,0.15,Televendas,Concluída
PED001988,2025-12-13,CLI02011,PRD001,V003,5,4369.0,0.05,Loja Física,Concluída
PED001989,2025-07-11,CLI02487,PRD001,V001,2,4503.48,0.0,Marketplace,Concluída
PED001990,2025-05-06,CLI02449,PRD009,V006,4,2948.76,0.08,Loja Física,Concluída
PED001991,2025-07-22,CLI01401,PRD002,V007,2,3006.75,0.05,E-commerce,Concluída
PED001992,2025-03-06,CLI01714,PRD020,V003,2,621.53,0.03,E-commerce,Concluída
PED001993,2025-02-03,CLI01077,PRD001,V008,2,4232.64,0.0,E-commerce,Concluída
PED001994,2025-09-05,CLI02148,PRD013,V001,1,1087.26,0.0,Marketplace,Concluída
PED001995,2025-12-26,CLI00477,PRD005,V009,1,364.31,0.0,Televendas,Concluída
PED001996,2025-11-05,CLI00864,PRD020,V007,2,626.49,0.08,E-commerce,Concluída
PED001997,2025-08-02,CLI02349,PRD007,V007,1,347.63,0.0,E-commerce,Concluída
PED001998,2025-01-15,CLI02006,PRD001,V008,1,4175.52,0.03,Marketplace,Concluída
PED001999,2025-12-27,CLI00200,PRD001,V004,3,4076.09,0.15,Marketplace,Concluída
PED002000,2025-06-14,CLI00566,PRD009,V010,2,2800.11,0.15,Loja Física,Concluída
PED002001,2025-04-16,CLI02030,PRD020,V008,1,668.33,0.08,E-commerce,Concluída
PED002002,2025-11-22,CLI01386,PRD020,V002,1,670.74,0.08,E-commerce,Cancelada
PED002003,2025-09-30,CLI01955,PRD006,V010,4,188.98,0.1,E-commerce,Concluída
PED002004,2025-10-01,CLI00944,PRD008,V008,5,2182.31,0.08,Marketplace,Devolvida
PED002005,2025-04-12,CLI01969,PRD002,V004,2,3050.61,0.03,Marketplace,Concluída
PED002006,2025-12-29,CLI01719,PRD009,V010,1,2831.2,0.0,Marketplace,Concluída
PED002007,2025-06-15,CLI01392,PRD010,V003,1,1700.86,0.0,E-commerce,Concluída
PED002008,2025-07-13,CLI01466,PRD005,V007,1,367.26,0.03,Marketplace,Concluída
PED002009,2025-10-02,CLI00125,PRD010,V007,3,1682.36,0.0,Loja Física,Concluída
PED002010,2025-08-29,CLI01945,PRD019,V010,2,1068.51,0.03,Loja Física,Concluída
PED002011,2025-03-04,CLI01529,PRD001,V006,3,4415.28,0.0,E-commerce,Concluída
PED002012,2025-04-21,CLI00578,PRD004,V010,1,1686.32,0.05,E-commerce,Concluída
PED002013,2025-05-12,CLI00259,PRD004,V003,4,1611.1,0.03,Marketplace,Concluída
PED002014,2025-12-12,CLI02234,PRD002,V009,1,2990.29,0.0,Marketplace,Concluída
PED002015,2025-09-18,CLI01109,PRD003,V003,1,1024.46,0.05,E-commerce,Concluída
PED002016,2025-05-14,CLI00786,PRD011,V010,2,2818.87,0.0,Loja Física,Concluída
PED002017,2025-09-26,CLI02184,PRD002,V008,2,2911.41,0.03,Loja Física,Concluída
PED002018,2025-09-27,CLI00171,PRD014,V007,4,1312.31,0.0,E-commerce,Concluída
PED002019,2025-05-24,CLI02192,PRD018,V001,2,929.55,0.05,E-commerce,Concluída
PED002020,2025-05-28,CLI00988,PRD020,V005,5,621.22,0.1,Televendas,Concluída
PED002021,2025-11-23,CLI01974,PRD011,V002,1,2756.74,0.0,Loja Física,Concluída
PED002022,2025-07-25,CLI00084,PRD003,V010,1,1015.48,0.08,Marketplace,Concluída
PED002023,2025-02-24,CLI01893,PRD002,V004,1,3044.2,0.1,Marketplace,Concluída
PED002024,2025-09-20,CLI01642,PRD004,V009,1,1592.69,0.15,E-commerce,Concluída
PED002025,2025-08-04,CLI02216,PRD020,V010,3,641.11,0.08,Loja Física,Concluída
PED002026,2025-07-05,CLI00472,PRD020,V002,1,658.54,0.05,Loja Física,Concluída
PED002027,2025-09-22,CLI00261,PRD007,V008,1,356.42,0.0,E-commerce,Concluída
PED002028,2025-11-28,CLI01850,PRD006,V004,1,208.02,0.0,Marketplace,Concluída
PED002029,2025-05-01,CLI01670,PRD009,V002,3,2873.08,0.0,E-commerce,Concluída
PED002030,2025-06-03,CLI02273,PRD005,V003,5,358.01,0.03,Marketplace,Concluída
PED002031,2025-03-11,CLI01954,PRD020,V006,3,639.48,0.15,E-commerce,Concluída
PED002032,2025-08-25,CLI01475,PRD004,V009,1,1629.12,0.0,Loja Física,Concluída
PED002033,2025-05-27,CLI02061,PRD006,V007,2,196.06,0.05,Loja Física,Concluída
PED002034,2025-05-05,CLI01661,PRD008,V003,1,2259.76,0.15,Marketplace,Concluída
PED002035,2025-09-12,CLI00376,PRD002,V003,4,2987.19,0.0,E-commerce,Concluída
PED002036,2025-05-29,CLI01070,PRD007,V004,1,333.93,0.0,Marketplace,Concluída
PED002037,2025-06-19,CLI00555,PRD017,V008,5,803.89,0.0,E-commerce,Concluída
PED002038,2025-06-10,CLI00222,PRD003,V006,3,1018.41,0.0,Loja Física,Concluída
PED002039,2025-04-05,CLI00405,PRD010,V001,3,1704.61,0.05,E-commerce,Cancelada
PED002040,2025-02-15,CLI01077,PRD007,V001,3,354.04,0.03,E-commerce,Concluída
PED002041,2025-10-29,CLI01417,PRD003,V001,1,1060.07,0.05,Marketplace,Concluída
PED002042,2025-02-03,CLI01026,PRD001,V010,1,4312.93,0.0,Loja Física,Concluída
PED002043,2025-04-29,CLI02443,PRD005,V006,1,353.42,0.05,Loja Física,Concluída
PED002044,2025-09-01,CLI00966,PRD001,V005,1,4544.19,0.0,E-commerce,Concluída
PED002045,2025-02-17,CLI01211,PRD007,V008,3,332.72,0.03,E-commerce,Cancelada
PED002046,2025-08-28,CLI01562,PRD016,V002,2,2348.88,0.0,Loja Física,Concluída
PED002047,2025-09-25,CLI00570,PRD013,V001,4,1131.28,0.08,E-commerce,Concluída
PED002048,2025-08-30,CLI01282,PRD020,V003,4,648.15,0.05,E-commerce,Concluída
PED002049,2025-04-22,CLI00563,PRD007,V003,1,339.47,0.0,E-commerce,Concluída
PED002050,2025-01-08,CLI02274,PRD013,V008,1,1116.9,0.05,Loja Física,Concluída
PED002051,2025-11-20,CLI01138,PRD012,V009,1,5520.32,0.03,Televendas,Concluída
PED002052,2025-04-30,CLI01894,PRD004,V007,1,1613.26,0.08,Loja Física,Concluída
PED002053,2025-10-21,CLI01125,PRD006,V010,2,204.28,0.15,Loja Física,Concluída
PED002054,2025-03-14,CLI01782,PRD009,V005,3,2680.6,0.0,Loja Física,Concluída
PED002055,2025-03-01,CLI00318,PRD015,V003,3,1584.19,0.05,Loja Física,Concluída
PED002056,2025-10-12,CLI02263,PRD008,V004,2,2224.96,0.0,Marketplace,Concluída
PED002057,2025-12-10,CLI00766,PRD004,V002,3,1597.07,0.08,Loja Física,Concluída
PED002058,2025-11-11,CLI01199,PRD020,V010,2,647.97,0.0,Loja Física,Concluída
PED002059,2025-10-02,CLI01898,PRD002,V007,6,2943.11,0.05,Loja Física,Concluída
PED002060,2025-04-01,CLI02298,PRD020,V008,3,649.84,0.1,Loja Física,Concluída
PED002061,2025-11-30,CLI01331,PRD016,V003,3,2369.18,0.03,E-commerce,Concluída
PED002062,2025-09-01,CLI01037,PRD017,V008,1,858.0,0.08,Loja Física,Concluída
PED002063,2025-03-04,CLI01183,PRD015,V004,3,1574.47,0.0,E-commerce,Concluída
PED002064,2025-02-17,CLI00721,PRD004,V005,1,1600.67,0.1,Marketplace,Concluída
PED002065,2025-11-14,CLI00974,PRD011,V007,1,2929.28,0.08,E-commerce,Concluída
PED002066,2025-04-11,CLI01978,PRD014,V010,2,1344.9,0.03,Loja Física,Concluída
PED002067,2025-10-07,CLI01749,PRD014,V006,1,1310.62,0.0,E-commerce,Concluída
PED002068,2025-02-20,CLI02003,PRD005,V008,1,372.0,0.05,Loja Física,Concluída
PED002069,2025-04-13,CLI00773,PRD003,V006,1,1033.38,0.05,Loja Física,Devolvida
PED002070,2025-04-14,CLI01028,PRD006,V005,3,194.85,0.0,E-commerce,Devolvida
PED002071,2025-04-13,CLI00231,PRD008,V010,2,2290.87,0.1,Loja Física,Concluída
PED002072,2025-09-04,CLI01586,PRD010,V010,5,1639.96,0.08,Loja Física,Devolvida
PED002073,2025-11-30,CLI01762,PRD017,V004,3,880.18,0.15,Loja Física,Cancelada
PED002074,2025-11-29,CLI02167,PRD014,V009,1,1372.26,0.0,E-commerce,Concluída
PED002075,2025-09-28,CLI02205,PRD012,V005,3,5523.2,0.03,Loja Física,Concluída
PED002076,2025-03-15,CLI00072,PRD005,V008,2,369.01,0.0,Loja Física,Concluída
PED002077,2025-12-17,CLI00434,PRD008,V006,1,2281.76,0.0,Marketplace,Concluída
PED002078,2025-07-17,CLI01911,PRD006,V008,6,191.15,0.0,E-commerce,Concluída
PED002079,2025-07-19,CLI01159,PRD004,V009,4,1641.1,0.0,Marketplace,Concluída
PED002080,2025-09-14,CLI00872,PRD001,V005,1,4159.36,0.05,E-commerce,Concluída
PED002081,2025-10-08,CLI01142,PRD006,V008,3,179.52,0.0,E-commerce,Concluída
PED002082,2025-12-14,CLI02327,PRD005,V006,1,366.84,0.0,Marketplace,Concluída
PED002083,2025-08-01,CLI02397,PRD010,V008,4,1662.92,0.05,E-commerce,Concluída
PED002084,2025-08-11,CLI00348,PRD001,V002,2,4407.96,0.08,Marketplace,Concluída
PED002085,2025-09-30,CLI01619,PRD005,V008,1,373.08,0.08,Marketplace,Concluída
PED002086,2025-04-04,CLI01610,PRD001,V006,3,4364.13,0.05,Loja Física,Concluída
PED002087,2025-04-23,CLI01080,PRD011,V005,2,2908.7,0.0,E-commerce,Concluída
PED002088,2025-08-17,CLI01898,PRD010,V004,1,1677.44,0.05,Loja Física,Concluída
PED002089,2025-01-24,CLI00473,PRD006,V008,3,193.32,0.05,E-commerce,Concluída
PED002090,2025-04-27,CLI00363,PRD003,V004,3,1029.57,0.0,Marketplace,Concluída
PED002091,2025-09-20,CLI00877,PRD020,V001,2,650.23,0.0,E-commerce,Concluída
PED002092,2025-12-23,CLI02189,PRD010,V010,3,1658.35,0.1,E-commerce,Concluída
PED002093,2025-07-09,CLI00096,PRD012,V005,1,5464.52,0.0,E-commerce,Concluída
PED002094,2025-05-26,CLI01013,PRD009,V002,1,2827.64,0.0,Marketplace,Concluída
PED002095,2025-06-10,CLI01544,PRD016,V003,2,2280.87,0.0,E-commerce,Concluída
PED002096,2025-09-08,CLI00077,PRD018,V009,1,950.32,0.1,E-commerce,Concluída
PED002097,2025-07-18,CLI00678,PRD007,V004,2,357.53,0.05,E-commerce,Concluída
PED002098,2025-01-09,CLI01642,PRD013,V003,5,1078.22,0.15,Marketplace,Concluída
PED002099,2025-07-16,CLI01932,PRD004,V005,3,1612.99,0.08,E-commerce,Concluída
PED002100,2025-05-27,CLI00012,PRD011,V001,2,2826.99,0.08,Marketplace,Concluída
PED002101,2025-09-13,CLI01696,PRD007,V006,2,363.89,0.0,E-commerce,Concluída
PED002102,2025-11-16,CLI02345,PRD001,V001,4,4272.78,0.03,Televendas,Concluída
PED002103,2025-12-18,CLI01244,PRD020,V009,4,627.17,0.08,Marketplace,Concluída
PED002104,2025-08-11,CLI01282,PRD018,V005,1,967.92,0.15,E-commerce,Concluída
PED002105,2025-05-13,CLI01982,PRD005,V003,2,352.51,0.1,Marketplace,Concluída
PED002106,2025-06-12,CLI02194,PRD020,V005,1,652.05,0.1,Televendas,Concluída
PED002107,2025-03-06,CLI00738,PRD006,V002,1,189.39,0.05,E-commerce,Concluída
PED002108,2025-12-08,CLI01670,PRD008,V004,1,2332.9,0.05,Marketplace,Concluída
PED002109,2025-11-06,CLI01818,PRD017,V002,2,873.72,0.05,Televendas,Concluída
PED002110,2025-11-08,CLI02346,PRD006,V007,3,196.25,0.03,Loja Física,Concluída
PED002111,2025-04-30,CLI01052,PRD008,V010,4,2174.53,0.0,E-commerce,Concluída
PED002112,2025-04-28,CLI01355,PRD012,V005,1,5398.5,0.03,E-commerce,Concluída
PED002113,2025-11-09,CLI00950,PRD002,V001,1,2998.34,0.0,E-commerce,Concluída
PED002114,2025-07-18,CLI00814,PRD007,V001,1,331.63,0.0,Televendas,Concluída
PED002115,2025-09-15,CLI00839,PRD006,V009,1,191.67,0.03,E-commerce,Concluída
PED002116,2025-06-28,CLI00201,PRD012,V004,1,5654.95,0.05,Marketplace,Concluída
PED002117,2025-06-11,CLI01855,PRD003,V003,6,1039.75,0.05,Marketplace,Concluída
PED002118,2025-08-19,CLI00635,PRD004,V002,1,1610.34,0.05,Marketplace,Concluída
PED002119,2025-10-24,CLI01462,PRD013,V007,3,1099.74,0.08,E-commerce,Concluída
PED002120,2025-05-02,CLI02264,PRD003,V001,1,1031.5,0.03,E-commerce,Concluída
PED002121,2025-10-23,CLI01059,PRD007,V010,2,341.47,0.03,Loja Física,Cancelada
PED002122,2025-03-31,CLI02459,PRD013,V003,4,1097.8,0.05,Loja Física,Concluída
PED002123,2025-05-28,CLI00154,PRD014,V001,5,1369.39,0.0,E-commerce,Concluída
PED002124,2025-11-30,CLI00093,PRD002,V008,1,3030.94,0.05,Loja Física,Concluída
PED002125,2025-12-15,CLI00844,PRD017,V004,4,884.83,0.08,E-commerce,Concluída
PED002126,2025-12-04,CLI00642,PRD013,V007,1,1086.1,0.0,Marketplace,Concluída
PED002127,2025-04-26,CLI01930,PRD006,V001,3,190.2,0.1,Loja Física,Concluída
PED002128,2025-11-04,CLI00508,PRD014,V009,1,1378.76,0.0,E-commerce,Concluída
PED002129,2025-12-08,CLI02067,PRD013,V004,2,1078.78,0.05,Loja Física,Concluída
PED002130,2025-12-24,CLI01289,PRD010,V008,3,1613.07,0.1,E-commerce,Concluída
PED002131,2025-01-08,CLI00595,PRD009,V010,3,2913.72,0.08,Loja Física,Concluída
PED002132,2025-09-29,CLI01147,PRD014,V006,3,1354.68,0.05,Loja Física,Concluída
PED002133,2025-12-30,CLI01606,PRD020,V004,1,625.49,0.05,Marketplace,Concluída
PED002134,2025-10-07,CLI02454,PRD010,V004,4,1672.25,0.0,E-commerce,Concluída
PED002135,2025-03-27,CLI00161,PRD016,V007,1,2456.53,0.05,Loja Física,Concluída
PED002136,2025-10-06,CLI00885,PRD014,V001,1,1353.1,0.05,Loja Física,Concluída
PED002137,2025-02-08,CLI01135,PRD017,V002,1,848.19,0.0,Marketplace,Concluída
PED002138,2025-06-25,CLI01483,PRD020,V007,1,619.19,0.0,E-commerce,Concluída
PED002139,2025-08-17,CLI02203,PRD003,V001,1,1088.85,0.15,Televendas,Concluída
PED002140,2025-06-16,CLI01990,PRD003,V003,2,1022.35,0.0,E-commerce,Concluída
PED002141,2025-09-13,CLI01274,PRD010,V007,1,1586.79,0.1,E-commerce,Concluída
PED002142,2025-03-29,CLI00038,PRD008,V003,2,2274.71,0.0,E-commerce,Devolvida
PED002143,2025-08-10,CLI00607,PRD010,V010,1,1686.14,0.03,Marketplace,Concluída
PED002144,2025-08-24,CLI01977,PRD015,V010,2,1618.61,0.05,Marketplace,Concluída
PED002145,2025-08-20,CLI01201,PRD020,V001,1,635.29,0.05,Loja Física,Concluída
PED002146,2025-04-16,CLI01733,PRD007,V002,1,341.14,0.05,E-commerce,Concluída
PED002147,2025-04-22,CLI01739,PRD013,V010,2,1085.44,0.03,Loja Física,Concluída
PED002148,2025-04-05,CLI02273,PRD003,V001,5,1061.03,0.05,Marketplace,Concluída
PED002149,2025-06-18,CLI00695,PRD009,V005,6,2905.17,0.08,Marketplace,Concluída
PED002150,2025-08-02,CLI02410,PRD001,V010,1,4396.37,0.03,Loja Física,Concluída
PED002151,2025-05-13,CLI01802,PRD008,V006,5,2320.3,0.05,E-commerce,Concluída
PED002152,2025-05-30,CLI01417,PRD009,V004,2,2765.26,0.03,E-commerce,Concluída
PED002153,2025-04-15,CLI00341,PRD014,V001,4,1356.36,0.03,Televendas,Concluída
PED002154,2025-03-21,CLI01836,PRD011,V004,1,2952.74,0.0,E-commerce,Concluída
PED002155,2025-08-28,CLI02377,PRD006,V006,1,196.58,0.0,Loja Física,Concluída
PED002156,2025-10-25,CLI02467,PRD001,V001,1,4339.57,0.08,Marketplace,Concluída
PED002157,2025-04-17,CLI00639,PRD002,V006,3,3003.7,0.15,Loja Física,Concluída
PED002158,2025-11-11,CLI02109,PRD020,V005,1,636.94,0.0,E-commerce,Concluída
PED002159,2025-07-28,CLI02367,PRD020,V004,1,690.21,0.0,E-commerce,Concluída
PED002160,2025-03-03,CLI01455,PRD006,V010,2,203.52,0.15,Marketplace,Concluída
PED002161,2025-05-14,CLI00175,PRD005,V009,5,370.4,0.03,E-commerce,Concluída
PED002162,2025-01-03,CLI00367,PRD008,V007,2,2238.38,0.03,Loja Física,Concluída
PED002163,2025-01-15,CLI01740,PRD013,V006,3,1059.46,0.05,Marketplace,Concluída
PED002164,2025-05-03,CLI00929,PRD006,V005,1,195.79,0.03,Televendas,Concluída
PED002165,2025-06-15,CLI01290,PRD001,V001,4,4379.29,0.05,E-commerce,Concluída
PED002166,2025-10-19,CLI02192,PRD007,V004,1,329.6,0.1,E-commerce,Concluída
PED002167,2025-02-19,CLI01515,PRD005,V001,1,364.88,0.05,E-commerce,Concluída
PED002168,2025-11-03,CLI00209,PRD006,V004,2,202.15,0.05,E-commerce,Concluída
PED002169,2025-03-27,CLI01051,PRD003,V005,1,977.85,0.0,Loja Física,Concluída
PED002170,2025-02-20,CLI02218,PRD011,V007,2,2870.37,0.0,E-commerce,Concluída
PED002171,2025-09-13,CLI02079,PRD009,V004,2,2950.61,0.1,Loja Física,Concluída
PED002172,2025-10-10,CLI01578,PRD005,V003,1,363.92,0.1,Marketplace,Concluída
PED002173,2025-08-09,CLI01195,PRD009,V008,1,2800.74,0.08,Marketplace,Concluída
PED002174,2025-02-12,CLI02025,PRD008,V002,1,2310.12,0.0,Loja Física,Concluída
PED002175,2025-02-12,CLI01339,PRD015,V002,1,1546.78,0.08,Marketplace,Concluída
PED002176,2025-05-23,CLI01006,PRD020,V007,4,642.34,0.0,Loja Física,Concluída
PED002177,2025-06-14,CLI00391,PRD002,V006,2,2908.42,0.05,Loja Física,Concluída
PED002178,2025-12-31,CLI00767,PRD018,V009,1,969.81,0.05,Loja Física,Cancelada
PED002179,2025-04-15,CLI02000,PRD013,V008,1,1113.06,0.03,E-commerce,Concluída
PED002180,2025-03-12,CLI02424,PRD013,V010,3,1072.47,0.03,Marketplace,Concluída
PED002181,2025-12-12,CLI01493,PRD007,V007,3,347.5,0.08,E-commerce,Concluída
PED002182,2025-02-26,CLI01475,PRD006,V009,4,196.58,0.1,Televendas,Concluída
PED002183,2025-01-10,CLI01645,PRD001,V002,1,4484.63,0.0,E-commerce,Concluída
PED002184,2025-06-04,CLI01714,PRD020,V006,2,638.67,0.0,Loja Física,Concluída
PED002185,2025-05-27,CLI01531,PRD010,V010,1,1708.62,0.05,E-commerce,Concluída
PED002186,2025-08-15,CLI02319,PRD007,V008,3,347.81,0.0,E-commerce,Concluída
PED002187,2025-11-17,CLI02191,PRD009,V005,1,2880.2,0.0,E-commerce,Concluída
PED002188,2025-12-07,CLI01187,PRD001,V010,2,4397.45,0.0,E-commerce,Concluída
PED002189,2025-04-16,CLI00712,PRD003,V004,1,1023.7,0.0,Loja Física,Concluída
PED002190,2025-12-24,CLI00206,PRD011,V001,3,2897.61,0.03,Marketplace,Cancelada
PED002191,2025-08-19,CLI01486,PRD009,V008,1,2881.5,0.15,E-commerce,Concluída
PED002192,2025-01-26,CLI00621,PRD015,V005,3,1523.05,0.08,Televendas,Concluída
PED002193,2025-12-09,CLI00490,PRD011,V001,1,2892.3,0.05,E-commerce,Concluída
PED002194,2025-02-20,CLI01559,PRD010,V003,3,1606.14,0.0,Loja Física,Concluída
PED002195,2025-08-03,CLI01866,PRD016,V001,1,2380.12,0.05,Marketplace,Concluída
PED002196,2025-10-16,CLI01908,PRD001,V010,2,4430.92,0.03,Loja Física,Concluída
PED002197,2025-04-02,CLI00958,PRD013,V009,3,1119.83,0.08,Loja Física,Cancelada
PED002198,2025-04-09,CLI01266,PRD013,V010,1,1076.35,0.05,Marketplace,Concluída
PED002199,2025-06-23,CLI01150,PRD005,V002,1,353.27,0.05,Loja Física,Concluída
PED002200,2025-11-19,CLI01604,PRD003,V009,1,997.69,0.0,E-commerce,Concluída
PED002201,2025-03-23,CLI00930,PRD004,V006,1,1616.26,0.08,E-commerce,Concluída
PED002202,2025-08-31,CLI01704,PRD003,V003,2,1071.91,0.08,Marketplace,Concluída
PED002203,2025-06-15,CLI00512,PRD009,V007,1,2857.4,0.03,E-commerce,Concluída
PED002204,2025-02-10,CLI00105,PRD002,V010,1,2995.65,0.15,Marketplace,Concluída
PED002205,2025-09-17,CLI01125,PRD011,V005,1,2936.01,0.0,Televendas,Concluída
PED002206,2025-10-31,CLI01189,PRD002,V001,1,3012.67,0.0,Marketplace,Concluída
PED002207,2025-07-30,CLI01397,PRD001,V009,1,4475.68,0.08,Loja Física,Concluída
PED002208,2025-03-06,CLI02193,PRD006,V002,3,206.27,0.05,Marketplace,Concluída
PED002209,2025-02-26,CLI00787,PRD003,V002,1,1048.64,0.0,Marketplace,Concluída
PED002210,2025-06-04,CLI00150,PRD020,V007,4,655.27,0.0,E-commerce,Concluída
PED002211,2025-07-04,CLI00702,PRD006,V008,3,195.65,0.0,E-commerce,Concluída
PED002212,2025-07-21,CLI01687,PRD004,V008,1,1601.06,0.0,E-commerce,Concluída
PED002213,2025-03-30,CLI02411,PRD003,V009,4,1032.6,0.03,Loja Física,Concluída
PED002214,2025-07-02,CLI01379,PRD007,V009,2,338.85,0.0,Marketplace,Concluída
PED002215,2025-04-18,CLI00685,PRD010,V002,2,1649.92,0.05,E-commerce,Concluída
PED002216,2025-09-08,CLI01799,PRD015,V004,1,1594.63,0.05,E-commerce,Concluída
PED002217,2025-10-18,CLI00722,PRD006,V008,2,197.14,0.08,E-commerce,Concluída
PED002218,2025-08-27,CLI02229,PRD011,V004,1,2915.88,0.1,E-commerce,Concluída
PED002219,2025-01-01,CLI00359,PRD008,V008,2,2275.57,0.0,Marketplace,Concluída
PED002220,2025-12-29,CLI02221,PRD017,V005,1,833.18,0.0,Televendas,Concluída
PED002221,2025-01-09,CLI01488,PRD010,V005,2,1677.71,0.0,Marketplace,Concluída
PED002222,2025-12-31,CLI02057,PRD005,V001,2,356.83,0.03,Televendas,Concluída
PED002223,2025-01-12,CLI01590,PRD013,V007,1,1054.09,0.05,Loja Física,Concluída
PED002224,2025-07-08,CLI01082,PRD016,V009,1,2373.66,0.0,Loja Física,Concluída
PED002225,2025-02-08,CLI01708,PRD008,V009,3,2297.42,0.05,Marketplace,Concluída
PED002226,2025-02-04,CLI00446,PRD020,V004,1,632.26,0.15,E-commerce,Concluída
PED002227,2025-09-07,CLI00789,PRD018,V007,1,984.51,0.0,Marketplace,Concluída
PED002228,2025-09-23,CLI01797,PRD003,V002,1,1052.15,0.0,E-commerce,Concluída
PED002229,2025-02-13,CLI00062,PRD015,V007,5,1647.62,0.08,Loja Física,Concluída
PED002230,2025-12-23,CLI01885,PRD010,V005,2,1635.02,0.08,E-commerce,Concluída
PED002231,2025-04-27,CLI00257,PRD009,V010,2,2858.85,0.0,Loja Física,Concluída
PED002232,2025-04-27,CLI00372,PRD009,V008,3,2819.31,0.05,E-commerce,Concluída
PED002233,2025-04-19,CLI00265,PRD017,V001,2,864.2,0.0,Marketplace,Concluída
PED002234,2025-06-18,CLI01853,PRD010,V009,3,1644.49,0.05,E-commerce,Concluída
PED002235,2025-03-06,CLI00041,PRD009,V008,2,2933.44,0.08,E-commerce,Concluída
PED002236,2025-06-05,CLI01853,PRD001,V003,4,4319.46,0.0,Marketplace,Concluída
PED002237,2025-03-18,CLI02073,PRD008,V003,2,2295.18,0.0,Televendas,Concluída
PED002238,2025-01-19,CLI01356,PRD019,V002,1,1084.44,0.05,Loja Física,Devolvida
PED002239,2025-05-15,CLI00263,PRD013,V004,1,1035.43,0.05,Loja Física,Concluída
PED002240,2025-09-03,CLI02141,PRD001,V010,1,4435.39,0.1,Loja Física,Cancelada
PED002241,2025-10-06,CLI00572,PRD018,V010,2,927.04,0.05,E-commerce,Concluída
PED002242,2025-05-09,CLI02256,PRD017,V006,6,850.26,0.08,Loja Física,Cancelada
PED002243,2025-04-29,CLI01546,PRD009,V004,3,2852.44,0.08,E-commerce,Concluída
PED002244,2025-10-15,CLI00446,PRD001,V004,3,4365.92,0.05,Loja Física,Devolvida
PED002245,2025-09-06,CLI00227,PRD009,V010,2,2866.13,0.0,Loja Física,Concluída
PED002246,2025-10-31,CLI00440,PRD001,V002,4,4370.92,0.0,E-commerce,Cancelada
PED002247,2025-11-27,CLI01440,PRD006,V008,3,198.62,0.05,Televendas,Concluída
PED002248,2025-10-27,CLI00232,PRD011,V010,1,2928.49,0.0,Loja Física,Concluída
PED002249,2025-12-08,CLI01131,PRD019,V009,2,1162.27,0.0,Loja Física,Concluída
PED002250,2025-06-02,CLI02301,PRD006,V008,1,195.15,0.0,E-commerce,Concluída
PED002251,2025-05-25,CLI02450,PRD017,V009,1,827.57,0.1,Televendas,Concluída
PED002252,2025-04-28,CLI00412,PRD019,V003,1,1052.47,0.05,E-commerce,Concluída
PED002253,2025-03-27,CLI01561,PRD001,V010,1,4438.69,0.08,Marketplace,Concluída
PED002254,2025-10-01,CLI01338,PRD004,V001,1,1541.51,0.15,Loja Física,Concluída
PED002255,2025-09-18,CLI01186,PRD013,V001,1,1052.6,0.08,Loja Física,Devolvida
PED002256,2025-10-20,CLI00233,PRD014,V002,4,1296.81,0.05,E-commerce,Concluída
PED002257,2025-03-03,CLI00954,PRD007,V007,1,345.89,0.03,Marketplace,Cancelada
PED002258,2025-06-29,CLI01479,PRD011,V003,3,3034.16,0.08,Marketplace,Concluída
PED002259,2025-03-23,CLI01639,PRD010,V007,1,1605.87,0.1,Loja Física,Concluída
PED002260,2025-11-22,CLI01058,PRD014,V002,6,1356.4,0.08,Televendas,Concluída
PED002261,2025-04-08,CLI02305,PRD013,V007,3,1013.87,0.05,E-commerce,Concluída
PED002262,2025-02-22,CLI00583,PRD002,V003,4,2937.92,0.08,E-commerce,Concluída
PED002263,2025-07-28,CLI01357,PRD003,V006,2,1051.34,0.03,Marketplace,Concluída
PED002264,2025-11-17,CLI01702,PRD002,V002,2,2970.29,0.03,E-commerce,Concluída
PED002265,2025-12-01,CLI00517,PRD020,V010,1,662.21,0.0,Marketplace,Concluída
PED002266,2025-02-05,CLI01174,PRD019,V004,2,1030.02,0.0,E-commerce,Concluída
PED002267,2025-04-29,CLI00262,PRD015,V007,3,1541.25,0.0,Loja Física,Concluída
PED002268,2025-02-26,CLI01223,PRD002,V005,1,3027.54,0.08,Loja Física,Concluída
PED002269,2025-04-23,CLI01636,PRD010,V006,1,1662.78,0.0,Televendas,Concluída
PED002270,2025-07-14,CLI02419,PRD003,V005,4,1049.13,0.1,Marketplace,Concluída
PED002271,2025-04-13,CLI00075,PRD006,V001,1,197.85,0.0,Televendas,Concluída
PED002272,2025-01-25,CLI00787,PRD005,V009,3,350.24,0.0,E-commerce,Concluída
PED002273,2025-07-06,CLI00764,PRD017,V007,1,837.03,0.05,E-commerce,Concluída
PED002274,2025-01-20,CLI02482,PRD003,V003,1,1095.72,0.0,Loja Física,Concluída
PED002275,2025-03-24,CLI02167,PRD011,V001,1,2844.02,0.0,E-commerce,Concluída
PED002276,2025-01-01,CLI02097,PRD020,V009,2,623.28,0.0,E-commerce,Concluída
PED002277,2025-02-01,CLI02144,PRD012,V004,3,5604.06,0.05,E-commerce,Concluída
PED002278,2025-06-09,CLI00402,PRD002,V010,4,2914.38,0.0,Marketplace,Concluída
PED002279,2025-11-07,CLI00498,PRD019,V008,1,1139.81,0.05,Loja Física,Concluída
PED002280,2025-10-10,CLI00880,PRD011,V010,1,3137.21,0.0,E-commerce,Concluída
PED002281,2025-02-06,CLI01690,PRD008,V007,3,2254.76,0.0,Marketplace,Concluída
PED002282,2025-01-13,CLI00787,PRD011,V002,1,2959.19,0.0,Marketplace,Concluída
PED002283,2025-05-04,CLI02019,PRD018,V001,1,925.18,0.0,E-commerce,Concluída
PED002284,2025-08-27,CLI01828,PRD008,V003,2,2326.92,0.08,E-commerce,Concluída
PED002285,2025-09-30,CLI01766,PRD009,V005,3,2702.52,0.03,E-commerce,Concluída
PED002286,2025-10-28,CLI00665,PRD008,V007,1,2192.45,0.05,Loja Física,Concluída
PED002287,2025-05-05,CLI01308,PRD001,V009,1,4379.78,0.1,Loja Física,Concluída
PED002288,2025-03-03,CLI00699,PRD015,V002,5,1591.6,0.0,Marketplace,Concluída
PED002289,2025-01-10,CLI01535,PRD002,V007,5,2882.6,0.1,Loja Física,Concluída
PED002290,2025-02-23,CLI01841,PRD007,V001,2,337.34,0.08,E-commerce,Concluída
PED002291,2025-01-24,CLI01120,PRD007,V005,2,327.77,0.08,E-commerce,Concluída
PED002292,2025-11-11,CLI01939,PRD005,V001,5,357.69,0.1,Televendas,Concluída
PED002293,2025-04-08,CLI00726,PRD007,V004,2,335.13,0.0,Marketplace,Concluída
PED002294,2025-10-28,CLI01837,PRD011,V007,3,2889.8,0.05,Marketplace,Concluída
PED002295,2025-07-21,CLI00519,PRD006,V008,2,200.03,0.05,E-commerce,Concluída
PED002296,2025-07-16,CLI01241,PRD003,V009,1,1043.03,0.05,Loja Física,Concluída
PED002297,2025-06-15,CLI02181,PRD018,V006,3,983.0,0.0,E-commerce,Cancelada
PED002298,2025-10-27,CLI01860,PRD020,V003,2,644.06,0.0,Loja Física,Concluída
PED002299,2025-01-16,CLI01207,PRD008,V010,1,2309.08,0.15,E-commerce,Concluída
PED002300,2025-02-03,CLI01478,PRD006,V010,2,196.66,0.03,Loja Física,Concluída
PED002301,2025-06-04,CLI01606,PRD001,V010,3,4313.19,0.0,Televendas,Concluída
PED002302,2025-05-24,CLI02144,PRD001,V008,1,4429.12,0.0,Loja Física,Concluída
PED002303,2025-07-19,CLI00758,PRD007,V008,3,338.36,0.05,Loja Física,Concluída
PED002304,2025-09-27,CLI01768,PRD020,V001,1,640.83,0.0,E-commerce,Concluída
PED002305,2025-08-03,CLI02346,PRD013,V006,2,1114.42,0.0,E-commerce,Concluída
PED002306,2025-04-04,CLI01533,PRD006,V005,6,201.62,0.15,Loja Física,Concluída
PED002307,2025-04-30,CLI01789,PRD020,V003,4,641.35,0.0,Televendas,Concluída
PED002308,2025-10-02,CLI01548,PRD008,V001,4,2317.92,0.0,Loja Física,Concluída
PED002309,2025-03-15,CLI02333,PRD005,V003,2,349.03,0.05,Marketplace,Concluída
PED002310,2025-07-04,CLI00733,PRD007,V010,2,339.49,0.0,Marketplace,Concluída
PED002311,2025-07-16,CLI02350,PRD004,V010,2,1575.22,0.0,Loja Física,Concluída
PED002312,2025-10-01,CLI01480,PRD018,V008,1,969.36,0.05,Loja Física,Concluída
PED002313,2025-09-18,CLI01530,PRD006,V002,2,200.44,0.05,E-commerce,Concluída
PED002314,2025-06-19,CLI02438,PRD011,V007,2,2977.26,0.03,Marketplace,Concluída
PED002315,2025-04-23,CLI00160,PRD007,V002,2,345.57,0.08,Marketplace,Concluída
PED002316,2025-05-15,CLI02366,PRD019,V007,1,1094.68,0.08,E-commerce,Concluída
PED002317,2025-05-31,CLI02362,PRD011,V001,1,2924.77,0.05,Loja Física,Concluída
PED002318,2025-03-22,CLI00302,PRD008,V003,1,2336.54,0.05,E-commerce,Concluída
PED002319,2025-08-17,CLI01591,PRD002,V002,1,2877.92,0.08,E-commerce,Concluída
PED002320,2025-03-18,CLI00985,PRD019,V010,2,1072.75,0.0,E-commerce,Concluída
PED002321,2025-08-25,CLI00552,PRD009,V006,1,2892.17,0.05,E-commerce,Concluída
PED002322,2025-10-02,CLI00569,PRD005,V010,4,374.32,0.0,Televendas,Concluída
PED002323,2025-12-18,CLI00001,PRD018,V001,1,961.02,0.0,Televendas,Devolvida
PED002324,2025-02-13,CLI01931,PRD001,V008,3,4338.34,0.1,E-commerce,Concluída
PED002325,2025-10-05,CLI00699,PRD006,V005,1,190.48,0.0,Televendas,Concluída
PED002326,2025-02-01,CLI01401,PRD009,V005,4,2823.98,0.03,E-commerce,Cancelada
PED002327,2025-05-04,CLI01034,PRD006,V009,3,200.32,0.0,Loja Física,Concluída
PED002328,2025-03-06,CLI02218,PRD008,V001,4,2357.98,0.05,E-commerce,Concluída
PED002329,2025-03-01,CLI00352,PRD005,V010,4,357.91,0.08,E-commerce,Concluída
PED002330,2025-03-06,CLI00322,PRD002,V001,2,2933.86,0.03,Marketplace,Devolvida
PED002331,2025-01-17,CLI01817,PRD001,V004,1,4374.44,0.08,Televendas,Concluída
PED002332,2025-10-28,CLI01553,PRD003,V002,2,993.93,0.03,E-commerce,Concluída
PED002333,2025-01-23,CLI01425,PRD020,V006,1,666.11,0.1,E-commerce,Concluída
PED002334,2025-05-26,CLI01212,PRD010,V006,4,1594.08,0.08,Loja Física,Concluída
PED002335,2025-09-13,CLI01339,PRD008,V007,4,2286.22,0.0,E-commerce,Concluída
PED002336,2025-12-28,CLI01465,PRD007,V008,1,344.54,0.1,Marketplace,CANCELADA
PED002337,2025-11-08,CLI02335,PRD013,V008,2,1102.46,0.0,E-commerce,Concluída
PED002338,2025-02-20,CLI02041,PRD003,V010,1,1042.36,0.05,Loja Física,Concluída
PED002339,2025-12-27,CLI02277,PRD005,V005,2,360.57,0.0,E-commerce,Concluída
PED002340,2025-08-27,CLI02113,PRD011,V002,2,2967.93,0.03,Loja Física,Concluída
PED002341,2025-03-07,CLI00561,PRD008,V002,2,2315.76,0.15,E-commerce,Concluída
PED002342,2025-06-13,CLI00001,PRD014,V003,4,1402.52,0.08,Loja Física,Concluída
PED002343,2025-12-02,CLI01374,PRD018,V007,1,942.68,0.05,Marketplace,Concluída
PED002344,2025-05-24,CLI02137,PRD016,V001,3,2238.68,0.1,Marketplace,Concluída
PED002345,2025-03-09,CLI01042,PRD003,V010,2,995.69,0.03,Marketplace,Concluída
PED002346,2025-11-16,CLI02452,PRD002,V010,1,2857.95,0.0,Loja Física,Concluída
PED002347,2025-12-14,CLI00639,PRD003,V002,1,1004.68,0.08,E-commerce,Concluída
PED002348,2025-12-23,CLI01916,PRD015,V008,1,1518.03,0.0,Loja Física,Concluída
PED002349,2025-12-15,CLI00289,PRD019,V006,2,1079.57,0.08,Loja Física,Concluída
PED002350,2025-11-15,CLI00491,PRD020,V005,4,659.96,0.0,E-commerce,Concluída
PED002351,2025-06-15,CLI02273,PRD006,V008,1,199.91,0.0,E-commerce,Concluída
PED002352,2025-03-12,CLI00742,PRD017,V006,1,840.38,0.03,Televendas,Concluída
PED002353,2025-08-14,CLI02368,PRD009,V004,2,2824.39,0.03,Televendas,Cancelada
PED002354,2025-03-22,CLI00247,PRD016,V006,1,2464.53,0.0,Televendas,Concluída
PED002355,2025-06-22,CLI02255,PRD009,V002,1,2905.31,0.0,Loja Física,Concluída
PED002356,2025-08-28,CLI02473,PRD003,V003,2,1040.21,0.0,E-commerce,Concluída
PED002357,2025-12-12,CLI02476,PRD002,V010,1,3002.75,0.08,Loja Física,Concluída
PED002358,2025-04-16,CLI01037,PRD020,V002,3,641.48,0.03,E-commerce,Concluída
PED002359,2025-04-02,CLI01136,PRD007,V006,1,359.11,0.0,E-commerce,Concluída
PED002360,2025-09-26,CLI02257,PRD006,V003,2,195.9,0.0,E-commerce,Concluída
PED002361,2025-01-03,CLI00354,PRD006,V005,1,197.56,0.0,Loja Física,Concluída
PED002362,2025-07-26,CLI01925,PRD007,V003,1,327.88,0.03,Loja Física,Concluída
PED002363,2025-09-30,CLI00232,PRD020,V006,2,635.87,0.03,E-commerce,Concluída
PED002364,2025-07-21,CLI00887,PRD001,V006,3,4306.71,0.0,Loja Física,Concluída
PED002365,2025-05-21,CLI01959,PRD002,V007,5,3030.05,0.15,Loja Física,Concluída
PED002366,2025-10-30,CLI00648,PRD015,V004,1,1539.67,0.0,Marketplace,Concluída
PED002367,2025-05-16,CLI00218,PRD009,V006,2,2866.2,0.03,Loja Física,Cancelada
PED002368,2025-09-17,CLI01139,PRD002,V008,2,2948.28,0.08,Loja Física,Concluída
PED002369,2025-06-19,CLI01632,PRD001,V008,1,4246.67,0.03,Televendas,Concluída
PED002370,2025-01-10,CLI00837,PRD004,V006,3,1559.58,0.0,Marketplace,Concluída
PED002371,2025-07-13,CLI01648,PRD005,V003,1,358.99,0.03,E-commerce,Concluída
PED002372,2025-01-19,CLI01392,PRD001,V006,4,4378.08,0.05,Marketplace,Concluída
PED002373,2025-12-06,CLI01732,PRD004,V006,2,1597.61,0.08,Loja Física,Concluída
PED002374,2025-08-08,CLI00075,PRD014,V010,1,1314.29,0.03,E-commerce,Concluída
PED002375,2025-05-16,CLI00464,PRD017,V004,3,850.72,0.1,Marketplace,Concluída
PED002376,2025-06-27,CLI01558,PRD019,V004,1,1082.13,0.05,E-commerce,Concluída
PED002377,2025-08-15,CLI01012,PRD007,V008,3,333.07,0.08,Loja Física,Concluída
PED002378,2025-04-05,CLI02219,PRD006,V007,3,197.24,0.0,E-commerce,Concluída
PED002379,2025-04-16,CLI00679,PRD020,V005,2,675.39,0.1,Marketplace,Concluída
PED002380,2025-06-02,CLI00563,PRD014,V001,1,1337.22,0.0,Marketplace,Concluída
PED002381,2025-04-05,CLI00082,PRD009,V008,2,2758.17,0.03,E-commerce,Devolvida
PED002382,2025-10-04,CLI00860,PRD005,V008,2,373.79,0.05,Loja Física,Concluída
PED002383,2025-02-07,CLI00168,PRD006,V010,2,203.02,0.15,Marketplace,Concluída
PED002384,2025-10-29,CLI02281,PRD009,V006,2,2965.26,0.03,Loja Física,Concluída
PED002385,2025-05-08,CLI01255,PRD009,V006,1,2859.72,0.0,Loja Física,Concluída
PED002386,2025-07-24,CLI01742,PRD001,V003,3,4281.29,0.15,Loja Física,Concluída
PED002387,2025-02-27,CLI01516,PRD020,V005,3,631.72,0.08,E-commerce,Concluída
PED002388,2025-05-21,CLI00034,PRD010,V001,2,1691.6,0.05,E-commerce,Concluída
PED002389,2025-10-03,CLI01437,PRD010,V006,1,1710.71,0.03,Marketplace,Concluída
PED002390,2025-04-09,CLI01027,PRD004,V008,2,1568.45,0.03,Loja Física,Concluída
PED002391,2025-02-18,CLI02027,PRD014,V008,2,1257.68,0.15,E-commerce,Concluída
PED002392,2025-07-10,CLI00304,PRD014,V007,3,1341.64,0.0,E-commerce,Concluída
PED002393,2025-03-01,CLI01092,PRD002,V009,3,2925.98,0.08,E-commerce,Concluída
PED002394,2025-04-25,CLI00590,PRD010,V007,4,1615.6,0.05,Marketplace,Concluída
PED002395,2025-06-14,CLI00898,PRD011,V008,1,2918.98,0.15,Marketplace,Devolvida
PED002396,2025-07-25,CLI01919,PRD017,V005,3,862.41,0.05,Loja Física,Concluída
PED002397,2025-08-22,CLI00235,PRD004,V007,4,1574.05,0.0,Televendas,Concluída
PED002398,2025-09-04,CLI00219,PRD018,V007,1,972.7,0.08,Marketplace,Concluída
PED002399,2025-11-05,CLI01963,PRD008,V006,1,2261.27,0.15,E-commerce,Concluída
PED002400,2025-01-25,CLI00831,PRD002,V006,1,2821.12,0.1,Marketplace,Concluída
PED002401,2025-05-13,CLI00128,PRD002,V008,2,3034.45,0.0,E-commerce,Concluída
PED002402,2025-01-01,CLI00398,PRD003,V003,1,1024.06,0.03,Marketplace,Concluída
PED002403,2025-01-04,CLI00222,PRD005,V004,1,349.16,0.08,Marketplace,Concluída
PED002404,2025-03-19,CLI01922,PRD008,V006,2,2227.25,0.05,Televendas,Concluída
PED002405,2025-08-07,CLI01978,PRD014,V007,3,1349.05,0.0,Loja Física,Concluída
PED002406,2025-11-23,CLI00971,PRD003,V006,4,1036.94,0.0,Marketplace,Concluída
PED002407,2025-10-10,CLI01282,PRD020,V002,3,656.56,0.0,Loja Física,Concluída
PED002408,2025-08-24,CLI01206,PRD003,V009,4,1047.04,0.0,Televendas,Concluída
PED002409,2025-10-12,CLI01016,PRD010,V006,2,1596.51,0.03,Loja Física,Cancelada
PED002410,2025-03-04,CLI00340,PRD020,V005,3,598.43,0.15,E-commerce,Devolvida
PED002411,2025-11-03,CLI00325,PRD017,V009,1,856.24,0.05,Marketplace,Concluída
PED002412,2025-11-21,CLI02270,PRD011,V005,4,2982.79,0.0,E-commerce,Concluída
PED002413,2025-02-04,CLI00579,PRD013,V002,4,1079.94,0.05,E-commerce,Concluída
PED002414,2025-06-21,CLI02171,PRD002,V010,2,3043.1,0.03,E-commerce,Concluída
PED002415,2025-10-30,CLI01887,PRD001,V004,2,4257.48,0.08,E-commerce,Concluída
PED002416,2025-06-23,CLI01973,PRD008,V009,1,2248.8,0.1,Marketplace,Concluída
PED002417,2025-11-03,CLI00566,PRD002,V006,1,2924.76,0.0,Marketplace,Concluída
PED002418,2025-12-08,CLI02079,PRD006,V003,1,200.26,0.15,E-commerce,Concluída
PED002419,2025-06-23,CLI01334,PRD004,V004,1,1568.85,0.0,Marketplace,Concluída
PED002420,2025-01-22,CLI02490,PRD019,V010,1,1147.11,0.08,E-commerce,Concluída
PED002421,2025-05-05,CLI02337,PRD018,V010,1,957.23,0.1,Televendas,Concluída
PED002422,2025-03-20,CLI01348,PRD016,V002,4,2393.39,0.08,Marketplace,Devolvida
PED002423,2025-06-23,CLI01308,PRD013,V010,2,1072.16,0.0,E-commerce,Devolvida
PED002424,2025-08-02,CLI02170,PRD003,V009,3,1070.38,0.0,E-commerce,Concluída
PED002425,2025-06-19,CLI01405,PRD001,V007,2,4508.7,0.0,Loja Física,Concluída
PED002426,2025-03-13,CLI02192,PRD011,V002,1,2912.7,0.0,Televendas,Concluída
PED002427,2025-04-20,CLI02124,PRD011,V006,1,2956.64,0.0,Loja Física,Concluída
PED002428,2025-09-06,CLI01200,PRD006,V005,4,203.1,0.0,Loja Física,Concluída
PED002429,2025-01-10,CLI02464,PRD008,V002,1,2285.68,0.05,E-commerce,Concluída
PED002430,2025-03-20,CLI00442,PRD008,V010,2,2216.21,0.0,Marketplace,Concluída
PED002431,2025-11-22,CLI01035,PRD004,V007,1,1608.2,0.03,Marketplace,Concluída
PED002432,2025-02-06,CLI01420,PRD006,V001,1,193.15,0.08,Loja Física,Concluída
PED002433,2025-06-01,CLI02078,PRD007,V004,1,343.27,0.0,Loja Física,Concluída
PED002434,2025-03-17,CLI01963,PRD010,V009,2,1612.3,0.05,Loja Física,Concluída
PED002435,2025-02-08,CLI00217,PRD020,V005,1,652.17,0.08,E-commerce,Concluída
PED002436,2025-06-04,CLI01679,PRD009,V005,4,2734.72,0.05,Televendas,Concluída
PED002437,2025-07-10,CLI00570,PRD013,V002,1,1054.98,0.03,Marketplace,Concluída
PED002438,2025-03-06,CLI01793,PRD016,V002,1,2300.04,0.08,E-commerce,Concluída
PED002439,2025-01-29,CLI02094,PRD002,V010,1,2981.67,0.05,E-commerce,Concluída
PED002440,2025-02-19,CLI00471,PRD011,V010,6,2825.47,0.05,E-commerce,Concluída
PED002441,2025-08-26,CLI00882,PRD008,V001,2,2218.32,0.08,,Concluída
PED002442,2025-11-11,CLI00262,PRD010,V006,2,1676.67,0.08,E-commerce,Concluída
PED002443,2025-03-07,CLI00341,PRD001,V007,2,4464.77,0.03,Loja Física,Concluída
PED002444,2025-04-27,CLI00769,PRD019,V009,4,1021.83,0.03,Loja Física,Concluída
PED002445,2025-05-06,CLI00460,PRD020,V006,1,636.67,0.08,E-commerce,Concluída
PED002446,2025-05-12,CLI01356,PRD001,V009,3,4506.0,0.05,E-commerce,Concluída
PED002447,2025-03-31,CLI00576,PRD004,V002,3,1620.88,0.05,Televendas,Concluída
PED002448,2025-01-21,CLI00537,PRD003,V001,1,1046.29,0.0,Loja Física,Concluída
PED002449,2025-07-11,CLI02369,PRD015,V005,1,1592.24,0.0,Marketplace,Concluída
PED002450,2025-05-11,CLI00482,PRD010,V003,2,1605.25,0.05,Marketplace,Cancelada
PED002451,2025-05-05,CLI01668,PRD003,V008,1,1041.28,0.08,E-commerce,Concluída
PED002452,2025-04-07,CLI02464,PRD016,V004,1,2374.24,0.03,Loja Física,Concluída
PED002453,2025-12-06,CLI02340,PRD006,V005,1,197.36,0.15,Loja Física,Concluída
PED002454,2025-08-11,CLI01889,PRD008,V006,1,2246.1,0.08,E-commerce,Concluída
PED002455,2025-06-02,CLI02175,PRD007,V010,2,341.57,0.08,Loja Física,Concluída
PED002456,2025-03-16,CLI00900,PRD009,V001,2,2781.14,0.08,Marketplace,Concluída
PED002457,2025-10-20,CLI02316,PRD008,V006,2,2303.25,0.0,Marketplace,Concluída
PED002458,2025-11-21,CLI00308,PRD005,V004,2,347.61,0.03,Marketplace,Concluída
PED002459,2025-01-12,CLI00986,PRD007,V001,1,335.0,0.0,Marketplace,Concluída
PED002460,2025-12-06,CLI00377,PRD019,V009,2,1109.52,0.03,Loja Física,Concluída
PED002461,2025-09-13,CLI01526,PRD008,V010,4,2284.88,0.0,Marketplace,Devolvida
PED002462,2025-02-06,CLI00992,PRD019,V002,1,1077.73,0.08,E-commerce,Concluída
PED002463,2025-10-02,CLI02035,PRD009,V008,2,2740.18,0.08,Loja Física,Concluída
PED002464,2025-02-09,CLI00528,PRD014,V008,3,1340.69,0.0,Loja Física,Concluída
PED002465,2025-01-19,CLI00681,PRD005,V008,2,354.87,0.05,E-commerce,Cancelada
PED002466,2025-02-12,CLI00060,PRD015,V005,1,1588.96,0.05,E-commerce,Concluída
PED002467,2025-06-17,CLI00509,PRD005,V004,1,355.89,0.08,Loja Física,Concluída
PED002468,2025-08-15,CLI02019,PRD001,V001,2,4175.71,0.15,E-commerce,Concluída
PED002469,2025-05-29,CLI00591,PRD003,V001,3,999.91,0.0,Televendas,Concluída
PED002470,2025-02-14,CLI00652,PRD001,V002,3,4320.21,0.0,E-commerce,Concluída
PED002471,2025-03-14,CLI00294,PRD020,V006,2,647.91,0.1,Loja Física,Concluída
PED002472,2025-11-08,CLI02152,PRD020,V002,1,627.35,0.0,E-commerce,Concluída
PED002473,2025-12-18,CLI01184,PRD014,V007,3,1316.79,0.08,E-commerce,Concluída
PED002474,2025-10-03,CLI02353,PRD002,V007,2,3052.97,0.0,Televendas,Concluída
PED002475,2025-02-07,CLI00429,PRD019,V004,6,1121.19,0.03,E-commerce,Cancelada
PED002476,2025-10-27,CLI01210,PRD014,V001,3,1351.53,0.05,Loja Física,Concluída
PED002477,2025-09-10,CLI01754,PRD006,V006,2,195.43,0.08,Loja Física,Concluída
PED002478,2025-07-12,CLI00632,PRD008,V009,2,2233.18,0.0,Loja Física,Concluída
PED002479,2025-02-22,CLI01880,PRD012,V004,2,5584.68,0.08,Marketplace,Devolvida
PED002480,2025-12-30,CLI01604,PRD001,V009,1,4332.29,0.1,Loja Física,Concluída
PED002481,2025-06-11,CLI01938,PRD008,V003,2,2320.6,0.08,Marketplace,Concluída
PED002482,2025-01-17,CLI02373,PRD013,V001,1,1111.82,0.1,E-commerce,Cancelada
PED002483,2025-03-18,CLI01995,PRD003,V007,1,1046.36,0.1,Marketplace,Cancelada
PED002484,2025-05-27,CLI01882,PRD008,V009,3,2240.2,0.08,Loja Física,Concluída
PED002485,2025-01-23,CLI01181,PRD009,V009,1,2832.65,0.05,Loja Física,Concluída
PED002486,2025-04-29,CLI00385,PRD014,V010,3,1287.08,0.08,E-commerce,Concluída
PED002487,2025-06-20,CLI00627,PRD020,V002,2,645.3,0.15,E-commerce,Concluída
PED002488,2025-12-13,CLI02059,PRD017,V001,3,851.87,0.05,E-commerce,Concluída
PED002489,2025-02-01,CLI00274,PRD011,V006,3,2835.34,0.0,Marketplace,Concluída
PED002490,2025-07-30,CLI01408,PRD010,V010,3,1741.89,0.0,Televendas,Concluída
PED002491,2025-12-01,CLI01968,PRD010,V010,1,1667.55,0.08,E-commerce,Concluída
PED002492,2025-10-22,CLI01144,PRD009,V003,5,2802.59,0.15,Loja Física,Concluída
PED002493,2025-12-04,CLI01512,PRD001,V004,1,4591.09,0.0,Loja Física,Concluída
PED002494,2025-03-04,CLI00456,PRD013,V007,3,1071.97,0.15,Televendas,Concluída
PED002495,2025-10-20,CLI02054,PRD013,,2,1107.96,0.0,Loja Física,Concluída
PED002496,2025-12-24,CLI01350,PRD009,V002,1,2869.01,0.03,Loja Física,Concluída
PED002497,2025-04-30,CLI00631,PRD018,V010,2,958.21,0.1,Televendas,Concluída
PED002498,2025-07-02,CLI01847,PRD012,V009,2,5463.98,0.15,Loja Física,Concluída
PED002499,2025-07-13,CLI02041,PRD006,V001,1,203.9,0.05,Marketplace,Concluída
PED002500,2025-06-30,CLI00946,PRD001,V009,1,4462.49,0.15,Loja Física,Concluída
PED002501,2025-04-16,CLI01789,PRD001,V007,1,4353.47,0.08,E-commerce,Concluída
PED002502,2025-12-21,CLI02383,PRD006,V010,6,186.74,0.1,,Concluída
PED002503,2025-12-16,CLI02004,PRD008,V003,2,2285.68,0.1,Marketplace,Concluída
PED002504,2025-05-19,CLI00424,PRD003,V010,1,1003.46,0.03,Loja Física,Concluída
PED002505,2025-10-21,CLI00921,PRD003,V001,3,1049.69,0.0,E-commerce,Concluída
PED002506,2025-05-26,CLI00054,PRD004,V001,2,1576.73,0.0,Marketplace,Concluída
PED002507,2025-10-18,CLI02057,PRD015,V005,3,1546.18,0.0,E-commerce,Concluída
PED002508,2025-08-02,CLI01268,PRD014,V007,2,1320.83,0.0,E-commerce,Concluída
PED002509,2025-06-21,CLI00448,PRD007,V002,1,350.7,0.0,E-commerce,Concluída
PED002510,2025-02-16,CLI00428,PRD003,V003,1,990.01,0.0,E-commerce,Concluída
PED002511,2025-08-27,CLI00038,PRD002,V004,3,3048.88,0.05,Televendas,Concluída
PED002512,2025-04-28,CLI01606,PRD002,V002,3,3019.28,0.0,E-commerce,Concluída
PED002513,2025-03-21,CLI00779,PRD007,V002,3,341.36,0.03,E-commerce,Concluída
PED002514,2025-03-12,CLI01084,PRD001,V002,1,4317.92,0.0,E-commerce,Concluída
PED002515,2025-12-25,CLI00575,PRD006,V010,3,199.22,0.0,E-commerce,Concluída
PED002516,2025-02-07,CLI01028,PRD020,V010,2,639.04,0.05,Televendas,Concluída
PED002517,2025-10-19,CLI01002,PRD008,V007,2,2242.95,0.1,Loja Física,Cancelada
PED002518,2025-11-13,CLI01138,PRD016,V007,1,2350.31,0.08,E-commerce,Concluída
PED002519,2025-01-12,CLI00995,PRD002,V002,3,3122.37,0.05,Loja Física,Concluída
PED002520,2025-08-04,CLI00303,PRD005,V001,6,346.91,0.15,E-commerce,Concluída
PED002521,2025-07-30,CLI02150,PRD020,V004,1,654.24,0.08,Marketplace,Concluída
PED002522,2025-05-11,CLI00687,PRD007,V010,3,340.76,0.0,E-commerce,Cancelada
PED002523,2025-09-01,CLI00003,PRD011,V005,2,2920.28,0.0,Marketplace,Devolvida
PED002524,2025-05-30,CLI01120,PRD020,V009,1,621.48,0.05,Marketplace,Concluída
PED002525,2025-06-10,CLI00764,PRD009,V004,1,2737.08,0.05,Televendas,Concluída
PED002526,2025-06-07,CLI01911,PRD006,V004,3,198.5,0.08,E-commerce,Concluída
PED002527,2025-10-20,CLI00903,PRD009,V009,1,2771.9,0.0,Loja Física,Concluída
PED002528,2025-08-20,CLI02212,PRD001,V005,1,4477.79,0.15,E-commerce,Concluída
PED002529,2025-05-19,CLI00746,PRD002,V008,4,2917.63,0.05,Marketplace,Devolvida
PED002530,2025-12-05,CLI00679,PRD001,V008,2,4426.98,0.1,E-commerce,Concluída
PED002531,2025-10-20,CLI00226,PRD018,V008,3,955.44,0.05,E-commerce,Concluída
PED002532,2025-12-07,CLI00394,PRD012,V007,2,5424.44,0.0,Marketplace,Concluída
PED002533,2025-09-24,CLI00762,PRD006,V009,2,192.33,0.03,Loja Física,Concluída
PED002534,2025-05-23,CLI00914,PRD004,V005,3,1622.92,0.0,E-commerce,Cancelada
PED002535,2025-10-10,CLI00647,PRD012,V004,1,5608.98,0.0,Marketplace,Concluída
PED002536,2025-05-01,CLI00922,PRD019,V006,1,1082.32,0.1,Televendas,Concluída
PED002537,2025-04-09,CLI00161,PRD006,V004,2,199.74,0.03,Marketplace,Concluída
PED002538,2025-06-14,CLI01134,PRD006,V001,5,196.89,0.0,Loja Física,Devolvida
PED002539,2025-12-20,CLI00216,PRD017,V004,1,825.19,0.03,E-commerce,Cancelada
PED002540,2025-07-27,CLI01531,PRD018,V006,6,978.57,0.05,E-commerce,Concluída
PED002541,2025-05-21,CLI00590,PRD019,V006,3,1082.73,0.0,E-commerce,Concluída
PED002542,2025-06-18,CLI01058,PRD005,V004,2,336.99,0.0,Marketplace,Concluída
PED002543,2025-04-17,CLI01211,PRD002,V008,1,2964.41,0.1,E-commerce,Concluída
PED002544,2025-08-29,CLI00635,PRD008,V003,1,2172.38,0.0,Marketplace,Concluída
PED002545,2025-05-08,CLI00415,PRD005,V007,2,349.45,0.1,Marketplace,Concluída
PED002546,2025-07-22,CLI00203,PRD018,V003,1,963.37,0.0,Marketplace,Concluída
PED002547,2025-05-15,CLI02323,PRD001,V010,1,4358.62,0.05,Marketplace,Concluída
PED002548,2025-04-28,CLI02009,PRD011,V007,1,2875.17,0.05,Loja Física,Concluída
PED002549,2025-12-21,CLI00104,PRD019,V006,5,1105.31,0.0,Loja Física,Concluída
PED002550,2025-05-07,CLI01848,PRD020,V005,1,644.3,0.05,Loja Física,Concluída
PED002551,2025-01-26,CLI01111,PRD011,V008,2,2905.34,0.03,Marketplace,Concluída
PED002552,2025-05-19,CLI02139,PRD020,V005,1,646.85,0.03,Televendas,Concluída
PED002553,2025-07-14,CLI00950,PRD002,V009,1,3083.85,0.1,Televendas,Concluída
PED002554,2025-02-04,CLI00474,PRD006,V002,1,186.25,0.15,Loja Física,Concluída
PED002555,2025-04-22,CLI01905,PRD001,V009,3,4508.7,0.0,Televendas,Concluída
PED002556,2025-03-02,CLI02126,PRD020,V010,2,636.19,0.05,Marketplace,Concluída
PED002557,2025-07-02,CLI00066,PRD019,V003,2,1069.69,0.0,Loja Física,Concluída
PED002558,2025-09-21,CLI02259,PRD001,V003,3,4322.92,0.0,E-commerce,Cancelada
PED002559,2025-12-20,CLI00910,PRD001,V010,1,4270.03,0.0,Televendas,Devolvida
PED002560,2025-05-23,CLI02114,PRD006,V005,3,191.71,0.05,E-commerce,Concluída
PED002561,2025-11-12,CLI01505,PRD005,V007,1,368.18,0.08,Televendas,Concluída
PED002562,2025-03-20,CLI00096,PRD017,V002,4,857.07,0.05,E-commerce,Concluída
PED002563,2025-10-12,CLI02372,PRD003,V005,5,986.08,0.15,E-commerce,Concluída
PED002564,2025-07-25,CLI00866,PRD015,V008,3,1596.56,0.08,Loja Física,Concluída
PED002565,2025-10-04,CLI00333,PRD009,V009,1,2900.56,0.0,Loja Física,Concluída
PED002566,2025-10-03,CLI02419,PRD007,V005,2,329.29,0.0,Marketplace,Concluída
PED002567,2025-07-14,CLI00871,PRD003,V001,3,1040.41,0.05,E-commerce,Cancelada
PED002568,2025-04-04,CLI01347,PRD020,V005,2,656.17,0.03,E-commerce,Concluída
PED002569,2025-07-12,CLI01233,PRD011,V007,1,2818.7,0.0,Televendas,Concluída
PED002570,2025-10-29,CLI01924,PRD008,V009,2,2284.6,0.0,Loja Física,Concluída
PED002571,2025-12-21,CLI00744,PRD006,V009,1,193.51,0.03,E-commerce,Concluída
PED002572,2025-12-05,CLI00773,PRD019,V008,2,1105.72,0.05,Televendas,Concluída
PED002573,2025-03-08,CLI02356,PRD016,V002,1,2291.8,0.05,Televendas,Concluída
PED002574,2025-08-07,CLI01118,PRD016,V006,2,2407.71,0.08,Marketplace,Concluída
PED002575,2025-02-08,CLI00429,PRD010,V006,1,1634.67,0.15,E-commerce,Concluída
PED002576,2025-09-02,CLI00959,PRD018,V005,1,954.5,0.08,Loja Física,Concluída
PED002577,2025-12-29,CLI01021,PRD006,V010,1,193.27,0.03,Marketplace,Concluída
PED002578,2025-01-20,CLI01991,PRD013,V010,4,1109.15,0.05,Marketplace,Concluída
PED002579,2025-08-28,CLI00300,PRD007,V003,2,335.8,0.0,Marketplace,Concluída
PED002580,2025-12-12,CLI00374,PRD010,V010,2,1688.28,0.15,E-commerce,Concluída
PED002581,2025-11-06,CLI01497,PRD020,V009,3,649.6,0.05,E-commerce,Concluída
PED002582,2025-05-24,CLI01151,PRD020,V008,2,623.77,0.0,Marketplace,Concluída
PED002583,2025-02-07,CLI00144,PRD009,V004,1,2864.6,0.08,Marketplace,Concluída
PED002584,2025-12-04,CLI02218,PRD010,V008,2,1646.61,0.05,Loja Física,Cancelada
PED002585,2025-12-03,CLI00027,PRD018,V006,1,935.03,0.15,Loja Física,Concluída
PED002586,2025-07-31,CLI02161,PRD020,V009,2,646.28,0.0,E-commerce,Concluída
PED002587,2025-12-24,CLI01555,PRD015,V008,1,1591.38,0.03,Marketplace,Concluída
PED002588,2025-01-02,CLI02037,PRD001,V010,4,4489.99,0.1,Marketplace,Concluída
PED002589,2025-08-14,CLI02185,PRD006,V005,2,202.17,0.03,Loja Física,Concluída
PED002590,2025-01-15,CLI00265,PRD018,V001,1,1027.3,0.03,E-commerce,Concluída
PED002591,2025-12-08,CLI01503,PRD014,V005,2,1342.26,0.05,E-commerce,Concluída
PED002592,2025-09-06,CLI01451,PRD014,V010,1,1360.82,0.05,Loja Física,Concluída
PED002593,2025-11-30,CLI01073,PRD012,V007,2,5426.89,0.0,Marketplace,Concluída
PED002594,2025-07-25,CLI00807,PRD007,V008,4,358.09,0.0,E-commerce,Concluída
PED002595,2025-01-31,CLI01599,PRD007,V007,3,334.36,0.03,Marketplace,Cancelada
PED002596,2025-01-10,CLI02429,PRD016,V006,2,2454.47,0.0,E-commerce,Concluída
PED002597,2025-05-03,CLI02473,PRD005,V001,2,375.97,0.03,Marketplace,Concluída
PED002598,2025-09-29,CLI01445,PRD012,V005,2,5402.27,0.03,Loja Física,Cancelada
PED002599,2025-02-25,CLI01200,PRD013,V001,1,1113.55,0.08,E-commerce,Concluída
PED002600,2025-11-08,CLI02253,PRD017,V004,2,863.41,0.05,E-commerce,Concluída
PED002601,2025-03-29,CLI00437,PRD006,V008,2,194.8,0.03,Loja Física,Concluída
PED002602,2025-07-01,CLI00451,PRD014,V009,1,1337.68,0.0,E-commerce,Concluída
PED002603,2025-03-16,CLI00621,PRD002,V003,1,3013.53,0.03,Marketplace,Concluída
PED002604,2025-06-20,CLI02068,PRD003,V007,1,1045.08,0.0,E-commerce,Concluída
PED002605,2025-06-15,CLI00513,PRD007,V003,1,354.75,0.15,Marketplace,Concluída
PED002606,2025-01-02,CLI01037,PRD001,V003,1,4429.19,0.0,Loja Física,Concluída
PED002607,2025-07-27,CLI00409,PRD020,V010,1,633.71,0.1,Loja Física,Concluída
PED002608,2025-10-15,CLI01214,PRD019,V007,2,1111.21,0.05,Loja Física,Concluída
PED002609,2025-12-08,CLI01073,PRD001,V002,2,4176.04,0.08,Marketplace,Concluída
PED002610,2025-05-01,CLI02057,PRD017,V002,1,845.41,0.1,Loja Física,Concluída
PED002611,2025-11-18,CLI00182,PRD008,V001,2,2251.96,0.08,Loja Física,Concluída
PED002612,2025-11-17,CLI00498,PRD013,V005,3,1103.29,0.05,Loja Física,Concluída
PED002613,2025-12-27,CLI01834,PRD018,V002,1,1012.32,0.0,E-commerce,Concluída
PED002614,2025-05-17,CLI00408,PRD010,V006,1,1653.63,0.05,E-commerce,Concluída
PED002615,2025-11-07,CLI00990,PRD002,V005,2,2966.61,0.0,E-commerce,Concluída
PED002616,2025-07-26,CLI00130,PRD001,V007,1,4290.6,0.03,Marketplace,Concluída
PED002617,2025-01-22,CLI01563,PRD008,V003,1,2315.78,0.1,E-commerce,Concluída
PED002618,2025-04-09,CLI01350,PRD020,V002,2,643.0,0.05,Loja Física,Concluída
PED002619,2025-09-03,CLI01304,PRD010,V002,1,1623.99,0.0,E-commerce,Concluída
PED002620,2025-02-28,CLI01747,PRD006,V001,3,201.51,0.1,Loja Física,Concluída
PED002621,2025-06-08,CLI00818,PRD001,V001,3,4494.48,0.0,Loja Física,Concluída
PED002622,2025-10-10,CLI02321,PRD019,V003,1,1064.77,0.1,Marketplace,Concluída
PED002623,2025-02-24,CLI02391,PRD006,V009,2,189.47,0.08,Loja Física,Concluída
PED002624,2025-07-01,CLI01922,PRD013,V007,5,1082.78,0.0,Marketplace,Concluída
PED002625,2025-03-20,CLI02270,PRD013,V003,2,1054.49,0.0,E-commerce,Devolvida
PED002626,2025-07-15,CLI01547,PRD005,V010,6,349.04,0.15,Marketplace,Concluída
PED002627,2025-03-29,CLI02307,PRD001,V008,3,4253.22,0.0,E-commerce,Concluída
PED002628,2025-12-19,CLI01271,PRD007,V008,1,350.93,0.15,E-commerce,Concluída
PED002629,2025-01-28,CLI01979,PRD006,V009,1,200.03,0.03,E-commerce,Concluída
PED002630,2025-12-18,CLI01142,PRD013,V008,1,1152.12,0.03,Marketplace,Concluída
PED002631,2025-10-17,CLI01831,PRD016,V010,3,2308.91,0.05,E-commerce,Concluída
PED002632,2025-11-09,CLI01093,PRD004,V004,1,1658.76,0.05,E-commerce,Concluída
PED002633,2025-11-07,CLI00844,PRD009,V009,2,2898.06,0.03,E-commerce,Concluída
PED002634,2025-03-10,CLI02015,PRD001,V002,2,4306.09,0.05,Loja Física,Concluída
PED002635,2025-12-06,CLI00372,PRD004,V004,3,1599.5,0.03,Loja Física,Concluída
PED002636,2025-08-05,CLI00892,PRD014,V009,3,1323.41,0.0,Televendas,Concluída
PED002637,2025-12-18,CLI02333,PRD015,V002,1,1580.26,0.08,E-commerce,Concluída
PED002638,2025-11-17,CLI00786,PRD015,V006,1,1608.83,0.05,E-commerce,Concluída
PED002639,2025-07-31,CLI01408,PRD003,V004,2,1026.2,0.05,Marketplace,Concluída
PED002640,2025-05-17,CLI02232,PRD009,V002,3,2923.46,0.05,Loja Física,Concluída
PED002641,2025-02-12,CLI02294,PRD007,V003,3,352.85,0.05,Loja Física,Concluída
PED002642,2025-02-06,CLI02179,PRD020,V006,2,670.28,0.0,E-commerce,Concluída
PED002643,2025-05-23,CLI00491,PRD011,V007,3,2850.36,0.1,Marketplace,Concluída
PED002644,2025-10-24,CLI01842,PRD020,V007,2,645.36,0.03,E-commerce,Concluída
PED002645,2025-07-04,CLI01905,PRD003,V002,1,1054.11,0.1,E-commerce,Concluída
PED002646,2025-06-25,CLI01637,PRD008,V004,4,2206.79,0.08,E-commerce,Concluída
PED002647,2025-03-31,CLI02004,PRD014,V002,2,1298.3,0.08,Marketplace,Concluída
PED002648,2025-07-26,CLI00910,PRD006,V001,3,196.7,0.03,E-commerce,Concluída
PED002649,2025-08-21,CLI01931,PRD011,V004,1,2906.15,0.0,E-commerce,Concluída
PED002650,2025-12-25,CLI01916,PRD009,V007,2,2850.41,0.03,Loja Física,Concluída
PED002651,2025-09-24,CLI02119,PRD020,V004,1,638.54,0.05,Loja Física,Concluída
PED002652,2025-08-10,CLI01964,PRD003,V001,1,1091.67,0.03,Marketplace,Concluída
PED002653,2025-11-29,CLI01440,PRD020,V003,1,638.69,0.0,E-commerce,Concluída
PED002654,2025-06-05,CLI01263,PRD007,V005,3,346.99,0.05,Marketplace,Concluída
PED002655,2025-12-08,CLI01474,PRD008,V004,1,2297.83,0.0,E-commerce,Concluída
PED002656,2025-05-16,CLI00970,PRD009,V009,1,2741.87,0.03,E-commerce,Concluída
PED002657,2025-02-16,CLI02446,PRD005,V006,1,373.77,0.05,Marketplace,Concluída
PED002658,2025-06-02,CLI00297,PRD020,V010,2,656.26,0.0,Loja Física,Concluída
PED002659,2025-02-16,CLI02337,PRD019,V002,2,1095.21,0.0,Loja Física,Concluída
PED002660,2025-02-13,CLI01448,PRD020,V004,2,663.23,0.0,E-commerce,Concluída
PED002661,2025-11-18,CLI00697,PRD020,V001,2,645.38,0.05,E-commerce,Concluída
PED002662,2025-10-18,CLI01303,PRD012,V001,1,5631.89,0.1,Loja Física,Concluída
PED002663,2025-03-22,CLI00295,PRD008,V010,2,2162.02,0.0,E-commerce,Concluída
PED002664,2025-11-02,CLI01594,PRD017,V005,1,871.11,0.08,Marketplace,Concluída
PED002665,2025-01-26,CLI02449,PRD001,V007,2,4386.88,0.0,Marketplace,Concluída
PED002666,2025-04-14,CLI00034,PRD017,V003,4,857.91,0.05,Televendas,Concluída
PED002667,2025-09-15,CLI01243,PRD008,V001,2,2220.65,0.0,Loja Física,Concluída
PED002668,2025-04-21,CLI01562,PRD012,V009,5,5480.25,0.08,Marketplace,Concluída
PED002669,2025-09-24,CLI01501,PRD007,V007,1,339.86,0.08,Marketplace,Concluída
PED002670,2025-11-16,CLI02057,PRD006,V008,3,191.22,0.05,Loja Física,Concluída
PED002671,2025-01-25,CLI01776,PRD001,V006,2,4405.95,0.0,Loja Física,Concluída
PED002672,2025-01-09,CLI01473,PRD007,V005,2,355.43,0.08,Loja Física,Concluída
PED002673,2025-12-10,CLI02358,PRD007,V005,2,329.83,0.0,Marketplace,Concluída
PED002674,2025-07-09,CLI01130,PRD004,V008,1,1625.07,0.05,E-commerce,Concluída
PED002675,2025-07-04,CLI00581,PRD005,V003,3,356.76,0.08,Loja Física,Concluída
PED002676,2025-06-19,CLI02490,PRD010,V004,2,1622.64,0.05,Loja Física,Concluída
PED002677,2025-06-08,CLI01864,PRD006,V004,2,197.2,0.08,Marketplace,Concluída
PED002678,2025-09-09,CLI01535,PRD017,V006,1,855.58,0.08,E-commerce,Concluída
PED002679,2025-07-31,CLI00862,PRD002,V010,1,3007.48,0.08,Marketplace,Concluída
PED002680,2025-03-01,CLI01995,PRD010,V010,4,1598.18,0.0,Loja Física,Concluída
PED002681,2025-08-17,CLI00219,PRD003,V006,1,1063.96,0.03,Televendas,Concluída
PED002682,2025-09-01,CLI00556,PRD009,V003,1,2868.55,0.05,Loja Física,Concluída
PED002683,2025-02-11,CLI02252,PRD009,V010,1,2905.24,0.05,E-commerce,Concluída
PED002684,2025-05-18,CLI00485,PRD011,V004,2,3025.64,0.05,Televendas,Concluída
PED002685,2025-10-16,CLI00070,PRD008,V004,3,2159.47,0.05,E-commerce,Concluída
PED002686,2025-08-14,CLI02309,PRD008,V009,4,2304.17,0.08,E-commerce,Concluída
PED002687,2025-02-19,CLI00866,PRD003,V003,2,1031.49,0.0,E-commerce,Concluída
PED002688,2025-01-15,CLI02319,PRD008,V005,1,2326.2,0.03,Marketplace,Concluída
PED002689,2025-08-01,CLI00006,PRD006,V010,1,192.89,0.1,E-commerce,Concluída
PED002690,2025-06-18,CLI00321,PRD012,V004,1,5639.25,0.0,E-commerce,Concluída
PED002691,2025-12-17,CLI01348,PRD008,V007,2,2208.59,0.0,Loja Física,Concluída
PED002692,2025-07-10,CLI02410,PRD015,V001,6,1585.89,0.08,Televendas,Concluída
PED002693,2025-12-06,CLI01132,PRD007,V010,1,344.41,0.0,Televendas,Concluída
PED002694,2025-03-20,CLI01823,PRD004,V005,1,1599.15,0.03,Marketplace,Concluída
PED002695,2025-06-13,CLI00021,PRD005,V007,2,351.25,0.08,Marketplace,Concluída
PED002696,2025-02-20,CLI00748,PRD001,V006,2,4326.58,0.05,E-commerce,Concluída
PED002697,2025-07-29,CLI01282,PRD009,V005,2,2928.79,0.1,Loja Física,Concluída
PED002698,2025-03-10,CLI00545,PRD017,V005,2,885.41,0.1,Loja Física,Concluída
PED002699,2025-06-29,CLI00481,PRD014,V001,1,1407.81,0.05,Marketplace,Concluída
PED002700,2025-05-06,CLI01629,PRD008,V003,2,2298.29,0.15,E-commerce,Concluída
PED002701,2025-03-09,CLI00610,PRD003,V004,1,1042.25,0.0,Loja Física,Cancelada
PED002702,2025-02-05,CLI00244,PRD017,V004,2,863.24,0.0,Loja Física,Concluída
PED002703,2025-07-06,CLI00520,PRD001,V003,1,4577.37,0.05,Televendas,Concluída
PED002704,2025-12-12,CLI01777,PRD007,V007,2,346.43,0.05,Loja Física,Concluída
PED002705,2025-03-14,CLI01498,PRD017,V009,5,855.52,0.0,E-commerce,Concluída
PED002706,2025-05-28,CLI02056,PRD007,V009,2,339.63,0.03,Marketplace,Concluída
PED002707,2025-03-23,CLI00106,PRD002,V010,1,2981.7,0.0,E-commerce,Concluída
PED002708,2025-10-23,CLI01273,PRD005,V007,5,364.03,0.0,Loja Física,Concluída
PED002709,2025-06-01,CLI02349,PRD010,V005,1,1613.78,0.03,E-commerce,Concluída
PED002710,2025-12-22,CLI02064,PRD003,V007,3,1019.52,0.1,E-commerce,Concluída
PED002711,2025-03-31,CLI01521,PRD011,V002,1,2931.78,0.08,Loja Física,Concluída
PED002712,2025-01-30,CLI01687,PRD008,V009,4,2242.79,0.05,E-commerce,Concluída
PED002713,2025-08-01,CLI00207,PRD006,V006,1,199.77,0.03,Televendas,Concluída
PED002714,2025-08-26,CLI01447,PRD004,V002,1,1632.44,0.0,Marketplace,Concluída
PED002715,2025-12-28,CLI00247,PRD016,V005,5,2361.97,0.03,Loja Física,Concluída
PED002716,2025-11-15,CLI01067,PRD007,V004,2,346.17,0.05,Loja Física,Concluída
PED002717,2025-11-19,CLI00797,PRD014,V004,1,1346.19,0.08,E-commerce,Concluída
PED002718,2025-08-20,CLI01631,PRD008,V001,1,2053.36,0.03,Loja Física,Concluída
PED002719,2025-05-12,CLI01951,PRD002,V001,1,2928.11,0.1,Loja Física,Concluída
PED002720,2025-06-06,CLI02436,PRD008,V004,1,2308.53,0.08,Loja Física,Concluída
PED002721,2025-02-18,CLI02422,PRD008,V004,2,2220.85,0.0,Loja Física,Concluída
PED002722,2025-06-07,CLI00295,PRD008,V010,2,2316.93,0.1,E-commerce,Concluída
PED002723,2025-05-14,CLI00095,PRD016,V003,4,2400.05,0.0,Loja Física,Concluída
PED002724,2025-01-14,CLI00422,PRD019,V004,3,1083.69,0.1,Loja Física,Concluída
PED002725,2025-03-16,CLI02015,PRD015,V010,4,1546.92,0.05,Loja Física,Concluída
PED002726,2025-07-15,CLI01658,PRD010,V009,2,1645.07,0.03,E-commerce,Concluída
PED002727,2025-05-15,CLI01519,PRD009,V001,2,2859.59,0.03,E-commerce,Concluída
PED002728,2025-12-29,CLI02462,PRD011,V001,2,2982.5,0.05,Loja Física,Concluída
PED002729,2025-06-24,CLI01183,PRD005,V001,1,339.45,0.08,E-commerce,Concluída
PED002730,2025-12-16,CLI01249,PRD016,V005,1,2303.51,0.08,Loja Física,Concluída
PED002731,2025-08-30,CLI01759,PRD017,V006,3,832.05,0.03,Marketplace,Concluída
PED002732,2025-01-15,CLI00991,PRD005,V004,2,337.85,0.08,E-commerce,Concluída
PED002733,2025-03-16,CLI00441,PRD019,V001,1,1077.43,0.03,E-commerce,Concluída
PED002734,2025-09-15,CLI02401,PRD017,V003,2,821.66,0.03,Marketplace,Concluída
PED002735,2025-07-18,CLI02429,PRD007,V007,1,338.67,0.0,E-commerce,Concluída
PED002736,2025-04-21,CLI00698,PRD019,V004,2,1077.62,0.08,E-commerce,Concluída
PED002737,2025-07-10,CLI00327,PRD002,V002,1,3027.59,0.05,E-commerce,Concluída
PED002738,2025-11-26,CLI00823,PRD001,V007,4,4339.52,0.03,E-commerce,Concluída
PED002739,2025-05-22,CLI00970,PRD006,V007,2,188.51,0.05,E-commerce,Concluída
PED002740,2025-01-17,CLI01055,PRD009,V005,1,2887.54,0.1,Loja Física,Concluída
PED002741,2025-04-24,CLI02441,PRD006,V010,3,208.74,0.0,E-commerce,Cancelada
PED002742,2025-12-08,CLI01299,PRD020,V009,4,663.52,0.03,E-commerce,Concluída
PED002743,2025-10-06,CLI01995,PRD005,V001,3,366.67,0.03,Loja Física,Concluída
PED002744,2025-11-02,CLI00136,PRD005,V010,2,358.79,0.0,Televendas,Cancelada
PED002745,2025-11-29,CLI00410,PRD011,V001,1,2900.43,0.03,Loja Física,Concluída
PED002746,2025-02-12,CLI01007,PRD001,V005,2,4305.66,0.08,Loja Física,Concluída
PED002747,2025-04-14,CLI00213,PRD013,V010,3,1091.96,0.0,E-commerce,Concluída
PED002748,2025-01-22,CLI01457,PRD007,V010,6,332.27,0.08,Marketplace,Concluída
PED002749,2025-01-02,CLI00590,PRD020,V001,2,649.71,0.15,E-commerce,Concluída
PED002750,2025-11-01,CLI00310,PRD013,V001,2,1067.42,0.0,E-commerce,Concluída
PED002751,2025-12-08,CLI00295,PRD001,V003,1,4179.66,0.03,Loja Física,Concluída
PED002752,2025-02-26,CLI01153,PRD002,V003,1,2942.94,0.0,Televendas,Concluída
PED002753,2025-09-21,CLI00815,PRD002,V003,1,3087.3,0.05,E-commerce,Concluída
PED002754,2025-07-15,CLI00769,PRD020,V005,1,648.39,0.05,Loja Física,Devolvida
PED002755,2025-01-26,CLI00771,PRD012,V004,2,5021.01,0.05,Marketplace,Concluída
PED002756,2025-12-01,CLI00279,PRD008,V006,1,2230.22,0.08,Loja Física,Concluída
PED002757,2025-11-15,CLI00296,PRD004,V009,2,1641.64,0.08,E-commerce,Concluída
PED002758,2025-07-27,CLI02291,PRD018,V006,2,962.17,0.05,E-commerce,Concluída
PED002759,2025-09-16,CLI00263,PRD004,V004,1,1626.41,0.1,Marketplace,Concluída
PED002760,2025-05-25,CLI00895,PRD013,V006,2,1074.7,0.1,Televendas,Concluída
PED002761,2025-10-17,CLI00516,PRD014,V007,1,1348.41,0.05,E-commerce,Concluída
PED002762,2025-06-12,CLI01233,PRD005,V009,1,360.87,0.0,E-commerce,Concluída
PED002763,2025-12-28,CLI01860,PRD008,V010,6,2231.79,0.08,E-commerce,Concluída
PED002764,2025-01-24,CLI01312,PRD004,V003,1,1628.33,0.1,Loja Física,Concluída
PED002765,2025-03-04,CLI01927,PRD007,V010,1,355.07,0.05,E-commerce,Cancelada
PED002766,2025-12-20,CLI00415,PRD020,V009,2,652.36,0.08,Marketplace,Concluída
PED002767,2025-04-16,CLI01560,PRD013,V002,1,1088.25,0.03,E-commerce,Concluída
PED002768,2025-04-24,CLI01417,PRD017,V006,1,835.67,0.05,E-commerce,Concluída
PED002769,2025-10-16,CLI00044,PRD009,V002,3,2929.89,0.08,E-commerce,Concluída
PED002770,2025-03-11,CLI00615,PRD004,V005,2,1584.88,0.1,Marketplace,Concluída
PED002771,2025-07-07,CLI01299,PRD013,V001,2,1100.64,0.0,Loja Física,Concluída
PED002772,2025-04-15,CLI01513,PRD008,V003,4,2311.62,0.0,Loja Física,Concluída
PED002773,2025-03-14,CLI00513,PRD003,V006,1,1061.31,0.03,E-commerce,Cancelada
PED002774,2025-12-18,CLI00294,PRD007,V004,2,350.58,0.03,Loja Física,Concluída
PED002775,2025-03-14,CLI00356,PRD011,V001,1,3007.68,0.08,Marketplace,Concluída
PED002776,2025-02-04,CLI01981,PRD014,V004,1,1300.09,0.0,,Concluída
PED002777,2025-09-03,CLI00238,PRD005,V006,6,352.81,0.08,Loja Física,Concluída
PED002778,2025-11-13,CLI02159,PRD018,V008,3,936.14,0.05,Marketplace,Concluída
PED002779,2025-02-16,CLI00384,PRD007,V002,1,329.67,0.05,Loja Física,Concluída
PED002780,2025-09-16,CLI02452,PRD005,V005,1,374.3,0.05,E-commerce,Concluída
PED002781,2025-07-17,CLI01581,PRD003,V002,1,1010.21,0.08,E-commerce,Cancelada
PED002782,2025-10-30,CLI02239,PRD016,V002,2,2280.48,0.03,Marketplace,Concluída
PED002783,2025-02-16,CLI01130,PRD006,V002,1,196.56,0.03,Loja Física,Concluída
PED002784,2025-12-23,CLI01661,PRD008,V008,4,2226.12,0.05,E-commerce,Cancelada
PED002785,2025-08-14,CLI00867,PRD004,V010,1,1696.17,0.03,Televendas,Concluída
PED002786,2025-11-04,CLI00362,PRD012,V007,1,5472.73,0.03,E-commerce,Concluída
PED002787,2025-05-13,CLI01840,PRD015,V004,5,1587.57,0.1,Loja Física,Concluída
PED002788,2025-12-11,CLI00219,PRD006,V010,4,192.99,0.08,Loja Física,Concluída
PED002789,2025-08-17,CLI01055,PRD020,V005,1,619.3,0.0,E-commerce,Concluída
PED002790,2025-02-16,CLI00198,PRD001,V006,2,4287.28,0.08,E-commerce,Concluída
PED002791,2025-12-03,CLI01291,PRD002,V007,4,2939.93,0.0,E-commerce,Concluída
PED002792,2025-10-18,CLI02100,PRD010,V007,2,1614.87,0.03,E-commerce,Concluída
PED002793,2025-04-20,CLI00448,PRD013,V005,2,1042.01,0.0,Marketplace,Concluída
PED002794,2025-07-19,CLI01913,PRD005,V005,2,361.78,0.0,E-commerce,Concluída
PED002795,2025-05-22,CLI00774,PRD009,V004,4,2838.64,0.03,Marketplace,Concluída
PED002796,2025-07-18,CLI00557,PRD006,V007,2,189.24,0.05,Loja Física,Concluída
PED002797,2025-12-19,CLI02254,PRD009,V007,1,2870.35,0.03,E-commerce,Concluída
PED002798,2025-11-25,CLI00592,PRD011,V005,2,2992.43,0.0,Marketplace,Concluída
PED002799,2025-03-20,CLI01444,PRD020,V008,3,665.5,0.0,Marketplace,Concluída
PED002800,2025-12-21,CLI00242,PRD008,V002,2,2131.16,0.0,Loja Física,Concluída
PED002801,2025-06-09,CLI00375,PRD011,V005,1,2882.81,0.05,Loja Física,Concluída
PED002802,2025-09-15,CLI02430,PRD010,V010,2,1588.32,0.0,E-commerce,Concluída
PED002803,2025-10-06,CLI01074,PRD006,V008,2,193.62,0.05,E-commerce,Concluída
PED002804,2025-06-26,CLI00628,PRD005,V008,5,373.07,0.03,E-commerce,Concluída
PED002805,2025-06-16,CLI02188,PRD020,V009,1,634.4,0.0,Loja Física,Concluída
PED002806,2025-06-16,CLI02120,PRD004,V007,3,1586.32,0.08,E-commerce,Cancelada
PED002807,2025-11-11,CLI00618,PRD015,V007,2,1537.56,0.05,Loja Física,Concluída
PED002808,2025-05-22,CLI01913,PRD003,V005,1,1077.84,0.05,Loja Física,Concluída
PED002809,2025-04-13,CLI00683,PRD016,V009,2,2211.66,0.03,E-commerce,Concluída
PED002810,2025-05-12,CLI02006,PRD003,V008,1,1021.33,0.03,Marketplace,Concluída
PED002811,2025-03-13,CLI00747,PRD020,V006,3,632.17,0.05,Marketplace,Concluída
PED002812,2025-05-23,CLI01572,PRD012,V002,3,5273.29,0.15,Loja Física,Concluída
PED002813,2025-02-11,CLI02423,PRD002,V009,1,3076.15,0.03,Loja Física,Concluída
PED002814,2025-02-02,CLI00533,PRD013,V004,2,1036.5,0.05,Loja Física,Concluída
PED002815,2025-09-22,CLI00539,PRD010,V004,5,1625.79,0.03,Televendas,Concluída
PED002816,2025-01-29,CLI00551,PRD006,V002,1,196.44,0.1,Loja Física,Concluída
PED002817,2025-07-27,CLI01208,PRD005,V003,4,353.78,0.0,Televendas,Concluída
PED002818,2025-10-12,CLI02335,PRD013,V002,1,1038.37,0.03,E-commerce,Concluída
PED002819,2025-09-22,CLI02106,PRD014,V001,1,1336.59,0.05,Marketplace,Concluída
PED002820,2025-06-12,CLI01384,PRD006,V001,2,193.08,0.08,Loja Física,Concluída
PED002821,2025-03-12,CLI01184,PRD018,V003,1,989.0,0.08,E-commerce,Concluída
PED002822,2025-12-06,CLI01677,PRD005,V008,4,365.2,0.08,Loja Física,Concluída
PED002823,2025-11-01,CLI02095,PRD001,V009,2,4579.09,0.08,E-commerce,Concluída
PED002824,2025-08-12,CLI01327,PRD010,V003,2,1649.2,0.03,E-commerce,Concluída
PED002825,2025-02-01,CLI01308,PRD002,V005,2,3037.76,0.0,Marketplace,Concluída
PED002826,2025-01-13,CLI00857,PRD005,V009,2,357.31,0.1,E-commerce,Concluída
PED002827,2025-04-26,CLI02307,PRD008,V008,3,2365.49,0.03,Televendas,Concluída
PED002828,2025-02-27,CLI01762,PRD005,V010,2,360.64,0.0,E-commerce,Concluída
PED002829,2025-11-11,CLI01568,PRD004,V005,3,1601.27,0.0,E-commerce,Concluída
PED002830,2025-03-17,CLI02149,PRD013,V002,2,1100.1,0.05,Loja Física,Concluída
PED002831,2025-04-14,CLI01582,PRD009,V002,1,2816.58,0.03,Loja Física,Concluída
PED002832,2025-12-23,CLI00585,PRD017,V008,2,843.0,0.05,Loja Física,Concluída
PED002833,2025-10-26,CLI01736,PRD010,V001,2,1666.88,0.05,Loja Física,Concluída
PED002834,2025-03-21,CLI00407,PRD008,V005,1,2309.95,0.0,Loja Física,Concluída
PED002835,2025-05-20,CLI00425,PRD005,V004,1,365.93,0.0,Loja Física,Concluída
PED002836,2025-07-08,CLI00165,PRD015,V010,1,1566.95,0.1,Loja Física,Concluída
PED002837,2025-08-31,CLI00337,PRD003,V010,1,1042.74,0.08,Marketplace,Concluída
PED002838,2025-12-08,CLI02258,PRD004,V005,3,1643.94,0.1,E-commerce,Concluída
PED002839,2025-11-14,CLI00090,PRD017,V006,3,830.31,0.0,Televendas,Concluída
PED002840,2025-12-23,CLI01719,PRD014,V004,1,1342.29,0.1,E-commerce,Concluída
PED002841,2025-01-15,CLI02230,PRD010,V008,5,1524.97,0.1,Loja Física,Concluída
PED002842,2025-03-28,CLI01777,PRD001,V003,5,4447.64,0.03,Marketplace,Concluída
PED002843,2025-07-25,CLI00623,PRD002,V008,4,2935.09,0.05,Marketplace,Concluída
PED002844,2025-01-18,CLI00136,PRD008,V010,1,2225.54,0.0,E-commerce,Concluída
PED002845,2025-05-10,CLI01146,PRD014,V002,1,1338.15,0.05,Loja Física,Concluída
PED002846,2025-02-26,CLI00997,PRD008,V003,2,2303.53,0.08,Marketplace,Concluída
PED002847,2025-12-07,CLI01876,PRD001,V004,3,4627.95,0.05,Televendas,Concluída
PED002848,2025-01-24,CLI00144,PRD003,V009,2,995.53,0.0,Televendas,Concluída
PED002849,2025-02-24,CLI01962,PRD010,V007,2,1609.75,0.03,E-commerce,Concluída
PED002850,2025-03-13,CLI01723,PRD013,V002,3,1091.64,0.08,Loja Física,Concluída
PED002851,2025-02-24,CLI00801,PRD001,V004,5,4287.49,0.08,E-commerce,Concluída
PED002852,2025-07-27,CLI00857,PRD001,V007,2,4458.09,0.05,E-commerce,Concluída
PED002853,2025-05-13,CLI01726,PRD005,V010,4,359.04,0.15,Loja Física,Concluída
PED002854,2025-11-30,CLI02452,PRD002,V005,3,3059.92,0.0,Loja Física,Concluída
PED002855,2025-04-06,CLI00878,PRD009,V001,1,2844.96,0.0,Televendas,Concluída
PED002856,2025-07-16,CLI01803,PRD002,V002,3,3034.44,0.0,Loja Física,Concluída
PED002857,2025-08-29,CLI01494,PRD011,V001,1,2866.21,0.08,Loja Física,Concluída
PED002858,2025-08-17,CLI00357,PRD015,V002,1,1646.15,0.08,E-commerce,Concluída
PED002859,2025-10-18,CLI02075,PRD020,V005,6,618.69,0.08,Televendas,Cancelada
PED002860,2025-03-15,CLI00456,PRD020,V003,1,634.72,0.1,Televendas,Concluída
PED002861,2025-07-05,CLI00223,PRD005,V004,2,347.75,0.03,Loja Física,Concluída
PED002862,2025-10-20,CLI00305,PRD001,V008,5,4454.2,0.03,,Concluída
PED002863,2025-11-12,CLI00977,PRD006,V005,1,199.49,0.05,Televendas,Concluída
PED002864,2025-08-14,CLI00624,PRD013,V008,1,1052.37,0.03,E-commerce,Concluída
PED002865,2025-08-26,CLI01127,PRD001,V006,1,4475.69,0.05,Loja Física,Concluída
PED002866,2025-11-12,CLI02428,PRD006,V003,2,193.39,0.0,Marketplace,Concluída
PED002867,2025-08-17,CLI00186,PRD006,V010,1,198.74,0.03,E-commerce,Concluída
PED002868,2025-12-13,CLI02464,PRD004,V005,1,1630.36,0.03,E-commerce,Concluída
PED002869,2025-02-16,CLI00793,PRD013,V009,3,1078.79,0.0,E-commerce,Concluída
PED002870,2025-05-07,CLI00718,PRD011,V001,1,3003.26,0.15,Loja Física,Concluída
PED002871,2025-02-10,CLI00203,PRD009,V009,2,2852.43,0.0,Marketplace,Concluída
PED002872,2025-02-03,CLI00611,PRD019,V008,1,1100.17,0.1,E-commerce,Concluída
PED002873,2025-06-22,CLI02444,PRD002,V003,2,2973.14,0.0,Loja Física,Cancelada
PED002874,2025-03-24,CLI00642,PRD003,V008,2,987.37,0.1,E-commerce,Concluída
PED002875,2025-05-29,CLI02015,PRD007,V008,2,340.92,0.05,E-commerce,Concluída
PED002876,2025-06-09,CLI01265,PRD011,V009,1,2872.33,0.0,E-commerce,Concluída
PED002877,2025-08-15,CLI00086,PRD010,V003,1,1701.93,0.0,Marketplace,Concluída
PED002878,2025-12-12,CLI01205,PRD002,V009,1,2891.56,0.03,Marketplace,Concluída
PED002879,2025-11-07,CLI00219,PRD020,V008,1,665.94,0.08,E-commerce,Concluída
PED002880,2025-05-19,CLI01122,PRD006,V004,2,195.95,0.0,E-commerce,Concluída
PED002881,2025-04-29,CLI01202,PRD006,V004,1,198.83,0.0,E-commerce,Concluída
PED002882,2025-10-09,CLI00200,PRD011,V003,1,2835.17,0.05,E-commerce,Concluída
PED002883,2025-02-15,CLI01508,PRD020,V005,1,641.16,0.05,E-commerce,Concluída
PED002884,2025-07-17,CLI00646,PRD012,V009,3,5418.84,0.03,E-commerce,Concluída
PED002885,2025-06-04,CLI01992,PRD020,V009,2,680.13,0.0,Marketplace,Concluída
PED002886,2025-03-08,CLI01136,PRD003,V002,2,1017.89,0.05,Marketplace,Concluída
PED002887,2025-08-14,CLI02172,PRD011,V002,2,3021.14,0.0,Loja Física,Concluída
PED002888,2025-04-28,CLI00540,PRD017,V001,1,878.57,0.05,Televendas,Concluída
PED002889,2025-03-09,CLI01634,PRD008,V007,1,2333.03,0.0,Televendas,Concluída
PED002890,2025-08-27,CLI01562,PRD006,V004,1,193.91,0.15,Loja Física,Concluída
PED002891,2025-03-05,CLI00008,PRD020,V008,2,675.31,0.05,Televendas,Concluída
PED002892,2025-09-03,CLI00385,PRD003,V008,1,1087.84,0.05,E-commerce,Concluída
PED002893,2025-03-01,CLI00724,PRD007,V002,1,345.12,0.08,Loja Física,Concluída
PED002894,2025-06-08,CLI00898,PRD018,V007,4,958.12,0.15,Marketplace,Concluída
PED002895,2025-10-22,CLI02208,PRD019,V008,3,1067.46,0.08,Loja Física,Concluída
PED002896,2025-03-25,CLI01898,PRD020,V010,1,653.77,0.05,Marketplace,Cancelada
PED002897,2025-10-08,CLI00507,PRD018,V008,4,970.97,0.1,Marketplace,Concluída
PED002898,2025-09-21,CLI01480,PRD001,V004,1,4386.78,0.0,E-commerce,Concluída
PED002899,2025-11-26,CLI00117,PRD020,V010,1,624.38,0.08,E-commerce,Concluída
PED002900,2025-03-03,CLI02281,PRD008,V003,1,2270.29,0.05,Loja Física,Concluída
PED002901,2025-09-19,CLI01724,PRD011,V009,5,3020.44,0.05,E-commerce,Concluída
PED002902,2025-12-08,CLI00721,PRD007,V004,1,348.95,0.1,E-commerce,Concluída
PED002903,2025-10-06,CLI01683,PRD016,V010,3,2322.28,0.08,Marketplace,Concluída
PED002904,2025-03-10,CLI00026,PRD010,V008,2,1640.2,0.08,Marketplace,Concluída
PED002905,2025-10-28,CLI00652,PRD017,V006,2,822.32,0.1,E-commerce,Concluída
PED002906,2025-02-09,CLI01266,PRD003,V003,1,1018.51,0.05,E-commerce,Concluída
PED002907,2025-08-03,CLI01577,PRD003,V002,1,1026.94,0.0,E-commerce,Concluída
PED002908,2025-07-01,CLI00554,PRD008,V010,3,2304.34,0.0,E-commerce,Concluída
PED002909,2025-07-13,CLI01451,PRD001,V009,1,4289.72,0.05,Loja Física,Cancelada
PED002910,2025-07-09,CLI00309,PRD013,V006,2,1057.32,0.0,E-commerce,Concluída
PED002911,2025-01-12,CLI00347,PRD005,V009,1,367.38,0.05,E-commerce,Concluída
PED002912,2025-07-05,CLI00045,PRD009,V008,3,2832.49,0.08,E-commerce,Concluída
PED002913,2025-12-08,CLI01911,PRD001,V004,2,4275.24,0.0,Loja Física,Concluída
PED002914,2025-06-09,CLI01467,PRD003,V009,2,1056.78,0.1,E-commerce,Concluída
PED002915,2025-04-12,CLI00549,PRD011,V008,2,2970.15,0.08,Marketplace,Concluída
PED002916,2025-12-30,CLI00966,PRD006,V005,1,195.81,0.15,Marketplace,Concluída
PED002917,2025-02-06,CLI01965,PRD004,V001,1,1591.29,0.0,E-commerce,Concluída
PED002918,2025-06-27,CLI00809,PRD004,V008,1,1620.62,0.03,Marketplace,Concluída
PED002919,2025-07-07,CLI00669,PRD004,V004,2,1627.01,0.05,Marketplace,Concluída
PED002920,2025-06-24,CLI00954,PRD011,V004,1,2951.81,0.08,Marketplace,Concluída
PED002921,2025-12-03,CLI00543,PRD003,V008,1,1038.86,0.1,Marketplace,Concluída
PED002922,2025-06-03,CLI01908,PRD006,V009,1,193.84,0.1,Marketplace,Concluída
PED002923,2025-12-22,CLI02193,PRD012,V001,1,5435.09,0.0,Marketplace,Concluída
PED002924,2025-01-25,CLI00581,PRD009,V009,2,2850.44,0.03,Loja Física,Concluída
PED002925,2025-09-25,CLI02302,PRD010,V003,2,1605.16,0.08,E-commerce,Concluída
PED002926,2025-08-05,CLI01275,PRD005,V006,1,350.83,0.0,Marketplace,Concluída
PED002927,2025-03-29,CLI01640,PRD020,V009,1,644.7,0.15,Loja Física,Concluída
PED002928,2025-03-25,CLI02485,PRD007,V003,2,350.44,0.08,Loja Física,Cancelada
PED002929,2025-09-20,CLI02281,PRD005,V003,2,341.87,0.08,E-commerce,Concluída
PED002930,2025-08-21,CLI00125,PRD019,V010,3,1080.25,0.1,E-commerce,Concluída
PED002931,2025-08-12,CLI00284,PRD011,V004,3,2956.48,0.0,Marketplace,Concluída
PED002932,2025-01-19,CLI01645,PRD010,V010,3,1688.77,0.03,E-commerce,Concluída
PED002933,2025-08-07,CLI01547,PRD018,V004,3,1013.02,0.05,Loja Física,Concluída
PED002934,2025-12-25,CLI01708,PRD001,V007,4,4338.68,0.08,Marketplace,Concluída
PED002935,2025-01-07,CLI00424,PRD017,V006,2,895.76,0.08,Loja Física,Concluída
PED002936,2025-06-21,CLI01057,PRD012,V010,2,5573.16,0.0,Marketplace,Cancelada
PED002937,2025-06-30,CLI01207,PRD006,V006,3,200.84,0.05,E-commerce,Concluída
PED002938,2025-11-24,CLI02019,PRD005,V006,1,350.95,0.0,Loja Física,Concluída
PED002939,2025-04-14,CLI01617,PRD002,V005,1,3027.59,0.03,E-commerce,Concluída
PED002940,2025-06-23,CLI01679,PRD020,V004,4,660.7,0.15,E-commerce,Concluída
PED002941,2025-09-19,CLI00854,PRD003,V005,2,1017.89,0.0,Marketplace,Concluída
PED002942,2025-01-23,CLI01781,PRD005,V005,1,337.06,0.0,E-commerce,Concluída
PED002943,2025-10-20,CLI00218,PRD013,V008,1,1089.47,0.03,Televendas,Concluída
PED002944,2025-10-28,CLI00324,PRD013,V001,1,1079.6,0.1,E-commerce,Concluída
PED002945,2025-09-20,CLI01069,PRD003,V006,1,1070.55,0.0,Loja Física,Concluída
PED002946,2025-08-25,CLI01369,PRD016,V006,2,2314.99,0.0,E-commerce,Cancelada
PED002947,2025-09-30,CLI00724,PRD009,V008,2,2812.28,0.03,E-commerce,Concluída
PED002948,2025-10-13,CLI00419,PRD017,V007,2,828.66,0.05,Loja Física,Concluída
PED002949,2025-11-26,CLI01262,PRD002,V005,1,2946.5,0.0,Loja Física,Concluída
PED002950,2025-06-06,CLI00200,PRD001,V002,2,4657.98,0.08,E-commerce,Concluída
PED002951,2025-06-16,CLI00527,PRD011,V004,1,2819.99,0.08,E-commerce,Concluída
PED002952,2025-08-21,CLI01062,PRD003,V003,1,1001.16,0.05,Marketplace,Concluída
PED002953,2025-03-12,CLI01257,PRD009,V003,2,2858.85,0.0,Loja Física,Concluída
PED002954,2025-11-09,CLI00247,PRD001,V008,1,4582.39,0.05,E-commerce,Concluída
PED002955,2025-10-09,CLI02014,PRD015,V005,4,1599.21,0.0,E-commerce,Cancelada
PED002956,2025-08-19,CLI00001,PRD019,V008,2,1133.27,0.03,Televendas,Concluída
PED002957,2025-04-21,CLI01250,PRD017,V002,1,845.44,0.08,Loja Física,Concluída
PED002958,2025-05-07,CLI02428,PRD020,V010,1,623.69,0.0,Loja Física,Concluída
PED002959,2025-06-08,CLI02243,PRD019,V005,1,1078.68,0.0,Loja Física,Concluída
PED002960,2025-08-30,CLI02193,PRD008,V003,1,2261.35,0.0,Televendas,Concluída
PED002961,2025-10-11,CLI01774,PRD007,V004,4,342.07,0.0,Loja Física,Concluída
PED002962,2025-09-03,CLI00465,PRD018,V009,2,964.21,0.0,Marketplace,Concluída
PED002963,2025-12-06,CLI01581,PRD020,V008,3,655.69,0.03,E-commerce,Concluída
PED002964,2025-12-17,CLI00375,PRD020,V002,2,634.65,0.08,Marketplace,Concluída
PED002965,2025-09-15,CLI02445,PRD014,V010,4,1311.13,0.0,E-commerce,Concluída
PED002966,2025-05-16,CLI00858,PRD004,V002,4,1557.04,0.03,E-commerce,Concluída
PED002967,2025-08-07,CLI00115,PRD020,V003,1,649.46,0.1,Televendas,Concluída
PED002968,2025-06-05,CLI00282,PRD020,V008,1,647.86,0.05,Loja Física,Concluída
PED002969,2025-08-18,CLI00238,PRD012,V006,1,5660.75,0.08,E-commerce,Cancelada
PED002970,2025-10-24,CLI00848,PRD017,V005,1,886.68,0.05,Televendas,Concluída
PED002971,2025-05-15,CLI00445,PRD009,V010,2,2776.33,0.0,Loja Física,Concluída
PED002972,2025-07-04,CLI01764,PRD020,V008,1,646.53,0.0,Marketplace,Concluída
PED002973,2025-01-17,CLI01748,PRD002,V010,3,2978.29,0.08,Loja Física,Concluída
PED002974,2025-09-26,CLI00599,PRD017,V003,1,820.86,0.1,Loja Física,Concluída
PED002975,2025-06-28,CLI00277,PRD001,V009,3,4309.17,0.03,Loja Física,Concluída
PED002976,2025-06-17,CLI01947,PRD006,V003,1,204.54,0.05,Marketplace,Concluída
PED002977,2025-07-14,CLI00128,PRD002,V009,1,2946.31,0.03,Loja Física,Concluída
PED002978,2025-03-20,CLI02308,PRD008,V006,3,2223.11,0.0,E-commerce,Concluída
PED002979,2025-08-07,CLI00720,PRD004,V006,2,1603.3,0.0,Marketplace,Concluída
PED002980,2025-09-29,CLI00096,PRD020,V002,3,660.88,0.15,Loja Física,Concluída
PED002981,2025-05-08,CLI01784,PRD009,V009,4,2840.93,0.0,Loja Física,Concluída
PED002982,2025-02-17,CLI01352,PRD018,V003,1,972.49,0.03,Loja Física,Concluída
PED002983,2025-05-22,CLI02198,PRD005,V006,1,339.96,0.05,Loja Física,Concluída
PED002984,2025-03-14,CLI00192,PRD001,V002,1,4429.31,0.03,E-commerce,Concluída
PED002985,2025-05-17,CLI01038,PRD015,V010,1,1578.78,0.15,E-commerce,Concluída
PED002986,2025-08-17,CLI01378,PRD013,V004,5,1109.44,0.0,Televendas,Concluída
PED002987,2025-02-11,CLI00798,PRD009,V008,3,2729.08,0.1,Marketplace,Concluída
PED002988,2025-09-30,CLI00094,PRD016,V008,1,2328.83,0.0,Televendas,Concluída
PED002989,2025-03-23,CLI00292,PRD017,V006,2,874.24,0.0,Marketplace,Cancelada
PED002990,2025-11-23,CLI01244,PRD010,V002,4,1621.78,0.05,Televendas,Concluída
PED002991,2025-09-25,CLI01351,PRD020,V003,1,646.97,0.1,Loja Física,Concluída
PED002992,2025-04-10,CLI01068,PRD013,V007,1,1074.31,0.03,Loja Física,Concluída
PED002993,2025-07-25,CLI01546,PRD012,V006,3,5457.35,0.0,E-commerce,Concluída
PED002994,2025-02-10,CLI02395,PRD006,V006,3,202.57,0.03,E-commerce,Concluída
PED002995,2025-02-06,CLI00167,PRD001,V003,1,4211.44,0.0,Marketplace,Cancelada
PED002996,2025-12-15,CLI00455,PRD004,V006,2,1603.37,0.08,E-commerce,Concluída
PED002997,2025-10-20,CLI01270,PRD014,V001,1,1350.69,0.1,Televendas,Concluída
PED002998,2025-02-26,CLI00272,PRD013,V005,2,1110.89,0.05,Loja Física,Concluída
PED002999,2025-04-14,CLI00997,PRD006,V001,2,196.23,0.03,E-commerce,Concluída
PED003000,2025-03-14,CLI00183,PRD011,V007,1,3007.6,0.05,E-commerce,Concluída
PED003001,2025-05-25,CLI00124,PRD003,V006,3,1034.33,0.05,Loja Física,Concluída
PED003002,2025-04-17,CLI00350,PRD005,V009,2,361.63,0.0,Marketplace,Concluída
PED003003,2025-04-30,CLI00281,PRD020,V005,2,647.46,0.03,E-commerce,Concluída
PED003004,2025-07-13,CLI01466,PRD007,V002,2,347.58,0.05,Loja Física,Concluída
PED003005,2025-03-11,CLI01464,PRD005,V003,2,365.43,0.08,E-commerce,Cancelada
PED003006,2025-11-19,CLI02434,PRD008,V009,1,2205.3,0.03,E-commerce,Concluída
PED003007,2025-09-23,CLI02138,PRD007,V010,1,343.84,0.08,Marketplace,Concluída
PED003008,2025-10-05,CLI01490,PRD013,V001,3,1100.1,0.08,E-commerce,Concluída
PED003009,2025-03-03,CLI02294,PRD020,V007,2,669.76,0.1,Marketplace,Concluída
PED003010,2025-09-16,CLI01630,PRD010,V005,1,1603.21,0.15,Loja Física,Concluída
PED003011,2025-11-02,CLI02339,PRD010,V003,5,1666.82,0.0,E-commerce,Concluída
PED003012,2025-03-05,CLI01539,PRD006,V006,3,195.12,0.03,Loja Física,Concluída
PED003013,2025-10-02,CLI02123,PRD009,V010,1,2876.47,0.08,E-commerce,Concluída
PED003014,2025-05-11,CLI00439,PRD006,V002,1,191.55,0.08,Loja Física,Concluída
PED003015,2025-10-15,CLI02433,PRD001,V009,2,4365.37,0.0,E-commerce,Concluída
PED003016,2025-06-24,CLI02362,PRD018,V001,1,977.13,0.05,Televendas,Cancelada
PED003017,2025-10-20,CLI00148,PRD008,V008,5,2213.4,0.1,Televendas,Concluída
PED003018,2025-02-23,CLI02480,PRD008,V001,2,2350.58,0.0,E-commerce,Concluída
PED003019,2025-05-23,CLI01034,PRD002,V001,1,2878.09,0.03,Marketplace,Concluída
PED003020,2025-04-10,CLI00391,PRD017,V001,2,865.13,0.03,Televendas,Concluída
PED003021,2025-04-01,CLI01819,PRD003,V009,1,972.86,0.03,E-commerce,Concluída
PED003022,2025-04-23,CLI00623,PRD007,V006,2,339.8,0.05,E-commerce,Concluída
PED003023,2025-05-20,CLI01676,PRD017,V007,1,863.9,0.0,Loja Física,Concluída
PED003024,2025-02-16,CLI01426,PRD008,V002,3,2308.83,0.08,Loja Física,Cancelada
PED003025,2025-09-16,CLI01659,PRD020,V010,3,644.45,0.0,Marketplace,Concluída
PED003026,2025-07-20,CLI02298,PRD004,V009,4,1595.69,0.08,Loja Física,Devolvida
PED003027,2025-10-30,CLI01760,PRD013,V005,1,1100.83,0.0,Loja Física,Concluída
PED003028,2025-09-15,CLI01453,PRD020,V009,1,661.51,0.08,Marketplace,Concluída
PED003029,2025-02-24,CLI00658,PRD009,V002,3,2961.48,0.03,Marketplace,Concluída
PED003030,2025-01-26,CLI00944,PRD013,V003,1,1050.4,0.05,Loja Física,Concluída
PED003031,2025-06-04,CLI00385,PRD007,V001,1,340.26,0.0,Marketplace,Cancelada
PED003032,2025-06-25,CLI00950,PRD014,V002,6,1268.63,0.05,E-commerce,Concluída
PED003033,2025-03-29,CLI00035,PRD019,V009,3,1053.63,0.0,Loja Física,Concluída
PED003034,2025-10-13,CLI01001,PRD013,V005,4,1066.32,0.0,E-commerce,Concluída
PED003035,2025-08-01,CLI00036,PRD020,V007,1,660.12,0.08,Marketplace,Concluída
PED003036,2025-10-01,CLI02327,PRD010,V009,2,1624.91,0.0,Loja Física,Concluída
PED003037,2025-02-09,CLI00636,PRD010,V008,2,1632.8,0.1,Loja Física,Concluída
PED003038,2025-10-25,CLI01928,PRD006,V004,2,198.31,0.05,Televendas,Concluída
PED003039,2025-03-17,CLI00362,PRD013,V004,1,1067.23,0.0,Televendas,Concluída
PED003040,2025-06-13,CLI02002,PRD018,V002,3,921.06,0.1,E-commerce,Concluída
PED003041,2025-06-10,CLI00058,PRD011,V009,1,2881.71,0.0,Loja Física,Concluída
PED003042,2025-10-27,CLI00108,PRD004,V010,2,1600.54,0.08,Loja Física,Concluída
PED003043,2025-04-12,CLI00711,PRD009,V006,4,2896.27,0.03,Loja Física,Concluída
PED003044,2025-03-29,CLI00774,PRD014,V005,3,1335.31,0.05,Loja Física,Concluída
PED003045,2025-05-04,CLI02020,PRD020,V009,1,653.45,0.08,Marketplace,Concluída
PED003046,2025-05-12,CLI01959,PRD003,V004,2,1059.68,0.0,Loja Física,Concluída
PED003047,2025-03-08,CLI01308,PRD002,V005,2,3077.52,0.05,Loja Física,Concluída
PED003048,2025-03-06,CLI00297,PRD007,V009,1,343.45,0.0,Marketplace,Concluída
PED003049,2025-03-26,CLI02010,PRD002,V004,1,2908.55,0.08,Loja Física,Devolvida
PED003050,2025-06-20,CLI00654,PRD020,V010,2,626.04,0.0,Loja Física,Cancelada
PED003051,2025-05-06,CLI01670,PRD007,V002,3,332.13,0.0,E-commerce,Concluída
PED003052,2025-05-24,CLI02058,PRD009,V005,5,2785.81,0.0,Loja Física,Concluída
PED003053,2025-09-20,CLI00618,PRD004,V005,1,1609.38,0.05,E-commerce,Concluída
PED003054,2025-03-29,CLI01397,PRD008,V004,1,2375.46,0.15,Loja Física,Concluída
PED003055,2025-11-29,CLI01864,PRD020,V010,1,649.57,0.15,Loja Física,Concluída
PED003056,2025-10-02,CLI01361,PRD008,V005,6,2263.66,0.08,E-commerce,Concluída
PED003057,2025-03-05,CLI00979,PRD001,V009,3,4471.84,0.08,E-commerce,Concluída
PED003058,2025-04-25,CLI00738,PRD004,V003,5,1572.14,0.1,Loja Física,Concluída
PED003059,2025-03-08,CLI01703,PRD020,V004,2,662.98,0.05,Marketplace,Concluída
PED003060,2025-04-10,CLI00232,PRD020,V005,1,661.79,0.0,Televendas,Concluída
PED003061,2025-05-14,CLI01403,PRD004,V006,2,1607.76,0.05,E-commerce,Concluída
PED003062,2025-02-17,CLI02163,PRD010,V003,1,1730.77,0.0,Loja Física,Concluída
PED003063,2025-01-06,CLI00564,PRD002,V004,1,3077.13,0.08,Loja Física,Concluída
PED003064,2025-06-10,CLI00454,PRD010,V007,1,1646.55,0.03,Televendas,Concluída
PED003065,2025-09-13,CLI01441,PRD002,V003,1,2982.91,0.0,Loja Física,Concluída
PED003066,2025-04-21,CLI01317,PRD016,V008,1,2321.23,0.08,Loja Física,Concluída
PED003067,2025-11-11,CLI00372,PRD020,V005,4,644.04,0.0,E-commerce,Concluída
PED003068,2025-05-15,CLI01482,PRD003,V010,3,1033.1,0.15,Loja Física,Concluída
PED003069,2025-11-25,CLI00199,PRD008,V003,3,2250.3,0.15,Loja Física,Concluída
PED003070,2025-03-28,CLI01193,PRD002,V009,1,2977.65,0.05,Loja Física,Concluída
PED003071,2025-07-16,CLI00162,PRD006,V005,3,190.96,0.08,Marketplace,Concluída
PED003072,2025-10-06,CLI02034,PRD001,V001,1,4304.81,0.0,Loja Física,Concluída
PED003073,2025-01-22,CLI02423,PRD005,V008,1,346.15,0.03,Marketplace,Concluída
PED003074,2025-12-06,CLI00013,PRD020,V003,1,652.84,0.1,E-commerce,Concluída
PED003075,2025-05-14,CLI01601,PRD001,V002,1,4375.57,0.0,Loja Física,Concluída
PED003076,2025-07-01,CLI00907,PRD017,V006,4,851.04,0.0,Marketplace,Devolvida
PED003077,2025-08-18,CLI00257,PRD002,V008,3,3059.99,0.03,E-commerce,Concluída
PED003078,2025-08-23,CLI01751,PRD009,V003,1,2800.94,0.05,E-commerce,Concluída
PED003079,2025-01-09,CLI02196,PRD008,V007,2,2228.11,0.08,Loja Física,Concluída
PED003080,2025-11-13,CLI00121,PRD020,V001,1,622.22,0.0,E-commerce,Concluída
PED003081,2025-08-16,CLI00361,PRD004,V002,1,1646.45,0.0,Marketplace,Concluída
PED003082,2025-12-31,CLI02303,PRD003,V008,2,1051.42,0.08,Televendas,Concluída
PED003083,2025-06-22,CLI00060,PRD014,V001,3,1386.86,0.0,E-commerce,Concluída
PED003084,2025-08-12,CLI00948,PRD013,V004,3,1128.37,0.0,E-commerce,Concluída
PED003085,2025-06-10,CLI02281,PRD013,V006,1,1073.91,0.0,Marketplace,Cancelada
PED003086,2025-11-21,CLI01488,PRD001,V001,2,4289.19,0.08,Loja Física,Concluída
PED003087,2025-10-31,CLI00488,PRD005,V010,1,344.37,0.0,E-commerce,Concluída
PED003088,2025-11-28,CLI00024,PRD017,V006,1,830.23,0.03,Marketplace,Concluída
PED003089,2025-07-04,CLI01312,PRD010,V004,1,1631.32,0.05,E-commerce,Concluída
PED003090,2025-10-16,CLI01349,PRD010,V010,1,1559.94,0.0,Loja Física,Concluída
PED003091,2025-05-11,CLI01274,PRD005,V006,1,350.84,0.15,Loja Física,Concluída
PED003092,2025-06-18,CLI00517,PRD005,V007,1,359.8,0.1,Loja Física,Concluída
PED003093,2025-10-05,CLI02390,PRD020,V001,2,660.58,0.05,Marketplace,Concluída
PED003094,2025-01-30,CLI00840,PRD013,V002,1,1065.97,0.03,Marketplace,Concluída
PED003095,2025-09-17,CLI02291,PRD002,V001,1,3003.24,0.0,Marketplace,Concluída
PED003096,2025-01-06,CLI02345,PRD020,V006,5,676.26,0.05,Televendas,Concluída
PED003097,2025-07-31,CLI00509,PRD010,V009,4,1570.42,0.0,E-commerce,Concluída
PED003098,2025-06-24,CLI01795,PRD006,V010,1,202.17,0.05,Marketplace,Concluída
PED003099,2025-06-21,CLI01181,PRD007,V006,1,345.24,0.0,E-commerce,Concluída
PED003100,2025-06-30,CLI01616,PRD013,V001,1,1119.8,0.08,Marketplace,Concluída
PED003101,2025-06-29,CLI01362,PRD007,V007,5,350.25,0.03,Marketplace,Concluída
PED003102,2025-05-29,CLI02472,PRD010,V007,1,1617.41,0.05,Televendas,Concluída
PED003103,2025-06-14,CLI01494,PRD013,V006,1,1085.48,0.0,Marketplace,Concluída
PED003104,2025-07-27,CLI00447,PRD003,V008,3,997.92,0.0,Loja Física,Concluída
PED003105,2025-10-06,CLI02116,PRD020,V006,3,637.7,0.03,Marketplace,Concluída
PED003106,2025-07-21,CLI00153,PRD006,V008,1,196.97,0.03,Loja Física,Concluída
PED003107,2025-08-23,CLI01793,PRD007,V005,1,344.58,0.15,E-commerce,Concluída
PED003108,2025-11-02,CLI01922,PRD013,V002,1,1106.85,0.03,Loja Física,Concluída
PED003109,2025-12-28,CLI01343,PRD010,V001,1,1709.77,0.0,E-commerce,Concluída
PED003110,2025-02-09,CLI00058,PRD008,V010,1,2243.72,0.05,Marketplace,Concluída
PED003111,2025-09-18,CLI00834,PRD011,V005,3,3020.51,0.03,Loja Física,Concluída
PED003112,2025-03-24,CLI01948,PRD019,V004,3,1098.22,0.1,Loja Física,Concluída
PED003113,2025-03-13,CLI02138,PRD015,V003,2,1518.78,0.0,E-commerce,Concluída
PED003114,2025-10-17,CLI01266,PRD016,V001,2,2337.75,0.1,Loja Física,Concluída
PED003115,2025-01-26,CLI01173,PRD005,V010,2,361.59,0.05,Loja Física,Concluída
PED003116,2025-11-06,CLI00568,PRD007,V001,1,334.83,0.0,Marketplace,Concluída
PED003117,2025-10-09,CLI01172,PRD009,V003,3,2788.27,0.03,Marketplace,Concluída
PED003118,2025-12-30,CLI01601,PRD001,V005,1,4249.56,0.05,E-commerce,Concluída
PED003119,2025-09-01,CLI02355,PRD014,V004,1,1324.0,0.05,Loja Física,Concluída
PED003120,2025-11-15,CLI01236,PRD006,V001,1,192.58,0.03,E-commerce,Concluída
PED003121,2025-02-13,CLI00188,PRD005,V004,3,371.64,0.05,Televendas,Concluída
PED003122,2025-11-21,CLI00474,PRD005,V008,2,338.46,0.08,E-commerce,Concluída
PED003123,2025-02-28,CLI01231,PRD005,V003,2,361.55,0.05,E-commerce,Concluída
PED003124,2025-04-25,CLI02015,PRD006,V009,2,199.43,0.05,E-commerce,Concluída
PED003125,2025-02-16,CLI01490,PRD010,V004,3,1605.09,0.1,Loja Física,Concluída
PED003126,2025-05-27,CLI00724,PRD010,V001,1,1635.14,0.05,Loja Física,Concluída
PED003127,2025-10-01,CLI02359,PRD005,V002,1,357.47,0.03,Marketplace,Concluída
PED003128,2025-04-08,CLI00613,PRD004,V009,3,1602.28,0.0,Loja Física,Concluída
PED003129,2025-10-28,CLI00053,PRD017,V005,2,867.81,0.0,E-commerce,Concluída
PED003130,2025-08-10,CLI01740,PRD002,V010,2,3036.57,0.0,E-commerce,Concluída
PED003131,2025-08-18,CLI00131,PRD009,V008,1,2819.8,0.03,E-commerce,Concluída
PED003132,2025-12-09,CLI01049,PRD009,V001,5,2755.07,0.08,E-commerce,Concluída
PED003133,2025-06-07,CLI00377,PRD010,V004,1,1651.47,0.0,Loja Física,Concluída
PED003134,2025-05-06,CLI00860,PRD018,V008,4,953.49,0.08,E-commerce,Concluída
PED003135,2025-12-30,CLI00860,PRD011,V001,3,2897.73,0.0,E-commerce,Concluída
PED003136,2025-07-23,CLI01401,PRD020,V010,4,649.76,0.0,E-commerce,Concluída
PED003137,2025-08-13,CLI02439,PRD018,V002,1,958.86,0.03,Marketplace,Concluída
PED003138,2025-04-19,CLI01649,PRD004,V008,2,1617.7,0.03,Marketplace,Concluída
PED003139,2025-03-20,CLI00373,PRD004,V009,1,1706.24,0.0,E-commerce,Concluída
PED003140,2025-03-03,CLI00311,PRD006,V006,1,200.2,0.0,Loja Física,Concluída
PED003141,2025-03-23,CLI00852,PRD007,V009,1,353.48,0.05,Loja Física,Concluída
PED003142,2025-03-13,CLI02239,PRD009,V009,1,2899.3,0.03,Loja Física,Concluída
PED003143,2025-09-30,CLI01095,PRD004,V008,1,1608.49,0.03,Loja Física,Concluída
PED003144,2025-01-22,CLI00931,PRD004,V008,2,1626.5,0.03,Loja Física,Concluída
PED003145,2025-08-18,CLI00654,PRD007,V004,1,346.06,0.03,Marketplace,Concluída
PED003146,2025-12-13,CLI00489,PRD012,V003,1,5629.26,0.0,E-commerce,Concluída
PED003147,2025-10-07,CLI01238,PRD012,V009,1,5518.58,0.0,Loja Física,Concluída
PED003148,2025-05-28,CLI00324,PRD020,V003,2,625.02,0.05,E-commerce,Concluída
PED003149,2025-01-22,CLI01173,PRD004,V005,1,1546.47,0.05,Marketplace,Concluída
PED003150,2025-11-01,CLI02248,PRD007,V006,3,345.92,0.1,Loja Física,Concluída
PED003151,2025-01-02,CLI00339,PRD020,V004,1,627.96,0.08,Loja Física,Concluída
PED003152,2025-09-06,CLI00159,PRD013,V004,2,1104.06,0.0,E-commerce,Concluída
PED003153,2025-09-02,CLI00440,PRD010,V006,3,1699.72,0.0,Loja Física,Concluída
PED003154,2025-03-12,CLI01772,PRD009,V004,2,2846.95,0.1,Loja Física,Concluída
PED003155,2025-09-28,CLI00135,PRD002,V010,2,3084.32,0.03,E-commerce,Concluída
PED003156,2025-03-06,CLI00052,PRD018,V002,4,975.68,0.03,E-commerce,Concluída
PED003157,2025-03-24,CLI00219,PRD011,V004,1,2938.37,0.05,Marketplace,Concluída
PED003158,2025-10-24,CLI02197,PRD010,V009,1,1647.68,0.05,Loja Física,Concluída
PED003159,2025-12-24,CLI00004,PRD009,V005,4,2803.28,0.0,Marketplace,Concluída
PED003160,2025-04-07,CLI02277,PRD007,V008,3,333.78,0.0,Loja Física,Concluída
PED003161,2025-12-03,CLI01493,PRD005,V007,2,345.73,0.0,E-commerce,Concluída
PED003162,2025-11-30,CLI00669,PRD014,V004,1,1317.64,0.0,Loja Física,Concluída
PED003163,2025-10-08,CLI02251,PRD008,V008,1,2389.75,0.0,Loja Física,Concluída
PED003164,2025-02-21,CLI00156,PRD001,V003,4,4203.8,0.05,Marketplace,Concluída
PED003165,2025-04-20,CLI00483,PRD007,V008,2,331.92,0.03,Loja Física,Concluída
PED003166,2025-09-05,CLI00099,PRD020,V002,1,633.14,0.0,Loja Física,Concluída
PED003167,2025-12-31,CLI00723,PRD007,V007,1,335.49,0.0,E-commerce,Concluída
PED003168,2025-10-25,CLI02396,PRD007,V002,3,344.28,0.15,Loja Física,Concluída
PED003169,2025-06-03,CLI01376,PRD011,V009,2,2891.56,0.0,E-commerce,Concluída
PED003170,2025-03-27,CLI01604,PRD016,V007,5,2334.92,0.0,Marketplace,Concluída
PED003171,2025-12-17,CLI00540,PRD012,V001,1,5393.37,0.05,Loja Física,Concluída
PED003172,2025-04-11,CLI02382,PRD017,V002,1,843.52,0.0,Loja Física,Concluída
PED003173,2025-05-05,CLI02356,PRD002,V002,1,2989.19,0.0,E-commerce,Concluída
PED003174,2025-12-19,CLI01201,PRD020,V010,2,643.98,0.0,Marketplace,Concluída
PED003175,2025-07-25,CLI01137,PRD019,V006,1,1144.95,0.15,Televendas,Concluída
PED003176,2025-04-07,CLI02006,PRD009,V003,1,2860.72,0.05,Marketplace,Concluída
PED003177,2025-01-02,CLI01093,PRD011,V003,1,2921.07,0.05,E-commerce,Concluída
PED003178,2025-06-06,CLI02372,PRD004,V001,1,1505.17,0.1,E-commerce,Concluída
PED003179,2025-12-26,CLI00739,PRD008,V003,3,2282.03,0.05,Marketplace,Concluída
PED003180,2025-06-07,CLI00628,PRD004,V009,1,1526.12,0.0,Marketplace,Concluída
PED003181,2025-09-13,CLI00498,PRD001,V006,2,4427.06,0.03,Loja Física,Concluída
PED003182,2025-04-03,CLI00225,PRD020,V004,2,648.45,0.03,Marketplace,Concluída
PED003183,2025-10-11,CLI02186,PRD005,V001,1,367.74,0.03,Marketplace,Concluída
PED003184,2025-10-11,CLI00702,PRD010,V004,2,1618.59,0.08,Televendas,Concluída
PED003185,2025-08-11,CLI01288,PRD006,V004,3,196.96,0.0,Marketplace,Concluída
PED003186,2025-10-09,CLI01371,PRD006,V002,2,200.16,0.0,Marketplace,Concluída
PED003187,2025-07-31,CLI00318,PRD007,V007,2,334.03,0.03,Televendas,Concluída
PED003188,2025-05-19,CLI01739,PRD006,V007,3,199.83,0.0,Loja Física,Concluída
PED003189,2025-09-27,CLI00400,PRD011,V010,5,2977.89,0.15,E-commerce,Cancelada
PED003190,2025-11-01,CLI02440,PRD020,V004,3,643.97,0.05,Marketplace,Concluída
PED003191,2025-11-03,CLI01223,PRD008,V003,1,2357.94,0.0,E-commerce,Concluída
PED003192,2025-03-19,CLI01962,PRD020,V009,2,654.48,0.05,Televendas,Concluída
PED003193,2025-09-04,CLI01367,PRD012,V004,2,5279.77,0.08,Loja Física,Concluída
PED003194,2025-01-02,CLI00219,PRD010,V007,1,1685.33,0.03,Loja Física,Cancelada
PED003195,2025-07-28,CLI02008,PRD004,V008,2,1578.98,0.05,Loja Física,Cancelada
PED003196,2025-07-28,CLI02302,PRD001,V009,3,4453.91,0.08,Loja Física,Concluída
PED003197,2025-05-13,CLI01355,PRD017,V004,1,859.97,0.0,E-commerce,Concluída
PED003198,2025-12-29,CLI02113,PRD010,V007,4,1536.06,0.05,E-commerce,Concluída
PED003199,2025-11-19,CLI00799,PRD007,V002,6,347.15,0.05,Loja Física,Concluída
PED003200,2025-01-15,CLI00538,PRD016,V008,1,2333.57,0.08,Marketplace,Concluída
PED003201,2025-03-18,CLI01842,PRD006,V001,1,194.57,0.1,E-commerce,Concluída
PED003202,2025-03-17,CLI02231,PRD015,V007,5,1553.53,0.1,Loja Física,Concluída
PED003203,2025-11-24,CLI00731,PRD006,V003,1,200.71,0.0,E-commerce,Concluída
PED003204,2025-07-09,CLI00568,PRD019,V005,3,1065.8,0.08,Marketplace,Concluída
PED003205,2025-09-24,CLI00564,PRD005,V001,1,370.58,0.05,Loja Física,Concluída
PED003206,2025-10-23,CLI01312,PRD003,V007,1,996.39,0.03,Marketplace,Concluída
PED003207,2025-10-08,CLI01681,PRD013,V005,1,1093.45,0.1,E-commerce,Concluída
PED003208,2025-02-02,CLI01923,PRD003,V007,1,1055.74,0.1,Marketplace,Concluída
PED003209,2025-02-21,CLI00367,PRD020,V004,4,658.23,0.08,Loja Física,Concluída
PED003210,2025-05-25,CLI00240,PRD011,V001,1,2949.98,0.0,Marketplace,Concluída
PED003211,2025-05-04,CLI01787,PRD004,V006,1,1597.09,0.0,Loja Física,Concluída
PED003212,2025-09-30,CLI01769,PRD004,V007,2,1583.32,0.1,Marketplace,Concluída
PED003213,2025-02-27,CLI01035,PRD020,V007,5,626.4,0.15,Loja Física,Concluída
PED003214,2025-05-16,CLI01295,PRD010,V003,1,1616.49,0.0,Loja Física,Concluída
PED003215,2025-03-28,CLI00431,PRD018,V008,3,946.1,0.0,E-commerce,Concluída
PED003216,2025-03-10,CLI01275,PRD002,V006,1,2909.44,0.05,E-commerce,Concluída
PED003217,2025-03-05,CLI00785,PRD020,V003,3,675.29,0.0,E-commerce,Concluída
PED003218,2025-03-13,CLI01547,PRD009,V002,3,2739.68,0.05,Loja Física,Concluída
PED003219,2025-07-25,CLI02408,PRD012,V004,4,5665.45,0.15,Marketplace,Concluída
PED003220,2025-05-30,CLI00190,PRD006,V001,2,190.75,0.0,E-commerce,Concluída
PED003221,2025-06-08,CLI02289,PRD001,V008,5,4255.24,0.08,E-commerce,Concluída
PED003222,2025-06-24,CLI00319,PRD020,V001,1,629.37,0.05,Loja Física,Concluída
PED003223,2025-09-28,CLI00421,PRD020,V001,3,628.21,0.0,E-commerce,Concluída
PED003224,2025-11-11,CLI00442,PRD006,V002,3,201.37,0.03,E-commerce,Concluída
PED003225,2025-07-12,CLI00052,PRD020,V004,1,655.65,0.05,Loja Física,Concluída
PED003226,2025-08-23,CLI00380,PRD003,V001,4,1029.72,0.08,Loja Física,Concluída
PED003227,2025-09-27,CLI01984,PRD003,V007,3,1105.84,0.05,E-commerce,Concluída
PED003228,2025-09-09,CLI01124,PRD002,V002,4,2992.41,0.1,Loja Física,Concluída
PED003229,2025-02-19,CLI01091,PRD007,V009,1,342.49,0.0,Televendas,Concluída
PED003230,2025-12-25,CLI01501,PRD001,V006,3,4291.98,0.15,Loja Física,Concluída
PED003231,2025-03-02,CLI00551,PRD007,V001,1,335.1,0.05,Loja Física,Concluída
PED003232,2025-05-31,CLI00335,PRD003,V005,5,1021.94,0.03,Loja Física,Concluída
PED003233,2025-08-27,CLI00894,PRD013,V002,1,1108.54,0.0,Marketplace,Concluída
PED003234,2025-05-28,CLI01863,PRD017,V010,2,865.85,0.0,Loja Física,Concluída
PED003235,2025-03-30,CLI00392,PRD012,V006,1,5688.19,0.03,Loja Física,Concluída
PED003236,2025-12-04,CLI02122,PRD004,V009,3,1576.61,0.1,Loja Física,Concluída
PED003237,2025-01-27,CLI00024,PRD014,V004,1,1362.02,0.08,Loja Física,Concluída
PED003238,2025-03-31,CLI00242,PRD005,V002,4,363.3,0.0,Loja Física,Concluída
PED003239,2025-12-29,CLI00824,PRD014,V003,4,1356.81,0.03,E-commerce,Concluída
PED003240,2025-09-24,CLI00421,PRD009,V005,1,2800.92,0.05,E-commerce,Concluída
PED003241,2025-02-01,CLI01087,PRD006,V008,3,191.72,0.1,Loja Física,Concluída
PED003242,2025-10-03,CLI00924,PRD002,V005,2,3034.01,0.08,E-commerce,Concluída
PED003243,2025-12-20,CLI01254,PRD017,V010,1,872.29,0.0,Televendas,Concluída
PED003244,2025-02-05,CLI01643,PRD020,V004,1,636.16,0.0,Marketplace,Concluída
PED003245,2025-06-01,CLI00538,PRD012,V003,1,5594.3,0.0,Televendas,Concluída
PED003246,2025-06-20,CLI00214,PRD020,V005,1,665.52,0.05,Loja Física,Concluída
PED003247,2025-02-17,CLI00126,PRD020,V002,2,640.31,0.0,E-commerce,Concluída
PED003248,2025-03-15,CLI00869,PRD003,V007,2,998.48,0.0,Loja Física,Concluída
PED003249,2025-03-05,CLI01992,PRD013,V002,2,1049.78,0.08,Televendas,Concluída
PED003250,2025-03-09,CLI02478,PRD006,V007,5,193.5,0.03,Televendas,Concluída
PED003251,2025-05-28,CLI01953,PRD008,V004,1,2243.13,0.15,E-commerce,Concluída
PED003252,2025-06-19,CLI01301,PRD003,V004,4,1034.8,0.08,E-commerce,Concluída
PED003253,2025-03-28,CLI01293,PRD020,V007,3,645.89,0.0,E-commerce,Concluída
PED003254,2025-04-16,CLI00434,PRD013,V008,3,1078.04,0.0,Marketplace,Concluída
PED003255,2025-03-12,CLI00766,PRD005,V010,2,366.67,0.05,E-commerce,Concluída
PED003256,2025-10-18,CLI01530,PRD006,V003,1,193.09,0.08,Marketplace,Concluída
PED003257,2025-03-19,CLI00058,PRD007,V009,4,352.79,0.03,Marketplace,Concluída
PED003258,2025-11-28,CLI00892,PRD014,V009,3,1373.78,0.1,Loja Física,Cancelada
PED003259,2025-07-16,CLI01628,PRD020,V010,3,660.15,0.08,Marketplace,Concluída
PED003260,2025-10-20,CLI02225,PRD006,V010,1,193.58,0.05,Loja Física,Concluída
PED003261,2025-08-21,CLI02119,PRD008,V008,2,2261.82,0.0,Marketplace,Concluída
PED003262,2025-04-08,CLI02377,PRD010,V003,1,1674.4,0.03,E-commerce,Concluída
PED003263,2025-08-08,CLI01603,PRD007,V007,2,340.27,0.05,E-commerce,Concluída
PED003264,2025-04-11,CLI00589,PRD008,V008,3,2228.77,0.0,Loja Física,Concluída
PED003265,2025-02-13,CLI00559,PRD002,V003,1,2938.33,0.08,Loja Física,Concluída
PED003266,2025-04-03,CLI02298,PRD003,V009,1,1017.86,0.03,Marketplace,Concluída
PED003267,2025-04-11,CLI01727,PRD007,V008,1,332.05,0.0,Marketplace,Concluída
PED003268,2025-02-19,CLI01940,PRD019,V005,1,1169.21,0.08,Televendas,Concluída
PED003269,2025-01-09,CLI01261,PRD006,V009,1,187.22,0.05,E-commerce,Concluída
PED003270,2025-12-11,CLI00390,PRD005,V001,1,351.71,0.0,Loja Física,Concluída
PED003271,2025-07-07,CLI01478,PRD014,V007,1,1362.24,0.05,Loja Física,Concluída
PED003272,2025-05-27,CLI02066,PRD020,V008,2,635.14,0.05,E-commerce,Concluída
PED003273,2025-12-06,CLI00611,PRD008,V001,3,2248.47,0.03,E-commerce,Concluída
PED003274,2025-03-24,CLI00445,PRD001,V005,1,4409.97,0.03,E-commerce,Concluída
PED003275,2025-05-28,CLI01124,PRD012,V006,1,5652.62,0.05,Loja Física,Concluída
PED003276,2025-11-06,CLI00025,PRD007,V003,3,339.64,0.05,Televendas,Concluída
PED003277,2025-08-19,CLI00242,PRD012,V009,1,5637.42,0.0,Loja Física,Concluída
PED003278,2025-05-26,CLI01945,PRD005,V007,1,345.25,0.0,Marketplace,Concluída
PED003279,2025-04-04,CLI02160,PRD001,V003,2,4300.68,0.05,E-commerce,Concluída
PED003280,2025-01-13,CLI00866,PRD006,V005,5,199.26,0.0,E-commerce,Concluída
PED003281,2025-02-01,CLI00175,PRD013,V002,1,1138.97,0.15,E-commerce,Concluída
PED003282,2025-03-01,CLI02305,PRD007,V001,5,333.73,0.0,Televendas,Concluída
PED003283,2025-10-15,CLI02290,PRD004,V008,1,1559.58,0.08,E-commerce,Concluída
PED003284,2025-08-22,CLI01108,PRD008,V010,1,2287.78,0.15,Loja Física,Concluída
PED003285,2025-06-08,CLI02363,PRD014,V003,1,1344.02,0.03,Loja Física,Concluída
PED003286,2025-10-13,CLI01527,PRD002,V003,3,2939.89,0.05,Marketplace,Concluída
PED003287,2025-02-28,CLI01693,PRD013,V007,2,1052.41,0.0,E-commerce,Concluída
PED003288,2025-03-18,CLI01865,PRD012,V006,2,5439.61,0.05,Marketplace,Concluída
PED003289,2025-05-24,CLI00630,PRD006,V002,5,199.39,0.15,E-commerce,Concluída
PED003290,2025-12-01,CLI02112,PRD020,V007,2,640.77,0.15,Marketplace,Concluída
PED003291,2025-08-13,CLI00384,PRD018,V003,1,997.78,0.03,E-commerce,Concluída
PED003292,2025-11-07,CLI00444,PRD006,V002,3,196.16,0.08,E-commerce,Concluída
PED003293,2025-04-01,CLI00272,PRD001,V005,1,4432.5,0.08,Televendas,Concluída
PED003294,2025-11-06,CLI00511,PRD006,V008,2,198.2,0.03,E-commerce,Concluída
PED003295,2025-01-27,CLI01936,PRD004,V006,4,1589.19,0.08,Loja Física,Concluída
PED003296,2025-03-25,CLI02220,PRD009,V007,2,2922.36,0.0,E-commerce,Concluída
PED003297,2025-07-10,CLI00287,PRD019,V003,1,1057.73,0.15,Loja Física,Concluída
PED003298,2025-01-19,CLI00730,PRD018,V005,2,955.98,0.1,Loja Física,Concluída
PED003299,2025-11-10,CLI00600,PRD006,V008,1,194.79,0.05,E-commerce,Concluída
PED003300,2025-11-13,CLI01594,PRD008,V006,1,2290.06,0.03,Loja Física,Cancelada
PED003301,2025-07-17,CLI02145,PRD001,V003,2,4435.7,0.1,E-commerce,Concluída
PED003302,2025-04-22,CLI00178,PRD009,V010,1,2804.4,0.0,E-commerce,Concluída
PED003303,2025-02-06,CLI00847,PRD001,V001,1,4262.45,0.05,Loja Física,Concluída
PED003304,2025-08-14,CLI01670,PRD020,V010,2,647.42,0.05,Loja Física,Concluída
PED003305,2025-07-16,CLI02264,PRD018,V008,1,932.14,0.03,E-commerce,Concluída
PED003306,2025-10-05,CLI00466,PRD004,V002,1,1645.84,0.0,Televendas,Concluída
PED003307,2025-08-08,CLI01273,PRD013,V003,6,1079.36,0.0,E-commerce,Concluída
PED003308,2025-02-16,CLI01995,PRD010,V004,1,1596.59,0.15,Loja Física,Concluída
PED003309,2025-02-14,CLI02085,PRD016,V010,1,2276.8,0.08,Televendas,Concluída
PED003310,2025-10-13,CLI01855,PRD008,V006,4,2286.18,0.08,Marketplace,Concluída
PED003311,2025-02-28,CLI01931,PRD003,V003,1,1043.15,0.05,Televendas,Concluída
PED003312,2025-12-09,CLI01471,PRD011,V010,4,2880.06,0.05,Loja Física,Concluída
PED003313,2025-02-08,CLI00069,PRD002,V002,2,2985.14,0.05,Televendas,Concluída
PED003314,2025-09-23,CLI00377,PRD010,V009,2,1598.25,0.05,Marketplace,Concluída
PED003315,2025-12-22,CLI02014,PRD004,V009,1,1595.02,0.1,Loja Física,Concluída
PED003316,2025-06-11,CLI00664,PRD012,V004,1,5713.67,0.0,E-commerce,Concluída
PED003317,2025-01-21,CLI01750,PRD017,V001,3,899.13,0.15,Loja Física,Concluída
PED003318,2025-11-16,CLI00106,PRD002,V009,1,2977.81,0.1,E-commerce,Concluída
PED003319,2025-03-10,CLI01494,PRD007,V010,3,345.67,0.03,E-commerce,Concluída
PED003320,2025-07-12,CLI00788,PRD014,V004,3,1355.41,0.15,Loja Física,Concluída
PED003321,2025-12-26,CLI01471,PRD003,V002,2,991.18,0.1,Televendas,Concluída
PED003322,2025-09-29,CLI00952,PRD009,V003,1,2780.45,0.0,Televendas,Concluída
PED003323,2025-01-17,CLI01881,PRD012,V002,3,5191.4,0.0,Marketplace,Concluída
PED003324,2025-10-27,CLI01164,PRD006,V007,3,199.04,0.08,Loja Física,Concluída
PED003325,2025-02-28,CLI01957,PRD017,V006,1,895.18,0.08,E-commerce,Concluída
PED003326,2025-10-01,CLI02492,PRD009,V004,4,2939.02,0.0,Marketplace,Concluída
PED003327,2025-08-15,CLI01052,PRD011,V007,1,2939.74,0.05,Loja Física,Concluída
PED003328,2025-04-16,CLI01814,PRD003,V007,5,1033.24,0.05,E-commerce,Concluída
PED003329,2025-06-04,CLI01153,PRD001,V001,1,4328.36,0.03,Loja Física,Concluída
PED003330,2025-02-13,CLI00983,PRD001,V005,1,4482.51,0.0,Marketplace,Concluída
PED003331,2025-12-27,CLI01731,PRD019,V009,2,1096.81,0.0,E-commerce,Cancelada
PED003332,2025-03-28,CLI02115,PRD018,V008,1,970.91,0.08,Marketplace,Concluída
PED003333,2025-04-23,CLI00778,PRD016,V009,1,2281.85,0.0,E-commerce,Concluída
PED003334,2025-07-03,CLI00917,PRD004,V010,1,1629.51,0.05,Marketplace,Concluída
PED003335,2025-09-03,CLI01031,PRD009,V001,3,2852.01,0.05,Loja Física,Concluída
PED003336,2025-07-04,CLI00907,PRD015,V003,1,1585.68,0.15,E-commerce,Concluída
PED003337,2025-07-04,CLI00484,PRD012,V005,2,5648.03,0.15,Marketplace,Concluída
PED003338,2025-08-01,CLI00160,PRD002,V006,2,2871.3,0.1,Marketplace,Concluída
PED003339,2025-11-10,CLI00723,PRD018,V008,2,962.24,0.05,Marketplace,Concluída
PED003340,2025-05-25,CLI01839,PRD003,V008,1,1024.33,0.0,E-commerce,Concluída
PED003341,2025-10-31,CLI02307,PRD003,V008,1,1022.05,0.0,E-commerce,Concluída
PED003342,2025-10-15,CLI00506,PRD019,V002,5,1060.47,0.03,Televendas,Concluída
PED003343,2025-12-17,CLI01008,PRD008,V007,3,2227.16,0.0,E-commerce,Concluída
PED003344,2025-11-30,CLI00588,PRD006,V008,4,191.42,0.0,Marketplace,Concluída
PED003345,2025-10-19,CLI02145,PRD009,V008,3,2921.78,0.03,Marketplace,Concluída
PED003346,2025-04-01,CLI00866,PRD020,V006,3,652.25,0.03,Marketplace,Concluída
PED003347,2025-10-10,CLI00294,PRD002,V001,5,3016.72,0.05,E-commerce,Concluída
PED003348,2025-09-26,CLI02055,PRD014,V002,2,1277.58,0.1,E-commerce,Concluída
PED003349,2025-04-16,CLI00395,PRD006,V008,4,206.42,0.03,Loja Física,Concluída
PED003350,2025-09-05,CLI02152,PRD002,V009,1,2963.09,0.0,Televendas,Concluída
PED003351,2025-04-03,CLI01351,PRD007,V009,1,356.9,0.05,E-commerce,Concluída
PED003352,2025-07-10,CLI01378,PRD009,V005,2,2916.35,0.03,E-commerce,Concluída
PED003353,2025-10-18,CLI01187,PRD004,V006,2,1596.09,0.1,Loja Física,Concluída
PED003354,2025-03-10,CLI02314,PRD007,V002,2,359.45,0.03,E-commerce,Concluída
PED003355,2025-05-03,CLI00459,PRD011,V006,2,2978.12,0.03,E-commerce,Concluída
PED003356,2025-10-18,CLI01069,PRD010,V002,2,1635.29,0.08,E-commerce,Cancelada
PED003357,2025-06-15,CLI00157,PRD013,V008,4,1074.82,0.05,Marketplace,Concluída
PED003358,2025-12-17,CLI01513,PRD017,V008,1,875.68,0.05,E-commerce,Concluída
PED003359,2025-01-03,CLI01589,PRD007,V001,1,337.39,0.0,Loja Física,Concluída
PED003360,2025-09-21,CLI02324,PRD007,V010,2,338.74,0.03,Marketplace,Concluída
PED003361,2025-10-25,CLI01640,PRD008,V008,2,2234.57,0.0,E-commerce,Concluída
PED003362,2025-12-02,CLI01304,PRD009,V004,3,2808.66,0.08,Loja Física,Concluída
PED003363,2025-02-27,CLI01714,PRD002,V005,1,2941.69,0.0,E-commerce,Concluída
PED003364,2025-12-26,CLI01153,PRD006,V001,1,205.55,0.0,Marketplace,Concluída
PED003365,2025-05-24,CLI02374,PRD003,V010,5,1061.83,0.05,Televendas,Concluída
PED003366,2025-05-09,CLI00073,PRD007,V002,1,343.99,0.05,Marketplace,Concluída
PED003367,2025-05-10,CLI00888,PRD020,V010,2,637.31,0.03,Marketplace,Concluída
PED003368,2025-08-21,CLI02202,PRD010,V007,1,1622.01,0.15,E-commerce,Concluída
PED003369,2025-08-29,CLI01657,PRD008,V010,1,2247.63,0.05,E-commerce,Concluída
PED003370,2025-06-22,CLI00473,PRD009,V004,3,2990.77,0.1,Marketplace,Concluída
PED003371,2025-01-26,CLI01843,PRD012,V009,1,5550.48,0.03,E-commerce,Concluída
PED003372,2025-12-27,CLI01143,PRD008,V005,1,2310.81,0.05,Marketplace,Concluída
PED003373,2025-03-23,CLI01529,PRD008,V004,3,2279.75,0.03,E-commerce,Concluída
PED003374,2025-02-04,CLI01986,PRD013,V004,1,1061.4,0.03,Loja Física,Concluída
PED003375,2025-08-07,CLI01871,PRD001,V010,1,4378.03,0.0,E-commerce,Concluída
PED003376,2025-05-31,CLI01282,PRD009,V005,2,2785.74,0.0,Loja Física,Concluída
PED003377,2025-08-13,CLI01988,PRD009,V005,2,2948.29,0.1,Loja Física,Concluída
PED003378,2025-11-16,CLI01953,PRD014,V007,2,1317.12,0.08,E-commerce,Concluída
PED003379,2025-02-05,CLI01335,PRD020,V006,1,636.91,0.0,Loja Física,Concluída
PED003380,2025-04-14,CLI02092,PRD015,V006,1,1602.02,0.0,Loja Física,Concluída
PED003381,2025-07-08,CLI01051,PRD008,V004,1,2228.82,0.0,Loja Física,Concluída
PED003382,2025-10-15,CLI02139,PRD003,V002,4,1030.07,0.05,E-commerce,Concluída
PED003383,2025-08-08,CLI01909,PRD010,V010,1,1536.23,0.0,Marketplace,Concluída
PED003384,2025-05-20,CLI00199,PRD017,V005,5,846.78,0.08,E-commerce,Concluída
PED003385,2025-08-11,CLI01128,PRD020,V010,1,655.75,0.0,E-commerce,Concluída
PED003386,2025-12-24,CLI00517,PRD017,V005,1,840.29,0.08,E-commerce,Concluída
PED003387,2025-06-25,CLI00535,PRD003,V006,3,1050.22,0.1,E-commerce,Concluída
PED003388,2025-11-19,CLI02274,PRD013,V006,1,1084.99,0.0,Televendas,Concluída
PED003389,2025-10-12,CLI02001,PRD018,V010,2,995.76,0.1,E-commerce,Concluída
PED003390,2025-04-20,CLI00657,PRD012,V002,4,5409.15,0.1,E-commerce,Concluída
PED003391,2025-04-02,CLI01550,PRD012,V006,3,5477.12,0.05,Marketplace,Concluída
PED003392,2025-10-09,CLI01767,PRD008,V002,2,2185.08,0.0,E-commerce,Concluída
PED003393,2025-03-17,CLI00397,PRD011,V009,3,2929.71,0.05,E-commerce,Concluída
PED003394,2025-05-03,CLI01323,PRD005,V006,1,356.75,0.03,Marketplace,Concluída
PED003395,2025-03-27,CLI01635,PRD002,V010,3,3065.52,0.1,Loja Física,Concluída
PED003396,2025-08-10,CLI02343,PRD017,V003,1,840.33,0.05,E-commerce,Cancelada
PED003397,2025-04-18,CLI01175,PRD020,V002,1,639.31,0.08,Marketplace,Concluída
PED003398,2025-08-29,CLI00639,PRD017,V007,2,839.25,0.05,E-commerce,Concluída
PED003399,2025-12-08,CLI01244,PRD006,V002,1,196.96,0.0,Loja Física,Concluída
PED003400,2025-10-30,CLI02016,PRD002,V004,3,3142.48,0.05,E-commerce,Concluída
PED003401,2025-12-13,CLI00405,PRD005,V004,1,329.02,0.1,Marketplace,Concluída
PED003402,2025-01-09,CLI01025,PRD017,V003,1,852.64,0.03,E-commerce,Concluída
PED003403,2025-06-16,CLI00274,PRD011,V002,2,3022.68,0.03,Televendas,Concluída
PED003404,2025-03-22,CLI00602,PRD020,V007,2,637.84,0.15,Loja Física,Concluída
PED003405,2025-12-02,CLI00230,PRD006,V008,5,199.42,0.03,E-commerce,Cancelada
PED003406,2025-09-17,CLI01228,PRD009,V004,1,2947.0,0.1,Loja Física,Cancelada
PED003407,2025-04-27,CLI01738,PRD015,V003,1,1559.26,0.0,E-commerce,Concluída
PED003408,2025-07-25,CLI01353,PRD004,V002,1,1579.2,0.08,Televendas,Concluída
PED003409,2025-08-09,CLI00284,PRD020,V007,2,661.26,0.05,E-commerce,Concluída
PED003410,2025-06-30,CLI00276,PRD010,V009,1,1665.05,0.0,E-commerce,Concluída
PED003411,2025-06-23,CLI01123,PRD001,V006,3,4360.02,0.0,Marketplace,Concluída
PED003412,2025-01-21,CLI00481,PRD001,V005,1,4433.56,0.0,E-commerce,Concluída
PED003413,2025-06-15,CLI00377,PRD018,V007,4,992.67,0.05,E-commerce,Concluída
PED003414,2025-05-08,CLI02274,PRD011,V010,2,2932.58,0.03,E-commerce,Concluída
PED003415,2025-10-26,CLI00925,PRD014,V010,2,1352.49,0.0,E-commerce,Concluída
PED003416,2025-11-12,CLI01665,PRD015,V002,1,1590.61,0.05,Marketplace,Concluída
PED003417,2025-10-01,CLI01093,PRD007,V005,1,338.03,0.15,E-commerce,Concluída
PED003418,2025-01-12,CLI01761,PRD015,V009,1,1616.73,0.0,Loja Física,Concluída
PED003419,2025-11-04,CLI00851,PRD020,V007,2,629.5,0.05,Loja Física,Concluída
PED003420,2025-05-25,CLI00885,PRD003,V009,2,1032.34,0.1,Loja Física,Concluída
PED003421,2025-06-01,CLI02173,PRD014,V010,1,1367.99,0.05,Marketplace,Concluída
PED003422,2025-12-11,CLI01350,PRD006,V002,1,191.63,0.15,Televendas,Devolvida
PED003423,2025-11-13,CLI01904,PRD006,V007,6,201.12,0.05,E-commerce,Concluída
PED003424,2025-01-19,CLI00097,PRD007,V006,1,343.61,0.05,Marketplace,Concluída
PED003425,2025-05-12,CLI00828,PRD017,V003,1,881.94,0.08,Loja Física,Concluída
PED003426,2025-10-01,CLI00359,PRD001,V007,1,4433.73,0.35,Marketplace,Concluída
PED003427,2025-07-16,CLI00091,PRD008,V002,1,2259.19,0.05,Loja Física,Concluída
PED003428,2025-04-05,CLI02439,PRD012,V005,1,5542.31,0.05,Loja Física,Concluída
PED003429,2025-07-11,CLI02025,PRD002,V005,2,3013.68,0.0,Loja Física,Concluída
PED003430,2025-11-13,CLI00524,PRD015,V004,2,1649.52,0.03,E-commerce,Concluída
PED003431,2025-03-23,CLI00678,PRD020,V007,2,647.52,0.08,E-commerce,Concluída
PED003432,2025-09-30,CLI01228,PRD002,V010,1,2983.33,0.0,Loja Física,Concluída
PED003433,2025-09-26,CLI00750,PRD003,V010,1,1030.68,0.03,E-commerce,Concluída
PED003434,2025-11-20,CLI02326,PRD020,V008,3,649.2,0.0,Marketplace,Concluída
PED003435,2025-04-19,CLI01205,PRD003,V004,1,1006.37,0.0,Marketplace,Concluída
PED003436,2025-03-20,CLI01634,PRD002,V010,1,2965.01,0.05,Loja Física,Concluída
PED003437,2025-07-19,CLI01758,PRD020,V010,2,629.8,0.0,Loja Física,Concluída
PED003438,2025-07-13,CLI00416,PRD018,V009,3,948.04,0.03,E-commerce,Concluída
PED003439,2025-05-30,CLI01336,PRD011,V009,1,2995.5,0.0,E-commerce,Concluída
PED003440,2025-10-12,CLI01124,PRD009,V009,4,2864.62,0.1,E-commerce,Concluída
PED003441,2025-10-19,CLI01831,PRD019,V008,1,1070.7,0.1,E-commerce,Concluída
PED003442,2025-03-31,CLI01157,PRD011,V008,6,2925.44,0.0,E-commerce,Concluída
PED003443,2025-10-18,CLI00144,PRD011,V007,1,2918.41,0.0,E-commerce,Concluída
PED003444,2025-03-26,CLI01189,PRD017,V007,3,854.78,0.0,Marketplace,Concluída
PED003445,2025-05-29,CLI02113,PRD011,V004,1,2825.83,0.0,Marketplace,Concluída
PED003446,2025-01-10,CLI02104,PRD008,V009,3,2206.53,0.08,E-commerce,Concluída
PED003447,2025-05-05,CLI00613,PRD007,V007,2,329.66,0.05,Loja Física,Concluída
PED003448,2025-12-16,CLI01390,PRD008,V007,4,2217.4,0.05,Televendas,Concluída
PED003449,2025-06-11,CLI01619,PRD009,V008,3,2811.02,0.1,Loja Física,Concluída
PED003450,2025-09-17,CLI01915,PRD006,V001,2,191.74,0.08,Televendas,Concluída
PED003451,2025-02-09,CLI00780,PRD008,V010,1,2311.77,0.03,E-commerce,Concluída
PED003452,2025-08-20,CLI00914,PRD016,V006,1,2454.51,0.05,Marketplace,Concluída
PED003453,2025-05-16,CLI02181,PRD007,V010,6,349.04,0.03,E-commerce,Concluída
PED003454,2025-09-29,CLI01740,PRD001,V002,4,4305.1,0.05,E-commerce,Concluída
PED003455,2025-12-05,CLI00362,PRD005,V003,1,362.44,0.0,Loja Física,Concluída
PED003456,2025-07-14,CLI01071,PRD004,V010,1,1602.72,0.03,Loja Física,Concluída
PED003457,2025-02-07,CLI00075,PRD015,V007,1,1546.2,0.0,E-commerce,Concluída
PED003458,2025-06-23,CLI01919,PRD008,V007,1,2343.55,0.0,Loja Física,Concluída
PED003459,2025-02-14,CLI00854,PRD005,V005,1,378.64,0.03,E-commerce,Concluída
PED003460,2025-06-14,CLI01839,PRD016,V006,3,2260.33,0.08,Marketplace,Concluída
PED003461,2025-01-23,CLI02362,PRD001,V006,1,4524.07,0.03,Loja Física,Concluída
PED003462,2025-08-22,CLI00851,PRD003,V002,4,1020.44,0.15,Marketplace,Concluída
PED003463,2025-04-24,CLI02475,PRD017,V006,6,848.06,0.03,Loja Física,Concluída
PED003464,2025-03-15,CLI00892,PRD009,V006,1,2882.97,0.1,E-commerce,Concluída
PED003465,2025-01-07,CLI00818,PRD015,V004,2,1630.85,0.0,E-commerce,Concluída
PED003466,2025-11-21,CLI02058,PRD017,V004,2,859.66,0.03,Marketplace,Concluída
PED003467,2025-11-02,CLI00125,PRD020,V008,1,652.81,0.0,Loja Física,Concluída
PED003468,2025-10-24,CLI01494,PRD001,V007,3,4459.99,0.0,Loja Física,Concluída
PED003469,2025-01-22,CLI00407,PRD015,V005,2,1609.79,0.0,Loja Física,Concluída
PED003470,2025-05-08,CLI01540,PRD013,V007,1,1099.3,0.05,Televendas,Concluída
PED003471,2025-12-21,CLI00691,PRD004,V003,4,1646.22,0.0,E-commerce,Concluída
PED003472,2025-07-31,CLI02397,PRD020,V005,1,636.49,0.0,E-commerce,Concluída
PED003473,2025-02-16,CLI00775,PRD007,V006,1,327.15,0.0,E-commerce,Concluída
PED003474,2025-02-21,CLI00559,PRD018,V003,6,1013.63,0.05,E-commerce,Concluída
PED003475,2025-04-07,CLI01883,PRD010,V002,1,1602.01,0.03,E-commerce,Concluída
PED003476,2025-12-21,CLI01305,PRD009,V006,1,2824.53,0.0,Loja Física,Concluída
PED003477,2025-03-03,CLI01662,PRD003,V010,1,1027.16,0.0,E-commerce,Concluída
PED003478,2025-11-26,CLI00490,PRD019,V005,1,1077.19,0.08,Loja Física,Concluída
PED003479,2025-09-05,CLI00662,PRD009,V010,2,2810.77,0.08,Loja Física,Concluída
PED003480,2025-12-03,CLI00599,PRD001,V009,2,4417.44,0.03,E-commerce,Concluída
PED003481,2025-10-29,CLI01877,PRD001,V008,1,4418.6,0.05,Marketplace,Concluída
PED003482,2025-05-02,CLI01523,PRD015,V009,2,1594.43,0.0,Loja Física,Concluída
PED003483,2025-10-30,CLI00819,PRD003,V005,1,1050.17,0.05,Loja Física,Concluída
PED003484,2025-03-03,CLI00288,PRD010,V008,1,1627.55,0.08,Loja Física,Concluída
PED003485,2025-04-17,CLI01514,PRD012,V002,5,5452.77,0.08,Marketplace,Concluída
PED003486,2025-03-19,CLI00373,PRD005,V004,3,370.64,0.03,Loja Física,Concluída
PED003487,2025-02-18,CLI02404,PRD010,V006,3,1623.24,0.05,Marketplace,Concluída
PED003488,2025-02-02,CLI00609,PRD004,V001,1,1583.67,0.05,E-commerce,Concluída
PED003489,2025-03-10,CLI00893,PRD020,V008,2,661.16,0.08,E-commerce,Concluída
PED003490,2025-02-13,CLI01271,PRD017,V010,3,853.26,0.05,E-commerce,Concluída
PED003491,2025-05-19,CLI00604,PRD005,V002,4,356.0,0.08,E-commerce,Concluída
PED003492,2025-01-27,CLI02398,PRD009,V010,3,2827.27,0.0,E-commerce,Concluída
PED003493,2025-01-23,CLI01478,PRD008,V001,2,2332.16,0.03,E-commerce,Concluída
PED003494,2025-12-28,CLI01703,PRD020,V002,1,655.62,0.0,Televendas,Concluída
PED003495,2025-02-02,CLI00271,PRD007,V008,1,344.0,0.03,Marketplace,Concluída
PED003496,2025-01-28,CLI01634,PRD009,V007,1,2779.27,0.03,Marketplace,Concluída
PED003497,2025-01-11,CLI01936,PRD020,V010,1,650.04,0.05,Marketplace,Concluída
PED003498,2025-02-18,CLI00925,PRD003,V005,1,1030.23,0.05,E-commerce,Concluída
PED003499,2025-07-12,CLI01918,PRD009,V006,2,2797.44,0.05,Marketplace,Concluída
PED003500,2025-10-29,CLI00224,PRD002,V002,2,2948.64,0.05,E-commerce,Concluída
PED003501,2025-09-26,CLI01610,PRD011,V007,2,2987.58,0.0,E-commerce,Cancelada
PED003502,2025-07-31,CLI01989,PRD006,V010,2,202.94,0.0,Marketplace,Concluída
PED003503,2025-02-01,CLI01439,PRD020,V006,1,629.07,0.0,E-commerce,Concluída
PED003504,2025-10-10,CLI00098,PRD007,V010,2,334.02,0.08,E-commerce,Concluída
PED003505,2025-01-14,CLI01178,PRD003,V004,6,1053.71,0.0,Loja Física,Concluída
PED003506,2025-08-19,CLI01848,PRD017,V010,2,844.93,0.03,Televendas,Concluída
PED003507,2025-05-30,CLI00241,PRD016,V006,4,2379.0,0.0,Loja Física,Concluída
PED003508,2025-11-18,CLI00908,PRD013,V002,1,1073.96,0.05,Loja Física,Concluída
PED003509,2025-04-23,CLI01857,PRD014,V004,2,1361.6,0.1,Loja Física,Concluída
PED003510,2025-08-22,CLI01191,PRD005,V005,2,348.17,0.1,E-commerce,Concluída
PED003511,2025-06-10,CLI01132,PRD011,V001,2,2976.8,0.0,E-commerce,Concluída
PED003512,2025-07-10,CLI01301,PRD001,V009,4,4137.65,0.05,Marketplace,Concluída
PED003513,2025-12-09,CLI01381,PRD003,V003,2,1059.7,0.0,E-commerce,Concluída
PED003514,2025-09-18,CLI00615,PRD020,V007,3,645.6,0.08,Marketplace,Concluída
PED003515,2025-06-01,CLI00249,PRD014,V010,4,1357.05,0.03,Loja Física,Concluída
PED003516,2025-06-13,CLI01671,PRD004,V005,3,1614.91,0.0,E-commerce,Concluída
PED003517,2025-09-15,CLI02015,PRD002,V007,1,2865.99,0.05,E-commerce,Concluída
PED003518,2025-05-07,CLI00698,PRD020,V006,1,668.23,0.03,Loja Física,Concluída
PED003519,2025-03-03,CLI00724,PRD002,V008,4,3018.69,0.1,E-commerce,Concluída
PED003520,2025-06-20,CLI00365,PRD005,V001,3,367.37,0.0,Marketplace,Concluída
PED003521,2025-01-25,CLI00611,PRD003,V004,5,1015.05,0.1,Marketplace,Concluída
PED003522,2025-03-03,CLI00900,PRD001,V007,1,4393.12,0.0,Televendas,Concluída
PED003523,2025-06-03,CLI02015,PRD006,V001,3,190.38,0.0,E-commerce,Concluída
PED003524,2025-10-18,CLI02088,PRD020,V009,3,648.56,0.08,Loja Física,Concluída
PED003525,2025-10-13,CLI02230,PRD006,V007,4,192.21,0.05,Marketplace,Concluída
PED003526,2025-04-06,CLI01041,PRD008,V001,2,2552.38,0.1,Televendas,Concluída
PED003527,2025-06-04,CLI00384,PRD014,V001,1,1362.55,0.05,E-commerce,Concluída
PED003528,2025-02-26,CLI02409,PRD009,V002,2,2957.99,0.05,Loja Física,Concluída
PED003529,2025-10-03,CLI00205,PRD014,V007,2,1333.86,0.0,Loja Física,Concluída
PED003530,2025-03-31,CLI00093,PRD012,V006,1,5565.37,0.1,Marketplace,Concluída
PED003531,2025-10-19,CLI01906,PRD010,V005,1,1681.9,0.05,Loja Física,Concluída
PED003532,2025-11-04,CLI00046,PRD011,V006,4,2857.72,0.05,Loja Física,Concluída
PED003533,2025-09-09,CLI01379,PRD015,V005,1,1543.7,0.08,E-commerce,Cancelada
PED003534,2025-05-01,CLI02241,PRD013,V004,1,1111.82,0.0,Marketplace,Concluída
PED003535,2025-12-14,CLI02353,PRD015,V001,2,1561.54,0.1,E-commerce,Concluída
PED003536,2025-09-08,CLI00481,PRD003,V001,6,1016.38,0.05,E-commerce,Concluída
PED003537,2025-08-24,CLI00425,PRD012,V007,2,5423.48,0.08,E-commerce,Concluída
PED003538,2025-11-09,CLI00542,PRD014,V008,1,1301.22,0.08,Marketplace,Concluída
PED003539,2025-11-18,CLI01130,PRD006,V003,1,187.19,0.03,E-commerce,Cancelada
PED003540,2025-01-29,CLI01955,PRD018,V003,1,928.29,0.08,Loja Física,Cancelada
PED003541,2025-11-18,CLI00496,PRD006,V005,1,197.05,0.08,Loja Física,Concluída
PED003542,2025-10-07,CLI00452,PRD005,V007,3,366.6,0.0,Loja Física,Concluída
PED003543,2025-03-17,CLI01052,PRD018,V006,1,1030.45,0.08,Loja Física,Concluída
PED003544,2025-04-23,CLI01536,PRD005,V006,1,360.18,0.05,E-commerce,Concluída
PED003545,2025-10-02,CLI00754,PRD007,V001,4,331.04,0.08,Loja Física,Concluída
PED003546,2025-03-21,CLI00112,PRD006,V005,1,196.69,0.08,Marketplace,Concluída
PED003547,2025-06-15,CLI02347,PRD019,V008,1,1110.1,0.0,Loja Física,Concluída
PED003548,2025-09-09,CLI02190,PRD008,V006,2,2326.84,0.0,Televendas,Concluída
PED003549,2025-08-26,CLI01182,PRD013,V009,1,1110.75,0.0,Loja Física,Concluída
PED003550,2025-11-29,CLI01427,PRD015,V007,1,1592.58,0.08,E-commerce,Concluída
PED003551,2025-02-10,CLI00866,PRD011,V009,6,2943.47,0.1,Marketplace,Concluída
PED003552,2025-04-18,CLI01123,PRD020,V006,3,658.05,0.08,Marketplace,Concluída
PED003553,2025-12-26,CLI01962,PRD016,V006,3,2277.06,0.08,Loja Física,Cancelada
PED003554,2025-07-27,CLI00908,PRD007,V006,2,324.81,0.05,Marketplace,Concluída
PED003555,2025-04-01,CLI01985,PRD020,V003,1,679.96,0.05,Marketplace,Concluída
PED003556,2025-04-16,CLI00782,PRD009,V005,3,2859.37,0.15,E-commerce,Concluída
PED003557,2025-05-04,CLI00559,PRD001,V002,2,4425.12,0.0,E-commerce,Concluída
PED003558,2025-07-22,CLI00661,PRD005,V005,1,335.3,0.03,E-commerce,Concluída
PED003559,2025-04-14,CLI01195,PRD011,V002,1,3049.88,0.0,E-commerce,Concluída
PED003560,2025-08-15,CLI02438,PRD003,V005,2,1065.67,0.0,Loja Física,Concluída
PED003561,2025-06-12,CLI01638,PRD010,V010,1,1580.31,0.05,Loja Física,Concluída
PED003562,2025-08-11,CLI00763,PRD006,V005,1,195.27,0.0,E-commerce,Concluída
PED003563,2025-02-26,CLI00319,PRD009,V008,1,2881.79,0.03,Loja Física,Concluída
PED003564,2025-08-16,CLI00595,PRD001,V005,2,4228.86,0.0,Loja Física,Concluída
PED003565,2025-12-04,CLI00983,PRD017,V010,1,864.09,0.03,Loja Física,Concluída
PED003566,2025-02-19,CLI01145,PRD006,V003,2,201.98,0.0,E-commerce,Concluída
PED003567,2025-04-30,CLI00577,PRD003,V009,1,1044.13,0.1,E-commerce,Concluída
PED003568,2025-09-11,CLI00644,PRD008,V008,2,2179.6,0.05,Marketplace,Concluída
PED003569,2025-08-14,CLI00450,PRD008,V009,1,2209.63,0.08,Televendas,Cancelada
PED003570,2025-09-04,CLI00679,PRD011,V002,1,2927.38,0.05,Televendas,Concluída
PED003571,2025-07-24,CLI02091,PRD009,V009,2,2844.88,0.0,Loja Física,Concluída
PED003572,2025-09-07,CLI00664,PRD001,V010,2,4341.8,0.05,E-commerce,Concluída
PED003573,2025-08-11,CLI00494,PRD018,V003,1,962.99,0.0,E-commerce,Concluída
PED003574,2025-01-28,CLI00345,PRD008,V007,2,2166.11,0.03,Loja Física,Concluída
PED003575,2025-10-02,CLI00135,PRD002,V006,3,3053.96,0.05,Loja Física,Concluída
PED003576,2025-06-13,CLI02218,PRD015,V001,1,1594.72,0.08,Marketplace,Concluída
PED003577,2025-01-19,CLI01886,PRD011,V006,2,2974.82,0.1,E-commerce,Concluída
PED003578,2025-05-30,CLI00461,PRD011,V007,2,2968.02,0.0,E-commerce,Concluída
PED003579,2025-06-08,CLI00627,PRD007,V003,3,339.55,0.05,Marketplace,Concluída
PED003580,2025-02-01,CLI00055,PRD007,V004,2,336.79,0.03,Marketplace,Concluída
PED003581,2025-12-30,CLI00088,PRD009,V006,5,2789.91,0.08,Marketplace,Concluída
PED003582,2025-03-23,CLI01945,PRD001,V010,2,4535.27,0.1,Marketplace,Concluída
PED003583,2025-05-01,CLI00933,PRD006,V001,2,196.73,0.05,Loja Física,Concluída
PED003584,2025-06-10,CLI01129,PRD020,V010,1,619.33,0.0,E-commerce,Concluída
PED003585,2025-10-31,CLI01960,PRD012,V009,2,5506.38,0.08,Loja Física,Concluída
PED003586,2025-09-29,CLI00886,PRD007,V009,1,324.16,0.05,Televendas,Concluída
PED003587,2025-10-09,CLI02431,PRD004,V001,1,1615.34,0.1,Loja Física,Concluída
PED003588,2025-03-28,CLI01333,PRD014,V006,1,1347.04,0.05,E-commerce,Concluída
PED003589,2025-11-05,CLI00462,PRD005,V004,2,355.67,0.1,Televendas,Concluída
PED003590,2025-10-30,CLI01392,PRD003,V010,3,1011.41,0.0,E-commerce,Concluída
PED003591,2025-06-19,CLI00796,PRD003,V008,4,1050.3,0.08,Loja Física,Concluída
PED003592,2025-07-19,CLI00963,PRD013,V007,1,1083.18,0.03,Loja Física,Concluída
PED003593,2025-01-14,CLI01667,PRD011,V001,4,2793.93,0.05,E-commerce,Concluída
PED003594,2025-10-05,CLI02129,PRD001,V009,3,4498.26,0.1,E-commerce,Concluída
PED003595,2025-12-17,CLI01262,PRD002,V005,4,2923.32,0.05,E-commerce,Concluída
PED003596,2025-06-22,CLI02107,PRD011,V002,3,2839.7,0.08,Loja Física,Concluída
PED003597,2025-07-17,CLI00948,PRD010,V009,1,1700.54,0.0,Marketplace,Cancelada
PED003598,2025-07-02,CLI00914,PRD012,V010,4,5656.37,0.0,E-commerce,Cancelada
PED003599,2025-01-31,CLI02100,PRD003,V005,2,1024.85,0.05,Televendas,Concluída
PED003600,2025-08-15,CLI00556,PRD013,V007,3,1051.44,0.03,E-commerce,Concluída
PED003601,2025-09-21,CLI00408,PRD020,V007,1,631.45,0.0,Televendas,Concluída
PED003602,2025-12-05,CLI01217,PRD010,V004,1,1626.69,0.08,Loja Física,Concluída
PED003603,2025-12-06,CLI00296,PRD003,V008,1,1067.23,0.05,Televendas,Cancelada
PED003604,2025-06-29,CLI00391,PRD012,V010,2,5688.8,0.0,Marketplace,Concluída
PED003605,2025-12-17,CLI01579,PRD006,V010,1,197.65,0.0,E-commerce,Concluída
PED003606,2025-07-12,CLI00706,PRD001,V007,4,4437.8,0.03,Televendas,Concluída
PED003607,2025-08-23,CLI00310,PRD006,V004,1,195.8,0.05,Marketplace,Concluída
PED003608,2025-08-08,CLI00958,PRD019,V010,1,1067.13,0.1,Televendas,Concluída
PED003609,2025-12-31,CLI02119,PRD007,V010,1,329.15,0.03,Marketplace,Concluída
PED003610,2025-09-27,CLI00958,PRD018,V001,1,977.23,0.0,Televendas,Concluída
PED003611,2025-02-13,CLI00777,PRD008,V004,1,2319.48,0.08,Loja Física,Concluída
PED003612,2025-01-27,CLI00449,PRD009,V006,3,2826.19,0.0,Loja Física,Concluída
PED003613,2025-05-30,CLI00741,PRD001,V006,6,4496.47,0.05,E-commerce,Concluída
PED003614,2025-07-08,CLI01274,PRD011,V008,1,2908.21,0.03,Marketplace,Concluída
PED003615,2025-09-02,CLI00972,PRD002,V006,1,2999.93,0.1,Loja Física,Concluída
PED003616,2025-06-25,CLI01535,PRD008,V001,3,2255.88,0.08,E-commerce,Concluída
PED003617,2025-07-07,CLI01111,PRD005,V002,1,371.7,0.0,Loja Física,Concluída
PED003618,2025-12-03,CLI01530,PRD007,V008,2,346.19,0.03,Televendas,Concluída
PED003619,2025-05-03,CLI02084,PRD009,V007,2,2858.56,0.0,Marketplace,Concluída
PED003620,2025-06-30,CLI02006,PRD001,V007,4,4375.19,0.0,Loja Física,Concluída
PED003621,2025-07-23,CLI02462,PRD005,V005,1,349.83,0.03,Loja Física,Concluída
PED003622,2025-06-20,CLI00193,PRD020,V003,6,610.07,0.05,Televendas,Concluída
PED003623,2025-12-20,CLI00639,PRD001,V004,5,4308.81,0.08,E-commerce,Cancelada
PED003624,2025-12-18,CLI00393,PRD006,V007,1,195.88,0.0,E-commerce,Concluída
PED003625,2025-07-07,CLI01839,PRD006,V006,2,199.44,0.03,Televendas,Concluída
PED003626,2025-06-14,CLI01093,PRD007,V002,1,340.59,0.1,Televendas,Concluída
PED003627,2025-08-03,CLI00027,PRD012,V004,1,5445.76,0.03,Loja Física,Concluída
PED003628,2025-03-08,CLI01208,PRD005,V009,6,333.98,0.05,E-commerce,Concluída
PED003629,2025-06-05,CLI01365,PRD008,V006,1,2298.32,0.08,Televendas,Concluída
PED003630,2025-03-21,CLI00514,PRD011,V009,1,2951.96,0.08,Loja Física,Concluída
PED003631,2025-02-22,CLI00796,PRD006,V006,0,200.83,0.05,E-commerce,Concluída
PED003632,2025-02-04,CLI00749,PRD020,V005,2,646.59,0.15,Marketplace,Concluída
PED003633,2025-08-03,CLI01322,PRD020,V010,4,664.68,0.0,Loja Física,Concluída
PED003634,2025-01-01,CLI00399,PRD002,V006,2,2952.46,0.0,E-commerce,Concluída
PED003635,2025-08-24,CLI01181,PRD006,V002,2,196.63,0.03,Loja Física,Concluída
PED003636,2025-06-07,CLI01357,PRD004,V005,1,1615.04,0.0,Loja Física,Concluída
PED003637,2025-05-14,CLI01327,PRD003,V007,3,1052.83,0.0,Loja Física,Concluída
PED003638,2025-10-08,CLI01193,PRD008,V004,1,2292.03,0.0,E-commerce,Concluída
PED003639,2025-07-16,CLI01828,PRD009,V005,2,2896.92,0.05,E-commerce,Concluída
PED003640,2025-09-25,CLI01720,PRD007,V009,2,344.28,0.03,Televendas,Concluída
PED003641,2025-09-16,CLI01205,PRD005,V005,6,358.81,0.08,Televendas,Concluída
PED003642,2025-01-12,CLI01577,PRD005,V004,3,368.67,0.0,Marketplace,Concluída
PED003643,2025-03-20,CLI00233,PRD020,V002,2,619.1,0.05,Marketplace,Concluída
PED003644,2025-07-28,CLI00678,PRD020,V005,2,635.99,0.0,Loja Física,Concluída
PED003645,2025-12-23,CLI00576,PRD002,V008,1,3112.8,0.0,E-commerce,Concluída
PED003646,2025-02-26,CLI01901,PRD011,V003,2,2887.09,0.05,Marketplace,Concluída
PED003647,2025-02-08,CLI01028,PRD008,V005,2,2263.99,0.0,Televendas,Concluída
PED003648,2025-12-10,CLI00380,PRD012,V007,2,5701.58,0.05,E-commerce,Concluída
PED003649,2025-12-19,CLI01487,PRD010,V010,2,1639.5,0.05,Marketplace,Concluída
PED003650,2025-03-03,CLI01576,PRD018,V009,1,949.19,0.05,Televendas,Concluída
PED003651,2025-05-27,CLI02142,PRD001,V003,1,4497.66,0.05,E-commerce,Concluída
PED003652,2025-08-17,CLI01551,PRD006,V002,1,195.41,0.1,Marketplace,Concluída
PED003653,2025-03-13,CLI02321,PRD020,V007,2,642.58,0.0,Televendas,Concluída
PED003654,2025-04-30,CLI00589,PRD003,V003,6,984.46,0.1,Marketplace,Concluída
PED003655,2025-05-25,CLI01214,PRD002,V004,0,2984.13,0.0,Loja Física,Concluída
PED003656,2025-08-23,CLI00489,PRD013,V002,2,1103.96,0.05,Televendas,Devolvida
PED003657,2025-04-23,CLI01058,PRD015,V008,2,1553.19,0.1,Marketplace,Concluída
PED003658,2025-05-31,CLI00267,PRD012,V002,1,5333.88,0.0,Loja Física,Concluída
PED003659,2025-04-16,CLI00921,PRD015,V004,1,1551.24,0.08,Televendas,Concluída
PED003660,2025-10-05,CLI01551,PRD013,V005,1,1068.74,0.05,Loja Física,Concluída
PED003661,2025-02-25,CLI00799,PRD002,V001,5,2974.68,0.1,Televendas,Concluída
PED003662,2025-03-26,CLI00910,PRD010,V008,1,1623.4,0.0,Marketplace,Concluída
PED003663,2025-04-02,CLI01458,PRD015,V007,2,1635.44,0.05,Loja Física,Concluída
PED003664,2025-11-27,CLI02497,PRD018,V006,1,976.73,0.0,Marketplace,Concluída
PED003665,2025-12-11,CLI00480,PRD005,V002,2,344.86,0.0,Loja Física,Concluída
PED003666,2025-07-02,CLI01588,PRD002,V001,1,2999.01,0.05,Televendas,Concluída
PED003667,2025-02-27,CLI02366,PRD015,V001,5,1568.53,0.08,E-commerce,Concluída
PED003668,2025-10-03,CLI00025,PRD005,V007,1,371.32,0.08,E-commerce,Concluída
PED003669,2025-06-29,CLI00985,PRD001,V008,4,4349.8,0.08,Televendas,Concluída
PED003670,2025-11-07,CLI00935,PRD016,V008,2,2335.73,0.08,Loja Física,Concluída
PED003671,2025-05-12,CLI02425,PRD008,V009,1,2374.07,0.03,E-commerce,Cancelada
PED003672,2025-12-31,CLI00036,PRD006,V004,3,191.57,0.03,Marketplace,Concluída
PED003673,2025-10-22,CLI02451,PRD001,V001,2,4453.91,0.08,Loja Física,Cancelada
PED003674,2025-03-23,CLI01567,PRD001,V003,1,4373.8,0.05,Loja Física,Cancelada
PED003675,2025-09-22,CLI00071,PRD015,V008,2,1550.44,0.0,E-commerce,Concluída
PED003676,2025-04-15,CLI02295,PRD008,V008,2,2231.67,0.03,E-commerce,Concluída
PED003677,2025-05-08,CLI01953,PRD003,V006,2,1070.91,0.0,E-commerce,Concluída
PED003678,2025-04-02,CLI01863,PRD006,V001,3,199.12,0.08,E-commerce,Concluída
PED003679,2025-09-07,CLI00727,PRD003,V008,2,1051.3,0.0,E-commerce,Concluída
PED003680,2025-04-06,CLI00664,PRD002,V009,1,3060.25,0.05,Loja Física,Concluída
PED003681,2025-08-22,CLI01997,PRD005,V003,1,363.63,0.08,Loja Física,Concluída
PED003682,2025-08-01,CLI00447,PRD009,V009,1,2786.81,0.15,Loja Física,Concluída
PED003683,2025-10-02,CLI01137,PRD004,V007,2,1542.31,0.03,Marketplace,Concluída
PED003684,2025-12-29,CLI02194,PRD006,V009,1,204.41,0.1,Loja Física,Cancelada
PED003685,2025-01-04,CLI02403,PRD008,V007,1,2280.22,0.05,Televendas,Concluída
PED003686,2025-12-28,CLI00299,PRD007,V001,3,342.66,0.0,Loja Física,Concluída
PED003687,2025-02-09,CLI01899,PRD002,V007,1,3128.72,0.03,E-commerce,Concluída
PED003688,2025-07-12,CLI01775,PRD001,V002,1,4250.63,0.03,Marketplace,Concluída
PED003689,2025-05-05,CLI02132,PRD001,V003,3,4091.34,0.0,Loja Física,Cancelada
PED003690,2025-08-22,CLI00611,PRD006,V009,2,187.92,0.03,E-commerce,Concluída
PED003691,2025-09-21,CLI02005,PRD013,V010,3,1071.02,0.0,Loja Física,Concluída
PED003692,2025-11-10,CLI00754,PRD002,V005,1,3002.43,0.08,Televendas,Concluída
PED003693,2025-05-27,CLI01028,PRD015,V003,2,1624.73,0.03,Loja Física,Concluída
PED003694,2025-12-07,CLI00117,PRD013,V004,5,1108.31,0.0,Loja Física,Concluída
PED003695,2025-04-28,CLI01698,PRD001,V003,1,4087.16,0.05,E-commerce,Concluída
PED003696,2025-03-16,CLI00425,PRD001,V006,1,4672.58,0.1,E-commerce,Concluída
PED003697,2025-05-19,CLI00980,PRD003,V005,1,1025.11,0.1,Televendas,Concluída
PED003698,2025-07-12,CLI00099,PRD001,V001,4,4500.87,0.1,Televendas,Devolvida
PED003699,2025-09-01,CLI01366,PRD009,V007,1,2901.82,0.1,Marketplace,Concluída
PED003700,2025-10-31,CLI01302,PRD001,V007,2,4367.41,0.03,Loja Física,Concluída
PED003701,2025-03-24,CLI01673,PRD016,V007,2,2332.66,0.05,E-commerce,Concluída
PED003702,2025-04-21,CLI01125,PRD008,V010,5,2205.34,0.03,Loja Física,Concluída
PED003703,2025-12-09,CLI01916,PRD013,V008,1,1050.48,0.1,Loja Física,Concluída
PED003704,2025-06-10,CLI01332,PRD014,V007,2,1336.66,0.0,Loja Física,Concluída
PED003705,2025-03-30,CLI00335,PRD008,V003,5,2189.69,0.05,E-commerce,Concluída
PED003706,2025-12-26,CLI00164,PRD020,V005,1,672.77,0.0,E-commerce,Concluída
PED003707,2025-06-13,CLI00475,PRD020,V005,2,647.72,0.1,Marketplace,Concluída
PED003708,2025-12-26,CLI02016,PRD006,V010,1,207.13,0.03,E-commerce,Concluída
PED003709,2025-12-02,CLI01032,PRD002,V005,1,2961.06,0.1,Loja Física,Concluída
PED003710,2025-11-27,CLI00311,PRD006,V007,1,193.92,0.1,Loja Física,Concluída
PED003711,2025-08-01,CLI00987,PRD004,V006,1,1629.1,0.0,E-commerce,Concluída
PED003712,2025-10-19,CLI02080,PRD009,V001,1,2844.18,0.08,E-commerce,Concluída
PED003713,2025-12-17,CLI02008,PRD007,V010,3,350.3,0.03,Loja Física,Concluída
PED003714,2025-04-09,CLI00806,PRD008,V007,2,2349.98,0.03,E-commerce,Concluída
PED003715,2025-01-14,CLI00697,PRD014,V003,1,1379.12,0.0,Marketplace,Concluída
PED003716,2025-04-28,CLI01110,PRD005,V001,2,372.85,0.05,Loja Física,Concluída
PED003717,2025-08-21,CLI00743,PRD009,V010,5,2921.25,0.03,Marketplace,Concluída
PED003718,2025-07-19,CLI01632,PRD006,V004,1,194.13,0.08,Televendas,Concluída
PED003719,2025-01-30,CLI01686,PRD015,V001,1,1614.84,0.08,Televendas,Concluída
PED003720,2025-07-24,CLI01514,PRD011,V007,1,2987.68,0.03,Loja Física,Concluída
PED003721,2025-03-05,CLI02129,PRD001,V001,4,4299.39,0.0,Loja Física,Concluída
PED003722,2025-07-04,CLI01415,PRD011,V003,3,2900.43,0.0,Marketplace,Concluída
PED003723,2025-07-30,CLI01682,PRD003,V009,2,1033.36,0.0,E-commerce,Concluída
PED003724,2025-08-21,CLI01001,PRD013,V001,1,1115.59,0.15,Loja Física,Concluída
PED003725,2025-05-31,CLI00585,PRD009,V008,2,2871.11,0.03,E-commerce,Concluída
PED003726,2025-05-30,CLI01200,PRD007,V007,2,341.93,0.08,E-commerce,Concluída
PED003727,2025-09-05,CLI01600,PRD013,V004,1,1081.11,0.1,Loja Física,Cancelada
PED003728,2025-10-01,CLI00164,PRD017,V003,1,846.12,0.03,Loja Física,Concluída
PED003729,2025-10-22,CLI01181,PRD015,V005,1,1524.41,0.05,Marketplace,Concluída
PED003730,2025-05-02,CLI00406,PRD009,V006,2,2919.65,0.1,E-commerce,Concluída
PED003731,2025-06-04,CLI00634,PRD013,V009,6,1057.82,0.05,Loja Física,Concluída
PED003732,2025-05-01,CLI01832,PRD007,V003,1,342.56,0.0,Televendas,Concluída
PED003733,2025-07-12,CLI00842,PRD015,V006,4,1554.05,0.08,Marketplace,Concluída
PED003734,2025-02-16,CLI01681,PRD017,V007,2,870.01,0.1,E-commerce,Concluída
PED003735,2025-06-06,CLI01321,PRD003,V001,2,1026.88,0.08,Loja Física,Concluída
PED003736,2025-03-10,CLI00843,PRD004,V009,4,1565.0,0.08,Marketplace,Concluída
PED003737,2025-07-14,CLI01191,PRD005,V010,2,369.47,0.08,Marketplace,Concluída
PED003738,2025-11-07,CLI01981,PRD003,V001,1,1014.35,0.05,Marketplace,Concluída
PED003739,2025-12-26,CLI01387,PRD007,V003,1,343.3,0.0,Loja Física,Concluída
PED003740,2025-06-12,CLI02016,PRD003,V008,3,1068.72,0.1,E-commerce,Concluída
PED003741,2025-01-21,CLI00746,PRD010,V009,2,1614.66,0.0,Loja Física,Concluída
PED003742,2025-03-25,CLI01319,PRD002,V002,1,2985.91,0.08,Televendas,Concluída
PED003743,2025-02-08,CLI00774,PRD005,V010,2,356.66,0.03,Loja Física,Concluída
PED003744,2025-10-05,CLI02450,PRD012,V004,1,5528.51,0.05,E-commerce,Concluída
PED003745,2025-12-26,CLI02198,PRD007,V003,1,341.39,0.08,Marketplace,Concluída
PED003746,2025-07-22,CLI00667,PRD007,V004,3,349.85,0.08,Marketplace,Concluída
PED003747,2025-03-06,CLI00485,PRD015,V007,1,1545.74,0.0,E-commerce,Concluída
PED003748,2025-01-08,CLI00737,PRD020,V003,1,666.73,0.05,E-commerce,Concluída
PED003749,2025-12-23,CLI00156,PRD009,V006,1,2977.58,0.0,Televendas,Concluída
PED003750,2025-04-26,CLI00024,PRD002,V001,4,3012.86,0.0,E-commerce,Concluída
PED003751,2025-02-10,CLI00071,PRD002,V002,1,2934.52,0.05,E-commerce,Concluída
PED003752,2025-03-06,CLI00375,PRD020,V008,1,645.49,0.15,Marketplace,Concluída
PED003753,2025-04-04,CLI01716,PRD012,V004,1,5493.2,0.15,E-commerce,Concluída
PED003754,2025-08-28,CLI02045,PRD014,V008,1,1401.71,0.05,E-commerce,Cancelada
PED003755,2025-11-22,CLI00129,PRD012,V008,1,5496.19,0.08,E-commerce,Concluída
PED003756,2025-04-11,CLI01574,PRD003,V010,1,1071.55,0.0,Loja Física,Cancelada
PED003757,2025-09-08,CLI01455,PRD008,V002,1,2274.74,0.0,E-commerce,Concluída
PED003758,2025-01-24,CLI00476,PRD015,V010,2,1571.9,0.08,E-commerce,Concluída
PED003759,2025-01-04,CLI01639,PRD018,V009,1,960.81,0.08,Loja Física,Concluída
PED003760,2025-01-21,CLI01694,PRD004,V005,1,1594.91,0.08,E-commerce,Concluída
PED003761,2025-12-03,CLI02391,PRD010,V002,2,1681.26,0.0,E-commerce,Concluída
PED003762,2025-08-01,CLI00409,PRD003,V002,1,1016.82,0.03,Loja Física,Concluída
PED003763,2025-10-21,CLI00089,PRD020,V006,1,661.65,0.0,E-commerce,Concluída
PED003764,2025-01-08,CLI01017,PRD005,V001,6,373.54,0.08,E-commerce,Concluída
PED003765,2025-01-09,CLI01758,PRD013,V001,2,1069.37,0.03,Loja Física,Concluída
PED003766,2025-11-06,CLI02496,PRD004,V006,2,1653.87,0.03,Loja Física,Concluída
PED003767,2025-02-07,CLI01532,PRD010,V006,2,1687.78,0.05,Marketplace,Concluída
PED003768,2025-02-26,CLI00791,PRD011,V009,5,3000.28,0.0,E-commerce,Concluída
PED003769,2025-07-09,CLI00572,PRD006,V010,1,193.7,0.03,Televendas,Concluída
PED003770,2025-08-10,CLI01699,PRD016,V003,1,2339.57,0.08,Marketplace,Cancelada
PED003771,2025-03-25,CLI01750,PRD018,V004,3,966.47,0.0,Televendas,Concluída
PED003772,2025-06-12,CLI00016,PRD017,V002,1,898.28,0.05,Loja Física,Concluída
PED003773,2025-09-04,CLI02282,PRD006,V003,2,196.78,0.15,E-commerce,Concluída
PED003774,2025-06-11,CLI00749,PRD014,V005,1,1336.09,0.0,E-commerce,Concluída
PED003775,2025-05-20,CLI01370,PRD009,V010,1,2780.58,0.0,E-commerce,Concluída
PED003776,2025-01-27,CLI00765,PRD010,V009,2,1604.72,0.05,Marketplace,Concluída
PED003777,2025-06-14,CLI00796,PRD008,V010,2,2229.62,0.05,E-commerce,Concluída
PED003778,2025-10-21,CLI02095,PRD010,V005,2,1659.54,0.15,Loja Física,Concluída
PED003779,2025-08-17,CLI01258,PRD002,V007,1,2887.08,0.0,Marketplace,Concluída
PED003780,2025-11-22,CLI00427,PRD007,V008,1,336.29,0.1,Loja Física,Concluída
PED003781,2025-02-16,CLI00846,PRD003,V003,3,987.55,0.05,Loja Física,Concluída
PED003782,2025-01-05,CLI00806,PRD005,V005,1,373.19,0.0,E-commerce,Concluída
PED003783,2025-07-20,CLI01894,PRD002,V006,2,3001.62,0.05,Loja Física,Concluída
PED003784,2025-03-07,CLI00408,PRD004,V004,2,1617.85,0.03,Marketplace,Concluída
PED003785,2025-08-05,CLI00980,PRD015,V005,1,1527.32,0.0,E-commerce,Concluída
PED003786,2025-11-26,CLI01192,PRD009,V005,1,2945.85,0.0,Marketplace,Concluída
PED003787,2025-05-04,CLI00267,PRD001,V001,3,4530.92,0.0,E-commerce,Concluída
PED003788,2025-07-20,CLI00680,PRD015,V008,1,1572.73,0.05,E-commerce,Concluída
PED003789,2025-09-06,CLI01397,PRD019,V010,1,1077.86,0.0,E-commerce,Concluída
PED003790,2025-02-24,CLI00446,PRD018,V008,5,982.78,0.0,Marketplace,Concluída
PED003791,2025-11-24,CLI01437,PRD016,V010,1,2389.68,0.03,Loja Física,Concluída
PED003792,2025-03-16,CLI01079,PRD020,V005,3,660.21,0.08,E-commerce,Concluída
PED003793,2025-10-23,CLI02164,PRD010,V001,1,1671.98,0.15,Loja Física,Concluída
PED003794,2025-08-29,CLI01183,PRD020,V003,1,661.72,0.0,E-commerce,Concluída
PED003795,2025-02-21,CLI01223,PRD020,V009,2,634.96,0.15,Televendas,Concluída
PED003796,2025-09-22,CLI00773,PRD006,V002,1,201.32,0.05,E-commerce,Concluída
PED003797,2025-03-13,CLI00146,PRD017,V006,3,843.98,0.1,E-commerce,Concluída
PED003798,2025-08-07,CLI02418,PRD015,V001,1,1471.58,0.05,Loja Física,Concluída
PED003799,2025-12-17,CLI00693,PRD015,V004,2,1551.93,0.03,E-commerce,Concluída
PED003800,2025-12-14,CLI00364,PRD018,V002,3,955.98,0.08,Marketplace,Cancelada
PED003801,2025-11-15,CLI00219,PRD007,V002,2,344.04,0.05,E-commerce,Concluída
PED003802,2025-06-30,CLI01785,PRD007,V002,2,349.14,0.1,Televendas,Concluída
PED003803,2025-07-24,CLI00973,PRD011,V006,1,2950.62,0.1,E-commerce,Devolvida
PED003804,2025-04-20,CLI01319,PRD014,V007,1,1409.64,0.05,Loja Física,Concluída
PED003805,2025-12-03,CLI00274,PRD018,V003,4,956.68,0.05,Marketplace,Concluída
PED003806,2025-06-24,CLI00962,PRD018,V009,2,921.23,0.03,E-commerce,Concluída
PED003807,2025-10-09,CLI00799,PRD013,V004,2,1092.97,0.05,E-commerce,Concluída
PED003808,2025-05-12,CLI01686,PRD020,V008,2,637.35,0.05,Televendas,Concluída
PED003809,2025-09-28,CLI01777,PRD003,V006,1,1007.63,0.05,Marketplace,Concluída
PED003810,2025-03-23,CLI00385,PRD020,V008,1,641.34,0.0,Televendas,Concluída
PED003811,2025-09-25,CLI02159,PRD001,V010,1,4281.3,0.15,Marketplace,Concluída
PED003812,2025-01-17,CLI02326,PRD009,V010,1,2813.73,0.03,E-commerce,Concluída
PED003813,2025-02-08,CLI00219,PRD002,V006,1,3107.61,0.0,E-commerce,Concluída
PED003814,2025-05-09,CLI02083,PRD010,V010,1,1649.79,0.0,E-commerce,Concluída
PED003815,2025-06-25,CLI02004,PRD007,V008,2,339.71,0.0,Loja Física,Concluída
PED003816,2025-09-17,CLI01860,PRD002,V003,2,3113.23,0.03,Marketplace,Concluída
PED003817,2025-05-12,CLI02496,PRD011,V010,1,2914.78,0.0,Loja Física,Concluída
PED003818,2025-01-07,CLI02396,PRD013,V002,3,1052.05,0.0,Marketplace,Concluída
PED003819,2025-04-29,CLI00935,PRD003,V005,2,1001.39,0.0,Loja Física,Concluída
PED003820,2025-06-10,CLI02352,PRD013,V002,1,1083.26,0.0,Loja Física,Concluída
PED003821,2025-07-18,CLI00423,PRD003,V008,3,993.22,0.15,Loja Física,Concluída
PED003822,2025-08-24,CLI00505,PRD003,V009,2,1005.38,0.05,E-commerce,Concluída
PED003823,2025-04-01,CLI01838,PRD003,V009,2,1025.87,0.0,Loja Física,Concluída
PED003824,2025-08-11,CLI02217,PRD010,V002,4,1691.22,0.05,Loja Física,Concluída
PED003825,2025-08-19,CLI00506,PRD015,V003,1,1620.81,0.05,Marketplace,Concluída
PED003826,2025-10-11,CLI01979,PRD010,V004,2,1671.8,0.05,E-commerce,Concluída
PED003827,2025-07-10,CLI01963,PRD016,V002,1,2346.34,0.03,Loja Física,Concluída
PED003828,2025-10-23,CLI01085,PRD010,V006,1,1621.23,0.05,E-commerce,Concluída
PED003829,2025-03-22,CLI02183,PRD015,V001,2,1585.34,0.0,Loja Física,Concluída
PED003830,2025-09-17,CLI01329,PRD020,V007,1,674.94,0.0,Televendas,Cancelada
PED003831,2025-01-17,CLI01369,PRD007,V006,1,343.19,0.15,Marketplace,Concluída
PED003832,2025-02-07,CLI01406,PRD003,V006,2,1023.78,0.03,E-commerce,Concluída
PED003833,2025-11-12,CLI01478,PRD002,V010,1,2981.86,0.0,Loja Física,Concluída
PED003834,2025-06-23,CLI01296,PRD010,V008,2,1633.71,0.0,Loja Física,Concluída
PED003835,2025-08-15,CLI02274,PRD009,V003,1,2902.01,0.08,Marketplace,Concluída
PED003836,2025-08-09,CLI01062,PRD003,V006,1,1015.97,0.0,Loja Física,Cancelada
PED003837,2025-09-11,CLI00657,PRD018,V009,2,979.24,0.03,E-commerce,Devolvida
PED003838,2025-03-31,CLI01557,PRD020,V009,2,655.33,0.03,Loja Física,Concluída
PED003839,2025-03-07,CLI01193,PRD005,V007,3,363.65,0.0,Marketplace,Concluída
PED003840,2025-01-16,CLI02059,PRD004,V001,6,1561.79,0.03,E-commerce,Concluída
PED003841,2025-11-12,CLI02168,PRD004,V005,1,1599.39,0.0,Loja Física,Concluída
PED003842,2025-03-23,CLI02384,PRD007,V009,1,337.48,0.03,Loja Física,Concluída
PED003843,2025-07-29,CLI02134,PRD017,V001,4,852.08,0.0,Marketplace,Concluída
PED003844,2025-06-16,CLI01666,PRD010,V006,2,1617.27,0.15,Marketplace,Concluída
PED003845,2025-03-01,CLI01161,PRD001,V006,6,4502.57,0.05,E-commerce,Concluída
PED003846,2025-06-01,CLI02367,PRD008,V003,0,2279.02,0.0,E-commerce,Concluída
PED003847,2025-01-31,CLI00981,PRD002,V004,3,2872.56,0.0,E-commerce,Concluída
PED003848,2025-03-06,CLI02407,PRD007,V010,1,330.61,0.08,Loja Física,Devolvida
PED003849,2025-02-20,CLI02433,PRD007,V006,1,352.28,0.08,E-commerce,Concluída
PED003850,2025-10-28,CLI01626,PRD011,V010,2,2923.25,0.03,Marketplace,Concluída
PED003851,2025-07-27,CLI02450,PRD009,V005,2,2834.84,0.0,Loja Física,Concluída
PED003852,2025-12-04,CLI00708,PRD018,V009,3,996.75,0.05,Marketplace,Concluída
PED003853,2025-06-09,CLI00153,PRD001,V007,6,4350.29,0.0,Televendas,Concluída
PED003854,2025-03-15,CLI01297,PRD015,V010,1,1523.19,0.0,Televendas,Concluída
PED003855,2025-08-11,CLI00813,PRD001,V004,1,4243.72,0.03,Loja Física,Concluída
PED003856,2025-12-06,CLI02261,PRD006,V004,4,199.92,0.08,Marketplace,Cancelada
PED003857,2025-07-14,CLI01670,PRD018,V001,3,1018.58,0.03,Loja Física,Concluída
PED003858,2025-01-07,CLI00318,PRD013,V003,3,1108.21,0.0,E-commerce,Concluída
PED003859,2025-04-21,CLI01532,PRD003,V002,2,1025.85,0.0,E-commerce,Concluída
PED003860,2025-12-04,CLI01857,PRD008,V002,6,2255.56,0.05,Loja Física,Concluída
PED003861,2025-07-09,CLI00973,PRD013,V004,1,1086.75,0.05,E-commerce,Concluída
PED003862,2025-12-14,CLI02366,PRD020,V009,1,613.52,0.05,Televendas,Concluída
PED003863,2025-07-05,CLI01834,PRD011,V004,1,2938.19,0.05,Loja Física,Concluída
PED003864,2025-01-05,CLI01795,PRD001,V009,2,4430.6,0.05,E-commerce,Concluída
PED003865,2025-11-15,CLI00806,PRD008,V009,3,2368.96,0.03,Marketplace,Concluída
PED003866,2025-10-06,CLI02371,PRD003,V010,2,1063.98,0.15,Loja Física,Concluída
PED003867,2025-09-19,CLI01683,PRD001,V006,2,4577.52,0.1,Televendas,Concluída
PED003868,2025-12-21,CLI01806,PRD010,V009,1,1713.78,0.03,Televendas,Concluída
PED003869,2025-03-13,CLI02012,PRD015,V005,3,1624.85,0.05,Loja Física,Concluída
PED003870,2025-11-27,CLI02466,PRD001,V007,1,4369.69,0.0,E-commerce,Concluída
PED003871,2025-03-26,CLI01723,PRD015,V009,2,1583.64,0.0,Loja Física,Concluída
PED003872,2025-12-21,CLI02403,PRD013,V002,1,1040.11,0.03,Televendas,Concluída
PED003873,2025-03-11,CLI00609,PRD014,V001,2,1346.61,0.08,Loja Física,Concluída
PED003874,2025-07-20,CLI01569,PRD005,V002,2,365.65,0.1,E-commerce,Concluída
PED003875,2025-10-16,CLI01135,PRD007,V008,2,339.56,0.05,E-commerce,Cancelada
PED003876,2025-01-29,CLI01501,PRD002,V005,2,2878.28,0.08,E-commerce,Concluída
PED003877,2025-01-25,CLI02200,PRD004,V003,6,1668.92,0.0,E-commerce,Concluída
PED003878,2025-11-07,CLI02243,PRD006,V008,4,198.83,0.1,Loja Física,Concluída
PED003879,2025-01-23,CLI00177,PRD006,V001,1,205.3,0.0,Marketplace,Concluída
PED003880,2025-08-13,CLI01926,PRD003,V002,1,1054.96,0.1,Marketplace,Cancelada
PED003881,2025-12-09,CLI02390,PRD003,V005,1,1071.17,0.0,E-commerce,Concluída
PED003882,2025-08-13,CLI01495,PRD019,V010,1,1122.65,0.0,Marketplace,Devolvida
PED003883,2025-06-25,CLI01512,PRD015,V008,1,1543.43,0.05,,Concluída
PED003884,2025-06-02,CLI01785,PRD006,V007,4,194.33,0.0,Loja Física,Concluída
PED003885,2025-08-21,CLI02441,PRD020,V008,4,639.23,0.0,Loja Física,Concluída
PED003886,2025-07-28,CLI00177,PRD004,V004,1,1566.61,0.05,E-commerce,Concluída
PED003887,2025-07-03,CLI02010,PRD007,V005,3,357.07,0.08,Loja Física,Concluída
PED003888,2025-02-26,CLI02389,PRD016,V009,3,2349.05,0.0,Loja Física,Concluída
PED003889,2025-08-30,CLI00059,PRD008,V008,1,2294.48,0.05,E-commerce,Concluída
PED003890,2025-09-28,CLI01063,PRD004,V006,4,1551.97,0.05,E-commerce,Concluída
PED003891,2025-09-16,CLI01760,PRD006,V001,6,200.86,0.0,E-commerce,Concluída
PED003892,2025-01-28,CLI00225,PRD008,V008,5,2245.2,0.03,Marketplace,Concluída
PED003893,2025-09-14,CLI00496,PRD011,V004,3,3029.04,0.05,E-commerce,Concluída
PED003894,2025-09-24,CLI00948,PRD007,V004,1,336.12,0.1,E-commerce,Concluída
PED003895,2025-08-03,CLI02332,PRD008,V007,1,2343.95,0.03,Loja Física,Concluída
PED003896,2025-11-06,CLI01285,PRD005,V004,6,369.03,0.05,Marketplace,Concluída
PED003897,2025-07-11,CLI02216,PRD009,V006,1,2829.41,0.05,E-commerce,Concluída
PED003898,2025-06-22,CLI02492,PRD004,V001,2,1662.29,0.08,Loja Física,Concluída
PED003899,2025-09-21,CLI01544,PRD018,V002,1,997.24,0.08,Loja Física,Devolvida
PED003900,2025-07-06,CLI01501,PRD014,V006,2,1358.67,0.05,Loja Física,Concluída
PED003901,2025-07-18,CLI01748,PRD007,V010,1,333.49,0.0,E-commerce,Concluída
PED003902,2025-04-24,CLI00114,PRD014,V008,3,1369.09,0.1,Loja Física,Concluída
PED003903,2025-12-05,CLI00769,PRD001,V005,2,4374.04,0.05,Marketplace,Concluída
PED003904,2025-12-20,CLI00181,PRD006,V010,1,197.07,0.05,E-commerce,Cancelada
PED003905,2025-02-17,CLI00387,PRD008,V003,1,2272.61,0.05,Televendas,Concluída
PED003906,2025-09-25,CLI01020,PRD008,V009,2,2266.71,0.0,Loja Física,Concluída
PED003907,2025-01-09,CLI02309,PRD014,V005,3,1313.19,0.05,E-commerce,Concluída
PED003908,2025-05-15,CLI02161,PRD020,V001,4,621.67,0.05,Televendas,Concluída
PED003909,2025-12-21,CLI00980,PRD007,V001,3,327.26,0.03,Loja Física,Concluída
PED003910,2025-03-05,CLI00901,PRD006,V010,2,198.3,0.0,Marketplace,Concluída
PED003911,2025-05-18,CLI02433,PRD010,V007,3,1545.02,0.08,Loja Física,Concluída
PED003912,2025-03-22,CLI02462,PRD005,V002,2,367.1,0.03,E-commerce,Cancelada
PED003913,2025-09-23,CLI01421,PRD003,V010,2,1048.85,0.08,Marketplace,Concluída
PED003914,2025-06-19,CLI00036,PRD020,V001,2,641.26,0.0,Loja Física,Concluída
PED003915,2025-08-05,CLI00976,PRD016,V004,1,2406.79,0.05,Loja Física,Concluída
PED003916,2025-12-11,CLI01369,PRD020,V008,2,641.95,0.0,Loja Física,Concluída
PED003917,2025-07-10,CLI01831,PRD004,V001,2,1622.19,0.08,Loja Física,Concluída
PED003918,2025-09-25,CLI02442,PRD001,V010,1,4153.05,0.05,E-commerce,Concluída
PED003919,2025-02-05,CLI01611,PRD008,V007,3,2141.29,0.03,Marketplace,Concluída
PED003920,2025-03-20,CLI01209,PRD020,V010,1,642.35,0.15,Loja Física,Concluída
PED003921,2025-12-12,CLI01252,PRD003,V009,2,1046.69,0.03,E-commerce,Concluída
PED003922,2025-11-10,CLI01270,PRD002,V009,3,3064.78,0.03,Marketplace,Concluída
PED003923,2025-08-28,CLI01529,PRD001,V003,1,4347.48,0.08,Marketplace,Concluída
PED003924,2025-05-19,CLI00799,PRD014,V003,1,1350.51,0.05,Televendas,Concluída
PED003925,2025-03-14,CLI00492,PRD015,V003,2,1600.96,0.05,Marketplace,Concluída
PED003926,2025-11-07,CLI02001,PRD013,V002,1,1081.96,0.15,Loja Física,Concluída
PED003927,2025-10-14,CLI01849,PRD001,V007,1,4430.94,0.05,Loja Física,Concluída
PED003928,2025-03-30,CLI02326,PRD013,V001,3,1054.8,0.0,Marketplace,Concluída
PED003929,2025-08-04,CLI01758,PRD008,V005,1,2174.48,0.0,Loja Física,Concluída
PED003930,2025-08-14,CLI01068,PRD003,V006,2,1021.92,0.1,Loja Física,Cancelada
PED003931,2025-06-24,CLI02212,PRD005,V006,1,367.53,0.0,Marketplace,Concluída
PED003932,2025-12-05,CLI02283,PRD008,V005,1,2228.1,0.05,E-commerce,Cancelada
PED003933,2025-02-15,CLI01642,PRD006,V003,1,200.03,0.1,E-commerce,Devolvida
PED003934,2025-04-05,CLI00350,PRD020,V002,5,629.56,0.08,E-commerce,Concluída
PED003935,2025-02-04,CLI02248,PRD008,V010,2,2235.39,0.0,Loja Física,Concluída
PED003936,2025-09-10,CLI01688,PRD006,V005,1,198.02,0.08,Loja Física,Concluída
PED003937,2025-08-24,CLI00638,PRD012,V006,1,5418.46,0.03,Televendas,Concluída
PED003938,2025-12-27,CLI00769,PRD011,V006,2,2899.91,0.1,Loja Física,Concluída
PED003939,2025-07-17,CLI00299,PRD001,V004,2,4082.07,0.05,E-commerce,Concluída
PED003940,2025-02-24,CLI00265,PRD011,V008,1,2998.08,0.05,Loja Física,Concluída
PED003941,2025-06-14,CLI00960,PRD005,V004,1,359.48,0.0,Loja Física,Concluída
PED003942,2025-02-02,CLI01543,PRD007,V005,2,333.9,0.0,Loja Física,Concluída
PED003943,2025-09-02,CLI01522,PRD013,V009,2,1135.16,0.03,Loja Física,Concluída
PED003944,2025-09-04,CLI01359,PRD009,V004,3,2806.26,0.08,E-commerce,Concluída
PED003945,2025-11-10,CLI01493,PRD006,V007,2,194.29,0.05,Loja Física,Concluída
PED003946,2025-05-05,CLI01419,PRD003,V007,2,1010.84,0.1,E-commerce,Concluída
PED003947,2025-04-24,CLI01562,PRD008,V001,2,2331.02,0.0,E-commerce,Concluída
PED003948,2025-01-27,CLI01844,PRD006,V007,2,203.89,0.03,E-commerce,Concluída
PED003949,2025-06-01,CLI02169,PRD019,V009,2,1127.31,0.05,Loja Física,Concluída
PED003950,2025-06-23,CLI01190,PRD009,V003,1,2957.52,0.05,Loja Física,Concluída
PED003951,2025-10-03,CLI01553,PRD018,V010,5,954.92,0.05,Loja Física,Devolvida
PED003952,2025-10-03,CLI00953,PRD007,V001,1,356.28,0.03,Loja Física,Concluída
PED003953,2025-02-21,CLI02099,PRD017,V002,2,849.49,0.0,E-commerce,Concluída
PED003954,2025-04-15,CLI01854,PRD001,V010,2,4198.42,0.05,E-commerce,Concluída
PED003955,2025-07-06,CLI00427,PRD006,V009,4,194.73,0.1,Loja Física,Concluída
PED003956,2025-05-03,CLI01809,PRD002,V008,1,3018.05,0.08,Loja Física,Concluída
PED003957,2025-01-10,CLI00320,PRD001,V007,4,4296.43,0.08,E-commerce,Concluída
PED003958,2025-11-05,CLI01318,PRD019,V003,1,1094.94,0.05,Loja Física,Concluída
PED003959,2025-09-24,CLI02183,PRD013,V005,1,1099.99,0.08,E-commerce,Concluída
PED003960,2025-07-09,CLI01550,PRD011,V006,4,2966.61,0.08,Televendas,Cancelada
PED003961,2025-04-26,CLI00140,PRD009,V001,1,2909.63,0.0,Marketplace,Concluída
PED003962,2025-11-04,CLI01272,PRD010,V006,2,1637.28,0.03,E-commerce,Concluída
PED003963,2025-01-13,CLI02020,PRD011,V001,2,2883.08,0.1,E-commerce,Concluída
PED003964,2025-06-12,CLI01566,PRD017,V002,5,822.28,0.1,Televendas,Concluída
PED003965,2025-10-20,CLI02199,PRD010,V002,3,1641.06,0.08,Marketplace,Concluída
PED003966,2025-12-14,CLI00999,PRD014,V002,1,1324.21,0.03,E-commerce,Concluída
PED003967,2025-04-02,CLI01248,PRD005,V001,3,359.48,0.08,E-commerce,Devolvida
PED003968,2025-08-26,CLI02035,PRD020,V010,1,612.7,0.0,Marketplace,Cancelada
PED003969,2025-03-11,CLI01572,PRD001,V009,2,4201.06,0.0,Loja Física,Concluída
PED003970,2025-02-12,CLI01768,PRD007,V006,3,346.34,0.05,E-commerce,Concluída
PED003971,2025-05-09,CLI00637,PRD018,V004,2,929.76,0.05,E-commerce,Concluída
PED003972,2025-11-20,CLI01783,PRD003,V002,2,1030.82,0.03,E-commerce,Concluída
PED003973,2025-09-09,CLI00993,PRD003,V010,3,1014.23,0.05,Loja Física,Concluída
PED003974,2025-06-28,CLI02453,PRD006,V008,2,192.43,0.08,Marketplace,Concluída
PED003975,2025-04-14,CLI01097,PRD008,V008,4,2273.26,0.0,Loja Física,Concluída
PED003976,2025-02-21,CLI01262,PRD020,V005,1,646.61,0.0,E-commerce,Concluída
PED003977,2025-04-09,CLI00030,PRD017,V001,1,865.32,0.05,Televendas,Concluída
PED003978,2025-02-25,CLI02377,PRD008,V007,3,2205.92,0.1,Loja Física,Concluída
PED003979,2025-03-10,CLI00396,PRD020,V005,1,631.86,0.1,E-commerce,Concluída
PED003980,2025-09-08,CLI00991,PRD011,V003,2,3018.93,0.0,E-commerce,Concluída
PED003981,2025-02-18,CLI00883,PRD018,V004,3,963.96,0.05,E-commerce,Concluída
PED003982,2025-01-18,CLI02275,PRD005,V001,2,363.85,0.08,Loja Física,Concluída
PED003983,2025-07-17,CLI01619,PRD008,V009,1,2240.23,0.0,Marketplace,Concluída
PED003984,2025-04-15,CLI01415,PRD001,V002,1,4416.53,0.05,E-commerce,Concluída
PED003985,2025-06-15,CLI01715,PRD001,V009,1,4095.13,0.03,Loja Física,Concluída
PED003986,2025-02-21,CLI01426,PRD013,V010,1,1116.67,0.05,E-commerce,Concluída
PED003987,2025-03-18,CLI01014,PRD002,V001,1,2959.59,0.0,E-commerce,Concluída
PED003988,2025-06-10,CLI02187,PRD009,V007,3,2773.36,0.03,E-commerce,Concluída
PED003989,2025-09-09,CLI01336,PRD013,V001,1,1056.6,0.03,Televendas,Cancelada
PED003990,2025-06-01,CLI02387,PRD001,V009,3,4338.05,0.03,E-commerce,Concluída
PED003991,2025-07-17,CLI00160,PRD008,V006,6,2262.16,0.0,Loja Física,Concluída
PED003992,2025-07-10,CLI00499,PRD012,V001,1,5529.85,0.03,E-commerce,Concluída
PED003993,2025-04-09,CLI01163,PRD018,V008,6,940.5,0.05,E-commerce,Concluída
PED003994,2025-04-13,CLI00325,PRD006,V008,1,201.12,0.0,E-commerce,Concluída
PED003995,2025-06-05,CLI00594,PRD020,V010,2,637.68,0.03,Loja Física,Concluída
PED003996,2025-01-12,CLI01943,PRD017,V005,6,841.4,0.0,Loja Física,Concluída
PED003997,2025-09-08,CLI00779,PRD011,V010,3,2919.86,0.15,Marketplace,Concluída
PED003998,2025-08-13,CLI00896,PRD007,V007,1,347.65,0.0,Loja Física,Concluída
PED003999,2025-04-22,CLI00291,PRD013,V006,1,1084.51,0.05,Loja Física,Concluída
PED004000,2025-05-17,CLI00346,PRD016,V004,1,2314.75,0.03,Televendas,Concluída
PED004001,2025-04-30,CLI02215,PRD006,V003,5,195.24,0.0,E-commerce,Concluída
PED004002,2025-08-26,CLI00578,PRD020,V007,1,665.84,0.1,Loja Física,Concluída
PED004003,2025-10-05,CLI00135,PRD019,V008,2,1119.71,0.05,Loja Física,Concluída
PED004004,2025-02-09,CLI00872,PRD008,V001,1,2289.17,0.05,E-commerce,Concluída
PED004005,2025-05-31,CLI00975,PRD013,V005,1,1089.46,0.0,E-commerce,Concluída
PED004006,2025-01-06,CLI01933,PRD009,V001,1,3028.32,0.0,Loja Física,Concluída
PED004007,2025-06-15,CLI00752,PRD014,V004,1,1357.79,0.0,Marketplace,Concluída
PED004008,2025-04-01,CLI00185,PRD017,V008,2,857.51,0.03,Loja Física,Concluída
PED004009,2025-05-03,CLI02441,PRD001,V007,1,4344.77,0.1,Loja Física,Concluída
PED004010,2025-06-16,CLI01267,PRD002,V002,2,3020.36,0.03,E-commerce,Concluída
PED004011,2025-04-29,CLI00947,PRD006,V008,2,181.85,0.03,Marketplace,Concluída
PED004012,2025-05-24,CLI00044,PRD019,V001,1,1118.96,0.0,E-commerce,Concluída
PED004013,2025-10-07,CLI00610,PRD007,V001,3,331.11,0.03,Loja Física,Cancelada
PED004014,2025-10-23,CLI01747,PRD018,V010,2,952.0,0.0,E-commerce,Concluída
PED004015,2025-01-03,CLI02115,PRD008,V001,2,2189.01,0.03,Loja Física,Concluída
PED004016,2025-05-18,CLI02409,PRD005,V003,1,353.91,0.15,Loja Física,Concluída
PED004017,2025-11-06,CLI01616,PRD019,V002,1,1081.65,0.05,E-commerce,Concluída
PED004018,2025-07-13,CLI00893,PRD009,V006,3,2926.39,0.0,E-commerce,Concluída
PED004019,2025-03-16,CLI00926,PRD006,V006,4,203.17,0.0,Marketplace,Concluída
PED004020,2025-08-05,CLI02308,PRD001,V009,1,4578.74,0.05,Televendas,Concluída
PED004021,2025-02-22,CLI00921,PRD002,V010,1,3001.31,0.0,E-commerce,Cancelada
PED004022,2025-01-08,CLI02212,PRD003,V008,1,1030.07,0.1,Marketplace,Concluída
PED004023,2025-08-19,CLI02147,PRD006,V005,2,200.67,0.05,Loja Física,Concluída
PED004024,2025-07-08,CLI00871,PRD010,V001,1,1609.56,0.05,Marketplace,Cancelada
PED004025,2025-10-04,CLI01214,PRD006,V010,6,192.08,0.08,Loja Física,Concluída
PED004026,2025-05-06,CLI00521,PRD001,V006,1,4326.74,0.0,E-commerce,Concluída
PED004027,2025-11-08,CLI01650,PRD005,V003,6,360.24,0.0,Loja Física,Concluída
PED004028,2025-06-03,CLI00826,PRD007,V006,1,324.31,0.05,E-commerce,Concluída
PED004029,2025-09-27,CLI00528,PRD020,V004,1,663.39,0.0,E-commerce,Concluída
PED004030,2025-02-06,CLI02289,PRD007,V004,1,344.03,0.0,Loja Física,Concluída
PED004031,2025-02-05,CLI01423,PRD002,V005,1,3053.4,0.1,Marketplace,Concluída
PED004032,2025-10-13,CLI01064,PRD010,V008,6,1580.11,0.08,Televendas,Concluída
PED004033,2025-11-01,CLI00343,PRD019,V002,2,1072.79,0.0,E-commerce,Concluída
PED004034,2025-12-10,CLI01246,PRD015,V010,1,1542.0,0.1,Loja Física,Concluída
PED004035,2025-04-29,CLI00142,PRD017,V001,6,849.33,0.0,Marketplace,Concluída
PED004036,2025-01-09,CLI00366,PRD020,V002,1,645.61,0.08,Loja Física,Concluída
PED004037,2025-12-24,CLI00265,PRD011,V007,1,3000.31,0.03,Loja Física,Concluída
PED004038,2025-08-08,CLI00571,PRD020,V002,1,647.75,0.05,Loja Física,Concluída
PED004039,2025-04-01,CLI02414,PRD001,V008,2,4285.89,0.05,E-commerce,Concluída
PED004040,2025-10-06,CLI02316,PRD017,V008,4,900.35,0.0,Loja Física,Concluída
PED004041,2025-11-26,CLI01291,PRD017,V005,1,847.99,0.1,E-commerce,Concluída
PED004042,2025-04-14,CLI02286,PRD019,V005,3,1066.2,0.0,E-commerce,Concluída
PED004043,2025-10-08,CLI01123,PRD008,V010,1,2161.51,0.1,Marketplace,Concluída
PED004044,2025-10-15,CLI00741,PRD015,V008,1,1573.65,0.0,Marketplace,Concluída
PED004045,2025-07-03,CLI01675,PRD003,V007,2,1053.63,0.0,Marketplace,Concluída
PED004046,2025-08-19,CLI01751,PRD010,V002,3,1597.81,0.0,Loja Física,Concluída
PED004047,2025-04-09,CLI01017,PRD006,V006,2,199.91,0.03,Marketplace,Concluída
PED004048,2025-12-06,CLI01717,PRD010,V001,1,1648.12,0.05,E-commerce,Concluída
PED004049,2025-12-25,CLI01502,PRD012,V003,1,5266.1,0.05,Loja Física,Concluída
PED004050,2025-12-25,CLI01055,PRD006,V007,3,199.91,0.08,E-commerce,Concluída
PED004051,2025-09-27,CLI02189,PRD004,V005,2,1594.75,0.05,E-commerce,Concluída
PED004052,2025-01-16,CLI01785,PRD006,V010,1,191.29,0.05,E-commerce,Concluída
PED004053,2025-05-14,CLI00239,PRD012,V010,1,5642.22,0.03,Marketplace,Concluída
PED004054,2025-06-12,CLI02239,PRD012,V001,3,5639.6,0.05,E-commerce,Concluída
PED004055,2025-12-17,CLI02380,PRD014,V009,1,1303.72,0.1,Loja Física,Concluída
PED004056,2025-07-19,CLI01937,PRD002,V009,2,3015.62,0.03,Marketplace,Concluída
PED004057,2025-07-15,CLI01173,PRD016,V002,2,2358.49,0.03,Marketplace,Concluída
PED004058,2025-02-23,CLI01377,PRD012,V004,1,5501.04,0.03,E-commerce,Concluída
PED004059,2025-10-17,CLI00360,PRD001,V010,2,4310.54,0.0,E-commerce,Concluída
PED004060,2025-05-03,CLI01589,PRD006,V001,2,196.1,0.05,Marketplace,Concluída
PED004061,2025-02-03,CLI01010,PRD008,V001,2,2321.64,0.0,Loja Física,Devolvida
PED004062,2025-12-27,CLI02095,PRD006,V006,4,198.84,0.08,E-commerce,Concluída
PED004063,2025-03-11,CLI01218,PRD002,V010,2,2849.38,0.0,Televendas,Concluída
PED004064,2025-01-06,CLI01875,PRD004,V003,1,1519.36,0.0,Marketplace,Devolvida
PED004065,2025-01-29,CLI01464,PRD001,V008,1,4164.09,0.0,Loja Física,Concluída
PED004066,2025-06-15,CLI02348,PRD002,V007,2,2892.01,0.03,Televendas,Concluída
PED004067,2025-02-07,CLI02107,PRD005,V002,1,353.74,0.08,Loja Física,Concluída
PED004068,2025-11-04,CLI02100,PRD016,V003,3,2320.01,0.1,E-commerce,Concluída
PED004069,2025-07-07,CLI00682,PRD009,V007,1,2858.05,0.03,E-commerce,Devolvida
PED004070,2025-04-29,CLI00144,PRD007,V005,1,341.69,0.0,Loja Física,Concluída
PED004071,2025-01-02,CLI01305,PRD012,V003,1,5503.7,0.08,Loja Física,Concluída
PED004072,2025-06-25,CLI01792,PRD009,V003,4,2944.59,0.05,E-commerce,Concluída
PED004073,2025-02-25,CLI01846,PRD002,V006,2,2868.17,0.05,Loja Física,Concluída
PED004074,2025-12-23,CLI00335,PRD004,V009,2,1618.79,0.03,E-commerce,Concluída
PED004075,2025-04-17,CLI02175,PRD004,V005,1,1618.6,0.05,Marketplace,Concluída
PED004076,2025-06-23,CLI02085,PRD010,V010,4,1592.76,0.0,E-commerce,Concluída
PED004077,2025-01-07,CLI02335,PRD008,V007,4,2298.69,0.0,Marketplace,Concluída
PED004078,2025-02-17,CLI00251,PRD007,V005,1,345.17,0.1,Televendas,Concluída
PED004079,2025-03-17,CLI01347,PRD009,V008,3,2859.64,0.0,Televendas,Concluída
PED004080,2025-01-19,CLI00720,PRD020,V005,4,607.1,0.03,E-commerce,Concluída
PED004081,2025-09-22,CLI01780,PRD006,V008,1,201.57,0.0,Loja Física,Concluída
PED004082,2025-12-12,CLI00787,PRD009,V010,1,2878.96,0.0,E-commerce,Concluída
PED004083,2025-12-26,CLI02433,PRD008,V008,2,2291.31,0.1,Televendas,Concluída
PED004084,2025-04-08,CLI02333,PRD013,V002,1,993.42,0.0,Marketplace,Concluída
PED004085,2025-10-15,CLI02228,PRD013,V001,3,1071.01,0.05,,Concluída
PED004086,2025-07-03,CLI02471,PRD013,V009,2,1046.53,0.08,Marketplace,Concluída
PED004087,2025-01-17,CLI01356,PRD004,V009,1,1657.3,0.0,E-commerce,Concluída
PED004088,2025-02-03,CLI01347,PRD008,V006,1,2205.75,0.0,E-commerce,Concluída
PED004089,2025-07-19,CLI01185,PRD016,V003,2,2433.35,0.03,Loja Física,Concluída
PED004090,2025-06-04,CLI01306,PRD007,V009,1,350.13,0.0,E-commerce,Concluída
PED004091,2025-01-04,CLI01482,PRD020,V005,1,649.73,0.0,E-commerce,Concluída
PED004092,2025-12-06,CLI01351,PRD006,V003,1,202.42,0.05,Loja Física,Cancelada
PED004093,2025-09-24,CLI00591,PRD008,V004,3,2214.86,0.0,Loja Física,Concluída
PED004094,2025-07-03,CLI01601,PRD008,V003,1,2225.02,0.05,E-commerce,Concluída
PED004095,2025-12-27,CLI00843,PRD008,V003,1,2320.73,0.1,E-commerce,Concluída
PED004096,2025-12-21,CLI00173,PRD017,V004,3,833.6,0.0,Marketplace,Concluída
PED004097,2025-12-22,CLI02475,PRD003,V007,1,1001.41,0.0,Televendas,Concluída
PED004098,2025-04-05,CLI00742,PRD009,V001,2,2839.75,0.0,E-commerce,Concluída
PED004099,2025-11-18,CLI01392,PRD011,V004,1,2871.71,0.0,E-commerce,Concluída
PED004100,2025-07-04,CLI01530,PRD017,V002,3,893.47,0.03,Loja Física,Concluída
PED004101,2025-09-23,CLI00455,PRD010,V007,1,1676.56,0.05,E-commerce,Concluída
PED004102,2025-11-10,CLI00587,PRD020,V010,1,636.85,0.0,Marketplace,Concluída
PED004103,2025-03-01,CLI01182,PRD018,V008,1,945.13,0.03,E-commerce,Concluída
PED004104,2025-06-13,CLI01524,PRD006,V003,5,198.5,0.0,Loja Física,Concluída
PED004105,2025-02-17,CLI02471,PRD017,V006,3,879.0,0.05,E-commerce,Concluída
PED004106,2025-04-13,CLI02252,PRD020,V001,1,650.85,0.03,Marketplace,Concluída
PED004107,2025-05-31,CLI02468,PRD005,V005,1,351.98,0.08,Loja Física,Concluída
PED004108,2025-11-09,CLI01922,PRD010,V003,1,1585.61,0.05,Televendas,Concluída
PED004109,2025-11-11,CLI01878,PRD005,V006,1,357.14,0.03,Loja Física,Concluída
PED004110,2025-05-23,CLI01335,PRD011,V005,1,2959.66,0.05,E-commerce,Concluída
PED004111,2025-05-01,CLI00936,PRD002,V007,4,2958.45,0.0,E-commerce,Concluída
PED004112,2025-07-13,CLI00698,PRD014,V006,1,1376.05,0.05,Loja Física,Concluída
PED004113,2025-11-29,CLI01806,PRD007,V010,4,346.49,0.03,Loja Física,Concluída
PED004114,2025-12-23,CLI01030,PRD010,V001,1,1654.44,0.05,Loja Física,Cancelada
PED004115,2025-03-24,CLI02368,PRD001,V010,3,4422.23,0.05,Loja Física,Concluída
PED004116,2025-03-10,CLI00215,PRD013,V008,1,1047.73,0.05,E-commerce,Concluída
PED004117,2025-09-15,CLI01341,PRD008,V008,1,2240.17,0.08,Loja Física,Concluída
PED004118,2025-04-21,CLI00363,PRD011,V009,3,2860.1,0.0,Loja Física,Concluída
PED004119,2025-03-14,CLI01027,PRD006,V001,1,198.72,0.05,E-commerce,Concluída
PED004120,2025-01-12,CLI02497,PRD003,V003,4,1009.2,0.0,E-commerce,Concluída
PED004121,2025-05-28,CLI00573,PRD008,V001,3,2273.07,0.0,E-commerce,Concluída
PED004122,2025-05-24,CLI02293,PRD020,V008,6,643.49,0.0,E-commerce,Concluída
PED004123,2025-07-25,CLI02304,PRD004,V004,3,1629.47,0.05,Marketplace,Concluída
PED004124,2025-03-15,CLI01544,PRD012,V004,1,5345.55,0.05,Loja Física,Cancelada
PED004125,2025-09-18,CLI02358,PRD001,V007,1,4416.15,0.08,Marketplace,Concluída
PED004126,2025-09-06,CLI01573,PRD013,V005,2,1056.41,0.05,E-commerce,Concluída
PED004127,2025-06-18,CLI02207,PRD004,V007,1,1566.69,0.08,Televendas,Concluída
PED004128,2025-03-08,CLI00702,PRD008,V010,2,2260.33,0.1,Loja Física,Concluída
PED004129,2025-07-05,CLI00747,PRD006,V004,1,202.71,0.0,Televendas,Concluída
PED004130,2025-09-04,CLI00979,PRD002,V009,2,2930.67,0.08,Marketplace,Concluída
PED004131,2025-05-17,CLI02253,PRD006,V006,1,188.08,0.03,Loja Física,Concluída
PED004132,2025-04-07,CLI00513,PRD006,V004,1,192.18,0.0,E-commerce,Concluída
PED004133,2025-07-04,CLI02472,PRD009,V010,5,2835.17,0.15,Loja Física,Concluída
PED004134,2025-05-10,CLI02376,PRD020,V005,3,676.34,0.0,Loja Física,Concluída
PED004135,2025-05-27,CLI01260,PRD008,V002,1,2290.44,0.1,E-commerce,Concluída
PED004136,2025-05-08,CLI02038,PRD019,V003,1,1070.39,0.08,E-commerce,Concluída
PED004137,2025-04-21,CLI00180,PRD008,V009,3,2260.41,0.1,E-commerce,Concluída
PED004138,2025-09-19,CLI00735,PRD002,V006,1,3111.23,0.05,E-commerce,Concluída
PED004139,2025-06-17,CLI00892,PRD004,V006,2,1595.74,0.05,E-commerce,Concluída
PED004140,2025-06-20,CLI00907,PRD007,V007,3,340.03,0.03,Loja Física,Concluída
PED004141,2025-08-27,CLI00314,PRD006,V002,1,194.83,0.03,Loja Física,Cancelada
PED004142,2025-05-12,CLI00028,PRD018,V001,1,986.27,0.1,E-commerce,Concluída
PED004143,2025-02-06,CLI00991,PRD012,V005,1,5438.02,0.03,Loja Física,Concluída
PED004144,2025-11-08,CLI00670,PRD010,V010,1,1680.55,0.05,Marketplace,Concluída
PED004145,2025-01-21,CLI02386,PRD008,V002,2,2328.69,0.15,Marketplace,Concluída
PED004146,2025-07-28,CLI00664,PRD007,V008,1,347.23,0.03,Televendas,Concluída
PED004147,2025-04-08,CLI01997,PRD010,V010,5,1635.46,0.08,E-commerce,Concluída
PED004148,2025-03-20,CLI00385,PRD002,V001,3,2889.0,0.0,Loja Física,Concluída
PED004149,2025-01-16,CLI02436,PRD003,V002,1,1029.94,0.0,Loja Física,Concluída
PED004150,2025-11-25,CLI02289,PRD006,V009,2,193.54,0.05,E-commerce,Concluída
PED004151,2025-06-06,CLI00124,PRD003,V002,1,1015.57,0.03,Televendas,Concluída
PED004152,2025-05-06,CLI00058,PRD012,V008,1,5477.42,0.08,E-commerce,Concluída
PED004153,2025-09-28,CLI02218,PRD001,V008,2,4419.15,0.0,Televendas,Concluída
PED004154,2025-01-15,CLI01402,PRD003,V004,1,1019.61,0.0,Televendas,Concluída
PED004155,2025-07-26,CLI01696,PRD019,V003,1,1053.43,0.1,E-commerce,Devolvida
PED004156,2025-06-30,CLI01044,PRD020,V006,1,630.66,0.05,E-commerce,Concluída
PED004157,2025-07-22,CLI00195,PRD008,V006,1,2364.28,0.05,Loja Física,Concluída
PED004158,2025-02-15,CLI01001,PRD008,V009,2,2299.54,0.0,Marketplace,Concluída
PED004159,2025-12-14,CLI01979,PRD015,V006,6,1532.51,0.1,E-commerce,Concluída
PED004160,2025-03-29,CLI00377,PRD001,V010,2,4507.55,0.1,Loja Física,Concluída
PED004161,2025-09-05,CLI00858,PRD007,V003,6,339.93,0.05,Televendas,Concluída
PED004162,2025-09-30,CLI01983,PRD002,V003,2,3164.15,0.0,Marketplace,Concluída
PED004163,2025-05-06,CLI01417,PRD007,V003,1,344.22,0.15,Televendas,CANCELADA
PED004164,2025-02-17,CLI00811,PRD020,V007,4,655.29,0.1,Loja Física,Concluída
PED004165,2025-04-19,CLI01635,PRD014,V001,1,1370.34,0.05,Marketplace,Concluída
PED004166,2025-10-22,CLI01711,PRD020,V009,1,670.15,0.05,E-commerce,Concluída
PED004167,2025-11-27,CLI01741,PRD014,V008,5,1327.51,0.03,Loja Física,Concluída
PED004168,2025-12-08,CLI00790,PRD010,V010,2,1702.23,0.0,Loja Física,Concluída
PED004169,2025-03-24,CLI02270,PRD014,V010,4,1321.31,0.05,Loja Física,Concluída
PED004170,2025-08-10,CLI02272,PRD011,V001,1,2909.94,0.05,Loja Física,Cancelada
PED004171,2025-02-25,CLI01550,PRD008,V008,3,2268.93,0.05,E-commerce,Concluída
PED004172,2025-09-17,CLI00569,PRD005,V006,1,368.85,0.08,Marketplace,Concluída
PED004173,2025-06-01,CLI00918,PRD009,V008,1,2839.11,0.03,Televendas,Concluída
PED004174,2025-09-18,CLI02081,PRD005,V009,4,375.43,0.1,Loja Física,Concluída
PED004175,2025-09-08,CLI02037,PRD008,V006,1,2343.64,0.0,E-commerce,Concluída
PED004176,2025-12-29,CLI01859,PRD003,V001,2,1036.77,0.15,Loja Física,Concluída
PED004177,2025-06-28,CLI01214,PRD009,V009,4,2793.6,0.0,Loja Física,Concluída
PED004178,2025-05-05,CLI02176,PRD005,V005,4,369.57,0.0,Marketplace,Concluída
PED004179,2025-07-12,CLI00846,PRD005,V005,1,341.66,0.05,Televendas,Concluída
PED004180,2025-03-01,CLI02467,PRD008,V006,1,2310.46,0.0,Televendas,Concluída
PED004181,2025-02-10,CLI02347,PRD003,V010,4,1014.41,0.0,E-commerce,Concluída
PED004182,2025-07-09,CLI01445,PRD020,V006,2,666.44,0.08,Marketplace,Concluída
PED004183,2025-10-29,CLI02477,PRD008,V003,2,2189.83,0.03,E-commerce,Concluída
PED004184,2025-07-14,CLI01825,PRD006,V008,1,193.57,0.08,Marketplace,Concluída
PED004185,2025-10-13,CLI00695,PRD001,V007,1,4414.66,0.0,Loja Física,Concluída
PED004186,2025-03-06,CLI01427,PRD017,V001,5,866.5,0.03,Loja Física,Concluída
PED004187,2025-06-14,CLI00678,PRD011,V006,2,2890.51,0.03,Televendas,Concluída
PED004188,2025-08-12,CLI02236,PRD007,V008,3,339.14,0.05,E-commerce,Concluída
PED004189,2025-05-07,CLI02360,PRD005,V009,1,369.14,0.03,Marketplace,Concluída
PED004190,2025-01-06,CLI01543,PRD014,V003,1,1376.02,0.03,Loja Física,Concluída
PED004191,2025-01-27,CLI00007,PRD020,V006,2,640.47,0.03,Marketplace,Concluída
PED004192,2025-12-05,CLI02116,PRD007,V009,4,336.79,0.0,Televendas,Concluída
PED004193,2025-08-09,CLI00598,PRD002,V006,1,2891.2,0.05,Loja Física,Concluída
PED004194,2025-04-07,CLI00662,PRD002,V005,1,3012.64,0.03,E-commerce,Concluída
PED004195,2025-04-05,CLI00084,PRD001,V002,2,4455.55,0.03,Marketplace,Concluída
PED004196,2025-01-15,CLI00113,PRD014,V001,1,1347.32,0.0,Loja Física,Concluída
PED004197,2025-12-11,CLI02311,PRD020,V007,1,631.21,0.1,E-commerce,Concluída
PED004198,2025-02-09,CLI00248,PRD020,V010,2,675.01,0.0,Loja Física,Concluída
PED004199,2025-10-05,CLI01336,PRD015,V007,1,1487.54,0.1,Loja Física,Concluída
PED004200,2025-03-29,CLI01632,PRD003,V008,2,1058.48,0.0,Loja Física,Concluída
PED004201,2025-05-03,CLI01569,PRD020,V007,1,649.65,0.15,Loja Física,Concluída
PED004202,2025-04-10,CLI02089,PRD006,V004,3,199.14,0.03,Loja Física,Concluída
PED004203,2025-10-28,CLI02066,PRD006,V006,3,192.96,0.05,Televendas,Concluída
PED004204,2025-01-12,CLI00606,PRD012,V003,3,5489.4,0.0,Loja Física,Concluída
PED004205,2025-05-09,CLI01740,PRD001,V003,2,4398.86,0.1,Loja Física,Concluída
PED004206,2025-04-12,CLI01476,PRD017,V006,2,851.83,0.0,Marketplace,Concluída
PED004207,2025-04-10,CLI00543,PRD020,V007,1,617.17,0.08,Marketplace,Concluída
PED004208,2025-03-12,CLI01314,PRD015,V010,1,1637.32,0.0,E-commerce,Concluída
PED004209,2025-11-30,CLI01760,PRD015,V003,1,1595.62,0.05,E-commerce,Concluída
PED004210,2025-05-19,CLI01648,PRD007,V003,2,342.28,0.08,E-commerce,Concluída
PED004211,2025-06-02,CLI01445,PRD001,V002,1,4377.65,0.03,Televendas,Concluída
PED004212,2025-05-21,CLI00577,PRD015,V010,1,1636.19,0.05,Marketplace,Concluída
PED004213,2025-12-24,CLI01993,PRD010,V008,2,1614.14,0.08,Loja Física,Concluída
PED004214,2025-05-04,CLI00556,PRD019,V004,2,1064.52,0.05,E-commerce,Concluída
PED004215,2025-05-05,CLI01092,PRD002,V010,1,3057.28,0.0,Marketplace,Concluída
PED004216,2025-04-30,CLI01949,PRD006,V008,2,199.11,,Marketplace,Concluída
PED004217,2025-04-30,CLI02266,PRD006,V005,2,191.86,0.08,Loja Física,Concluída
PED004218,2025-02-02,CLI00122,PRD012,V004,4,5660.38,0.0,Televendas,Concluída
PED004219,2025-08-09,CLI02157,PRD015,V006,2,1581.68,0.05,Marketplace,Concluída
PED004220,2025-01-10,CLI01735,PRD020,V001,1,631.64,0.0,E-commerce,Concluída
PED004221,2025-03-24,CLI00421,PRD005,V002,3,364.97,0.1,E-commerce,Concluída
PED004222,2025-03-15,CLI00179,PRD008,V010,1,2287.74,0.05,E-commerce,Cancelada
PED004223,2025-04-17,CLI00487,PRD001,V003,1,4357.22,0.03,Marketplace,Concluída
PED004224,2025-10-04,CLI00258,PRD005,V002,1,364.01,0.08,E-commerce,Concluída
PED004225,2025-08-07,CLI00793,PRD007,V009,2,347.33,0.08,Marketplace,Concluída
PED004226,2025-12-28,CLI00608,PRD010,V010,2,1682.27,0.0,Marketplace,Concluída
PED004227,2025-05-09,CLI00288,PRD008,V009,2,2274.5,0.03,Marketplace,Concluída
PED004228,2025-05-12,CLI00854,PRD006,V002,3,195.5,0.03,Loja Física,Concluída
PED004229,2025-01-17,CLI02060,PRD011,V009,2,2954.02,0.03,E-commerce,Concluída
PED004230,2025-07-04,CLI02467,PRD017,V003,1,879.08,0.03,Loja Física,Concluída
PED004231,2025-10-19,CLI02150,PRD004,V001,2,1630.67,0.03,Loja Física,Concluída
PED004232,2025-07-14,CLI01141,PRD006,V010,3,195.22,0.0,E-commerce,Concluída
PED004233,2025-12-07,CLI01628,PRD013,V003,2,1086.94,0.0,E-commerce,Concluída
PED004234,2025-04-25,CLI01073,PRD015,V007,2,1635.48,0.0,Loja Física,Concluída
PED004235,2025-01-13,CLI01435,PRD017,V001,2,869.65,0.0,E-commerce,Concluída
PED004236,2025-10-10,CLI01928,PRD004,V002,2,1611.48,0.05,Loja Física,Concluída
PED004237,2025-01-25,CLI00901,PRD009,V009,1,2944.36,0.0,Televendas,Concluída
PED004238,2025-10-07,CLI00675,PRD019,V006,4,1076.12,0.0,Marketplace,Concluída
PED004239,2025-09-25,CLI02177,PRD007,V010,1,344.79,0.08,Loja Física,Concluída
PED004240,2025-11-05,CLI01493,PRD008,V002,1,2374.79,0.05,Marketplace,Concluída
PED004241,2025-06-24,CLI01292,PRD020,V009,3,656.71,0.1,Loja Física,Concluída
PED004242,2025-11-23,CLI01750,PRD002,V009,3,3114.97,0.15,Loja Física,Concluída
PED004243,2025-03-03,CLI00009,PRD013,V010,2,1083.16,0.05,E-commerce,Concluída
PED004244,2025-06-08,CLI02141,PRD017,V001,2,843.5,0.08,Loja Física,Concluída
PED004245,2025-02-14,CLI02099,PRD003,V002,6,1065.78,0.0,Marketplace,Concluída
PED004246,2025-10-07,CLI00306,PRD013,V006,1,1035.82,0.05,Televendas,Concluída
PED004247,2025-09-18,CLI00710,PRD008,V002,1,2278.64,0.05,Marketplace,Concluída
PED004248,2025-10-22,CLI01638,PRD017,V001,2,875.66,0.05,E-commerce,Concluída
PED004249,2025-10-06,CLI02004,PRD019,V009,2,1106.27,0.0,Loja Física,Cancelada
PED004250,2025-04-23,CLI00012,PRD018,V007,2,918.45,0.1,E-commerce,Concluída
PED004251,2025-01-25,CLI00410,PRD001,V009,5,4219.89,0.03,Loja Física,Concluída
PED004252,2025-12-06,CLI01242,PRD014,V010,1,1338.4,0.08,Televendas,Concluída
PED004253,2025-06-29,CLI00296,PRD019,V002,1,1103.88,0.15,Loja Física,Concluída
PED004254,2025-02-04,CLI00902,PRD011,V009,1,2974.21,0.1,Loja Física,Concluída
PED004255,2025-12-05,CLI01297,PRD010,V001,2,1644.43,0.03,Marketplace,Concluída
PED004256,2025-12-29,CLI02037,PRD001,V004,3,4446.55,0.03,E-commerce,Concluída
PED004257,2025-06-12,CLI00555,PRD017,V003,5,862.98,0.05,Televendas,Concluída
PED004258,2025-10-09,CLI01818,PRD001,V003,2,4352.79,0.05,Televendas,Concluída
PED004259,2025-01-14,CLI00670,PRD006,V008,6,199.48,0.03,E-commerce,Concluída
PED004260,2025-02-04,CLI01729,PRD020,V002,1,635.69,0.05,Televendas,Concluída
PED004261,2025-04-11,CLI00493,PRD020,V009,1,656.44,0.1,Televendas,Concluída
PED004262,2025-08-28,CLI00424,PRD020,V009,1,632.47,0.03,Marketplace,Concluída
PED004263,2025-02-18,CLI01946,PRD008,V007,3,2296.06,0.0,Televendas,Concluída
PED004264,2025-01-13,CLI00776,PRD003,V001,1,1047.72,0.05,E-commerce,Concluída
PED004265,2025-09-02,CLI02318,PRD008,V006,1,2251.47,0.05,Loja Física,Concluída
PED004266,2025-10-09,CLI00720,PRD002,V007,1,3041.18,0.1,Marketplace,Concluída
PED004267,2025-09-27,CLI00537,PRD018,V004,1,1006.79,0.08,E-commerce,Concluída
PED004268,2025-10-19,CLI00486,PRD009,V004,2,2789.74,0.03,Televendas,Concluída
PED004269,2025-10-21,CLI00912,PRD007,V005,4,350.14,0.05,E-commerce,Concluída
PED004270,2025-08-08,CLI01054,PRD002,V010,1,3074.97,0.1,E-commerce,Concluída
PED004271,2025-07-09,CLI00518,PRD007,V001,2,340.21,0.03,Marketplace,Concluída
PED004272,2025-11-09,CLI01063,PRD018,V006,1,988.81,0.0,E-commerce,Devolvida
PED004273,2025-05-08,CLI01713,PRD013,V004,1,1078.52,0.05,Loja Física,Concluída
PED004274,2025-02-05,CLI00875,PRD002,V006,1,3087.68,0.0,Marketplace,Concluída
PED004275,2025-10-02,CLI00011,PRD003,V001,2,964.82,0.1,Loja Física,Concluída
PED004276,2025-04-11,CLI01986,PRD007,V010,2,354.33,0.0,Marketplace,Concluída
PED004277,2025-12-24,CLI00064,PRD002,V005,2,2910.42,0.03,Televendas,Concluída
PED004278,2025-06-01,CLI01727,PRD020,V010,3,647.6,0.1,E-commerce,Devolvida
PED004279,2025-11-07,CLI00551,PRD011,V002,1,2876.72,0.0,E-commerce,Concluída
PED004280,2025-01-16,CLI01988,PRD002,V006,3,3105.66,0.0,Loja Física,Concluída
PED004281,2025-08-29,CLI01275,PRD015,V007,2,1561.11,0.0,Marketplace,Concluída
PED004282,2025-06-13,CLI02021,PRD006,V008,1,194.16,0.15,E-commerce,Concluída
PED004283,2025-06-18,CLI00891,PRD005,V001,1,370.65,0.15,Loja Física,Concluída
PED004284,2025-04-07,CLI00552,PRD010,V007,1,1674.78,0.03,Marketplace,Devolvida
PED004285,2025-12-21,CLI00188,PRD001,V002,1,4330.41,0.08,E-commerce,Concluída
PED004286,2025-05-24,CLI02366,PRD008,V005,1,2212.21,0.08,Marketplace,Concluída
PED004287,2025-11-07,CLI02161,PRD017,V001,1,829.62,0.0,E-commerce,Concluída
PED004288,2025-06-05,CLI01627,PRD020,V001,4,666.75,0.0,Televendas,Devolvida
PED004289,2025-01-18,CLI02129,PRD006,V008,4,198.89,0.1,E-commerce,Concluída
PED004290,2025-11-17,CLI01996,PRD011,V008,2,2949.2,0.0,E-commerce,Concluída
PED004291,2025-03-09,CLI00120,PRD004,V009,3,1625.15,0.05,Loja Física,Concluída
PED004292,2025-04-09,CLI02321,PRD009,V008,6,2723.28,0.0,Marketplace,Concluída
PED004293,2025-11-11,CLI02414,PRD005,V006,1,357.62,0.05,E-commerce,Concluída
PED004294,2025-11-23,CLI02039,PRD010,V002,2,1632.43,0.0,Marketplace,Concluída
PED004295,2025-12-01,CLI01619,PRD003,V008,2,1061.15,0.0,Marketplace,Concluída
PED004296,2025-06-05,CLI01400,PRD020,V003,4,622.42,0.0,Marketplace,Concluída
PED004297,2025-10-04,CLI01012,PRD018,V002,3,994.94,0.15,E-commerce,Concluída
PED004298,2025-04-30,CLI01200,PRD006,V008,1,205.66,0.0,Marketplace,Concluída
PED004299,2025-09-28,CLI00576,PRD015,V006,3,1502.62,0.03,Marketplace,Concluída
PED004300,2025-07-03,CLI01370,PRD002,V002,1,2994.91,0.03,Marketplace,Concluída
PED004301,2025-01-19,CLI00810,PRD014,V006,1,1359.0,0.03,Televendas,Concluída
PED004302,2025-06-02,CLI02187,PRD005,V007,2,368.42,0.08,Loja Física,Cancelada
PED004303,2025-06-20,CLI00127,PRD002,V005,2,2831.66,0.03,E-commerce,Devolvida
PED004304,2025-04-04,CLI00166,PRD012,V008,1,5556.91,0.05,Loja Física,Cancelada
PED004305,2025-05-17,CLI02141,PRD008,V006,1,2256.02,0.05,Marketplace,Concluída
PED004306,2025-07-03,CLI00968,PRD009,V004,3,2842.47,0.1,E-commerce,Concluída
PED004307,2025-01-19,CLI01401,PRD009,V003,1,3010.82,0.08,Marketplace,Concluída
PED004308,2025-02-25,CLI00711,PRD001,V003,3,4343.3,0.0,Loja Física,Concluída
PED004309,2025-10-07,CLI00560,PRD001,V009,2,4415.94,0.08,E-commerce,Concluída
PED004310,2025-05-09,CLI01117,PRD010,V004,2,1639.73,0.08,Loja Física,Concluída
PED004311,2025-08-11,CLI00323,PRD011,V008,1,2954.18,0.1,E-commerce,Concluída
PED004312,2025-07-26,CLI01506,PRD001,V004,5,4427.16,0.15,E-commerce,Concluída
PED004313,2025-07-21,CLI00333,PRD007,V006,4,349.62,0.08,Marketplace,Concluída
PED004314,2025-05-31,CLI01932,PRD010,V007,1,1612.73,0.03,E-commerce,Concluída
PED004315,2025-06-26,CLI00996,PRD011,V005,2,2947.67,0.0,Marketplace,Concluída
PED004316,2025-10-28,CLI00022,PRD017,V008,3,857.67,0.1,Loja Física,Concluída
PED004317,2025-12-19,CLI01155,PRD007,V010,1,327.89,0.1,E-commerce,Concluída
PED004318,2025-04-04,CLI01079,PRD009,V009,2,2794.49,0.0,E-commerce,Concluída
PED004319,2025-09-02,CLI00145,PRD010,V010,4,1681.31,0.35,Loja Física,Concluída
PED004320,2025-12-20,CLI00726,PRD006,V001,2,194.56,0.0,Marketplace,Concluída
PED004321,2025-01-03,CLI00719,PRD001,V008,4,4651.98,0.0,Televendas,Concluída
PED004322,2025-10-14,CLI01841,PRD001,V008,1,4471.97,0.03,Loja Física,Concluída
PED004323,2025-07-01,CLI01922,PRD017,V005,4,863.3,0.03,Loja Física,Concluída
PED004324,2025-12-20,CLI00687,PRD004,V004,6,1666.01,0.08,Marketplace,Concluída
PED004325,2025-07-31,CLI02331,PRD011,V001,1,2993.2,0.0,Televendas,Concluída
PED004326,2025-11-02,CLI00586,PRD010,V009,2,1652.25,0.05,E-commerce,Concluída
PED004327,2025-03-02,CLI01318,PRD007,V009,2,329.89,0.05,Marketplace,Concluída
PED004328,2025-02-21,CLI00433,PRD017,V001,4,867.86,0.08,Loja Física,Concluída
PED004329,2025-12-05,CLI00385,PRD013,V006,1,1123.33,0.0,Loja Física,Concluída
PED004330,2025-07-12,CLI01258,PRD001,V006,1,4302.11,0.03,Loja Física,Concluída
PED004331,2025-07-23,CLI00615,PRD015,V002,3,1498.42,0.05,E-commerce,Concluída
PED004332,2025-03-04,CLI00131,PRD008,V006,1,2207.78,0.08,E-commerce,Concluída
PED004333,2025-03-24,CLI02452,PRD006,V009,2,205.49,0.03,E-commerce,Concluída
PED004334,2025-10-26,CLI01745,PRD013,V004,2,1087.61,0.03,Loja Física,Concluída
PED004335,2025-04-21,CLI01694,PRD012,V008,6,5711.5,0.15,Loja Física,Concluída
PED004336,2025-08-02,CLI02211,PRD006,V010,1,196.92,0.03,E-commerce,Concluída
PED004337,2025-04-26,CLI01824,PRD020,V005,5,638.13,0.0,E-commerce,Concluída
PED004338,2025-04-07,CLI00490,PRD011,V002,2,3093.17,0.15,E-commerce,Devolvida
PED004339,2025-03-02,CLI02248,PRD010,V003,4,1629.4,0.08,Marketplace,Concluída
PED004340,2025-12-06,CLI01238,PRD001,V002,1,4339.64,0.0,E-commerce,Concluída
PED004341,2025-12-10,CLI02140,PRD005,V004,2,364.7,0.1,Marketplace,Concluída
PED004342,2025-02-12,CLI02201,PRD008,V007,3,2251.97,0.0,Marketplace,Concluída
PED004343,2025-05-09,CLI00020,PRD011,V003,3,2993.6,0.08,E-commerce,Concluída
PED004344,2025-07-25,CLI02132,PRD009,V006,1,2894.65,0.05,Marketplace,Concluída
PED004345,2025-05-20,CLI00200,PRD014,V010,2,1358.53,0.05,E-commerce,Concluída
PED004346,2025-09-21,CLI01955,PRD005,V003,1,354.99,0.1,E-commerce,Concluída
PED004347,2025-04-05,CLI01665,PRD013,V009,1,1040.32,0.08,Marketplace,Concluída
PED004348,2025-01-22,CLI00467,PRD016,V004,2,2297.75,0.0,Televendas,Concluída
PED004349,2025-05-03,CLI02326,PRD014,V007,5,1317.27,0.08,Loja Física,Concluída
PED004350,2025-08-07,CLI01093,PRD014,V002,2,1352.06,0.08,Loja Física,Concluída
PED004351,2025-03-07,CLI00928,PRD018,V003,1,949.65,0.05,Marketplace,Concluída
PED004352,2025-10-25,CLI02459,PRD002,V009,1,2883.99,0.0,E-commerce,Concluída
PED004353,2025-01-05,CLI01390,PRD013,V006,1,1054.32,0.0,Marketplace,Concluída
PED004354,2025-01-25,CLI00606,PRD020,V006,1,652.41,0.15,E-commerce,Concluída
PED004355,2025-07-05,CLI02156,PRD010,V006,3,1672.94,0.03,Televendas,Concluída
PED004356,2025-07-06,CLI00334,PRD004,V003,1,1585.06,0.05,Loja Física,Concluída
PED004357,2025-04-18,CLI01503,PRD020,V010,1,639.69,0.05,Televendas,Concluída
PED004358,2025-04-05,CLI01033,PRD003,V004,3,1051.64,0.0,Marketplace,Concluída
PED004359,2025-01-26,CLI02082,PRD006,V001,1,197.64,0.0,Televendas,Concluída
PED004360,2025-08-30,CLI00378,PRD003,V010,1,1066.45,0.0,Loja Física,Concluída
PED004361,2025-05-19,CLI01466,PRD008,V001,2,2259.48,0.0,E-commerce,Concluída
PED004362,2025-02-13,CLI01177,PRD007,V009,1,334.87,0.1,Loja Física,Concluída
PED004363,2025-05-26,CLI01226,PRD008,V003,2,2330.03,0.0,Marketplace,Concluída
PED004364,2025-12-09,CLI01548,PRD020,V001,2,641.12,0.0,Loja Física,Concluída
PED004365,2025-04-06,CLI00922,PRD008,V003,2,2223.69,0.05,E-commerce,Concluída
PED004366,2025-11-23,CLI00988,PRD009,V007,1,2926.64,0.1,Loja Física,Concluída
PED004367,2025-04-05,CLI00759,PRD018,V006,1,1004.52,0.0,Marketplace,Concluída
PED004368,2025-03-09,CLI00632,PRD016,V002,2,2357.32,0.0,Marketplace,Concluída
PED004369,2025-04-06,CLI02360,PRD004,V004,1,1565.08,0.08,Loja Física,Concluída
PED004370,2025-04-28,CLI01152,PRD001,V003,1,4534.38,0.05,Marketplace,Concluída
PED004371,2025-02-14,CLI00880,PRD011,V007,1,2964.13,0.05,Loja Física,Concluída
PED004372,2025-08-03,CLI01977,PRD017,V009,1,858.35,0.0,Televendas,Concluída
PED004373,2025-05-02,CLI00326,PRD009,V003,1,2833.83,0.1,Marketplace,Concluída
PED004374,2025-09-20,CLI02045,PRD004,V009,6,1650.74,0.05,Loja Física,Concluída
PED004375,2025-06-29,CLI00008,PRD014,V005,2,1305.04,0.08,E-commerce,Concluída
PED004376,2025-06-11,CLI00016,PRD012,V001,2,5344.57,0.15,E-commerce,Concluída
PED004377,2025-06-21,CLI00661,PRD009,V004,1,2998.33,0.08,Marketplace,Concluída
PED004378,2025-02-27,CLI00113,PRD017,V009,1,835.25,0.0,Televendas,Concluída
PED004379,2025-09-18,CLI01236,PRD015,V009,3,1607.77,0.08,E-commerce,Concluída
PED004380,2025-02-08,CLI02294,PRD012,V008,3,5700.29,0.05,E-commerce,Concluída
PED004381,2025-09-21,CLI00421,PRD012,V004,6,5539.35,0.0,Loja Física,Concluída
PED004382,2025-12-31,CLI00570,PRD012,V008,1,5389.03,0.0,E-commerce,Concluída
PED004383,2025-10-06,CLI00304,PRD009,V008,1,2907.81,0.0,Televendas,Concluída
PED004384,2025-06-16,CLI01016,PRD008,V008,3,2347.35,0.1,Televendas,Concluída
PED004385,2025-04-25,CLI01071,PRD013,V006,1,1094.72,0.08,E-commerce,Cancelada
PED004386,2025-11-15,CLI00282,PRD010,V006,1,1613.99,0.08,Loja Física,Concluída
PED004387,2025-04-04,CLI02356,PRD008,V010,1,2285.78,0.08,E-commerce,Concluída
PED004388,2025-06-26,CLI00837,PRD002,V010,1,2890.03,0.05,E-commerce,Concluída
PED004389,2025-10-09,CLI00558,PRD013,V006,3,1059.01,0.1,Marketplace,Concluída
PED004390,2025-12-03,CLI01904,PRD011,V003,4,2917.48,0.0,E-commerce,Concluída
PED004391,2025-12-03,CLI01654,PRD006,V005,2,197.13,0.0,E-commerce,Concluída
PED004392,2025-02-02,CLI00133,PRD006,V006,1,190.92,0.05,E-commerce,Concluída
PED004393,2025-11-24,CLI02374,PRD005,V007,3,362.8,0.08,E-commerce,Concluída
PED004394,2025-02-11,CLI01121,PRD020,V004,2,654.58,0.08,Marketplace,Concluída
PED004395,2025-08-02,CLI02033,PRD017,V001,3,849.08,0.15,E-commerce,Concluída
PED004396,2025-12-06,CLI01540,PRD009,V009,2,2708.28,0.08,Marketplace,Concluída
PED004397,2025-08-28,CLI01999,PRD007,V010,5,342.87,0.0,Marketplace,Concluída
PED004398,2025-12-12,CLI00717,PRD014,V001,1,1403.14,0.0,Loja Física,Concluída
PED004399,2025-05-06,CLI00538,PRD009,V004,2,2895.5,0.03,Loja Física,Devolvida
PED004400,2025-04-25,CLI02054,PRD020,V005,3,646.4,0.05,Loja Física,Concluída
PED004401,2025-04-30,CLI02094,PRD001,V008,4,4326.17,0.05,Marketplace,Concluída
PED004402,2025-05-10,CLI00010,PRD001,V008,5,4429.83,0.0,E-commerce,Concluída
PED004403,2025-09-07,CLI00247,PRD010,V004,1,1653.25,0.05,E-commerce,Concluída
PED004404,2025-06-15,CLI01068,PRD004,V004,2,1633.78,0.08,Loja Física,Concluída
PED004405,2025-09-27,CLI00799,PRD010,V005,1,1599.6,0.0,Televendas,Concluída
PED004406,2025-06-01,CLI02130,PRD015,V003,2,1574.86,0.05,E-commerce,Concluída
PED004407,2025-04-23,CLI01389,PRD003,V005,1,1023.8,0.0,Loja Física,Devolvida
PED004408,2025-03-11,CLI00292,PRD008,V003,1,2289.49,0.05,E-commerce,Concluída
PED004409,2025-07-21,CLI01164,PRD012,V001,4,5242.38,0.08,E-commerce,Devolvida
PED004410,2025-11-24,CLI00480,PRD017,V008,3,845.28,0.0,Marketplace,Concluída
PED004411,2025-11-10,CLI01783,PRD008,V008,2,2299.18,0.08,Marketplace,Concluída
PED004412,2025-04-03,CLI01638,PRD004,V003,1,1633.63,0.05,Marketplace,Concluída
PED004413,2025-06-24,CLI01453,PRD010,V005,1,1643.43,0.03,E-commerce,Concluída
PED004414,2025-09-15,CLI00787,PRD008,V005,1,2145.9,0.1,Televendas,Concluída
PED004415,2025-08-12,CLI01576,PRD015,V001,1,1595.27,0.08,Loja Física,Concluída
PED004416,2025-01-25,CLI00618,PRD009,V006,4,2976.11,0.05,E-commerce,Concluída
PED004417,2025-08-04,CLI00710,PRD005,V005,2,352.99,0.0,E-commerce,Concluída
PED004418,2025-01-15,CLI01306,PRD014,V010,1,1327.95,0.03,E-commerce,Concluída
PED004419,2025-02-12,CLI00487,PRD009,V004,3,2920.46,0.03,Loja Física,Concluída
PED004420,2025-08-27,CLI01581,PRD003,V008,1,1057.32,0.0,Loja Física,Concluída
PED004421,2025-02-07,CLI02220,PRD009,V004,1,2941.25,0.05,Marketplace,Concluída
PED004422,2025-05-04,CLI01788,PRD020,V002,1,662.54,0.1,E-commerce,Concluída
PED004423,2025-08-03,CLI00497,PRD013,V004,1,1043.85,0.0,Televendas,Concluída
PED004424,2025-08-28,CLI00956,PRD006,V009,2,194.47,0.08,Marketplace,Concluída
PED004425,2025-06-12,CLI01848,PRD013,V003,3,1102.43,0.05,Loja Física,Devolvida
PED004426,2025-02-04,CLI01473,PRD005,V009,2,359.77,0.05,Loja Física,Concluída
PED004427,2025-10-19,CLI01955,PRD009,V007,3,2888.93,0.08,Marketplace,Concluída
PED004428,2025-12-13,CLI02295,PRD009,V008,4,2853.41,0.03,Loja Física,Concluída
PED004429,2025-11-21,CLI01797,PRD005,V008,3,356.62,0.05,Loja Física,Concluída
PED004430,2025-10-01,CLI02377,PRD006,V006,5,195.64,0.0,E-commerce,Concluída
PED004431,2025-05-27,CLI00786,PRD020,V007,4,628.03,0.0,Marketplace,Concluída
PED004432,2025-11-16,CLI01582,PRD005,V001,3,354.03,0.05,E-commerce,Concluída
PED004433,2025-06-28,CLI00972,PRD016,V007,1,2342.64,0.0,Loja Física,Concluída
PED004434,2025-02-19,CLI01345,PRD012,V008,1,5503.68,0.0,Marketplace,Concluída
PED004435,2025-11-07,CLI01384,PRD009,V002,3,2903.36,0.0,Televendas,Concluída
PED004436,2025-04-27,CLI01857,PRD003,V006,3,1028.36,0.0,Marketplace,Concluída
PED004437,2025-12-09,CLI01624,PRD004,V006,3,1672.65,0.03,Loja Física,Concluída
PED004438,2025-05-15,CLI02272,PRD003,V004,2,1067.59,0.0,Marketplace,Concluída
PED004439,2025-11-14,CLI01724,PRD010,V001,3,1624.02,0.0,E-commerce,Concluída
PED004440,2025-07-16,CLI00563,PRD020,V001,2,649.35,0.05,Loja Física,Cancelada
PED004441,2025-06-20,CLI01288,PRD018,V003,2,998.79,0.05,E-commerce,Concluída
PED004442,2025-04-19,CLI00932,PRD001,V003,1,4296.88,0.1,Televendas,Concluída
PED004443,2025-11-02,CLI01359,PRD005,V003,2,353.81,0.1,E-commerce,Concluída
PED004444,2025-01-23,CLI00056,PRD003,V007,1,1069.38,0.1,Loja Física,Concluída
PED004445,2025-06-21,CLI02447,PRD020,V005,1,657.32,0.05,Loja Física,Cancelada
PED004446,2025-05-15,CLI02419,PRD004,V002,2,1648.49,0.0,E-commerce,Concluída
PED004447,2025-07-18,CLI01309,PRD004,V001,1,1618.05,0.0,Marketplace,Concluída
PED004448,2025-04-03,CLI02044,PRD011,V007,4,2917.76,0.1,Loja Física,Concluída
PED004449,2025-08-31,CLI01920,PRD009,V010,2,2766.7,0.15,Loja Física,Concluída
PED004450,2025-05-21,CLI00192,PRD004,V009,2,1610.88,0.05,Televendas,Concluída
PED004451,2025-03-10,CLI00348,PRD012,V008,1,5680.13,0.05,Marketplace,Devolvida
PED004452,2025-03-13,CLI02173,PRD002,V004,3,3086.75,0.0,Televendas,Concluída
PED004453,2025-09-12,CLI00449,PRD001,V008,2,4483.73,0.0,Loja Física,Concluída
PED004454,2025-04-06,CLI01769,PRD002,V001,2,3052.58,0.05,Televendas,Concluída
PED004455,2025-04-23,CLI02419,PRD006,V002,2,207.71,0.0,E-commerce,Concluída
PED004456,2025-08-17,CLI02157,PRD020,V002,2,621.08,0.03,E-commerce,Cancelada
PED004457,2025-05-01,CLI02385,PRD009,V002,2,2879.27,0.08,E-commerce,Concluída
PED004458,2025-05-22,CLI02128,PRD014,V004,3,1310.81,0.08,Televendas,Concluída
PED004459,2025-03-31,CLI00025,PRD006,V001,3,204.47,0.1,Loja Física,Concluída
PED004460,2025-05-07,CLI00619,PRD013,V009,1,1070.43,0.0,Televendas,Concluída
PED004461,2025-09-10,CLI02431,PRD020,V008,4,662.44,0.03,Televendas,Cancelada
PED004462,2025-07-14,CLI00730,PRD006,V007,1,194.62,0.05,Televendas,Concluída
PED004463,2025-12-31,CLI00183,PRD020,V002,1,652.94,0.05,E-commerce,Concluída
PED004464,2025-10-09,CLI00846,PRD011,V009,1,2928.5,0.15,E-commerce,Concluída
PED004465,2025-01-07,CLI00245,PRD014,V001,1,1341.78,0.0,Loja Física,Concluída
PED004466,2025-05-19,CLI01739,PRD005,V010,1,363.56,0.0,E-commerce,Concluída
PED004467,2025-04-16,CLI02143,PRD011,V008,3,3003.97,0.03,Loja Física,Concluída
PED004468,2025-08-03,CLI01650,PRD009,V003,2,2854.92,0.05,E-commerce,Concluída
PED004469,2025-04-07,CLI01737,PRD020,V002,5,660.55,0.03,Marketplace,Concluída
PED004470,2025-12-19,CLI01221,PRD019,V007,1,1119.24,0.03,Televendas,Concluída
PED004471,2025-04-20,CLI01784,PRD007,V009,2,338.41,0.0,E-commerce,Concluída
PED004472,2025-07-10,CLI01361,PRD020,V005,1,676.6,0.03,E-commerce,Concluída
PED004473,2025-02-14,CLI00852,PRD018,V001,2,987.46,0.05,E-commerce,Concluída
PED004474,2025-11-29,CLI01128,PRD010,V005,1,1626.94,0.0,Televendas,Concluída
PED004475,2025-11-29,CLI00142,PRD002,V005,2,3039.61,0.1,Loja Física,Concluída
PED004476,2025-10-17,CLI00813,PRD003,V004,3,1062.63,0.05,E-commerce,Concluída
PED004477,2025-05-09,CLI01541,PRD002,V010,1,3037.79,0.0,Loja Física,Concluída
PED004478,2025-01-22,CLI02036,PRD002,V004,1,3008.77,0.0,Marketplace,Concluída
PED004479,2025-09-17,CLI00593,PRD020,V003,1,590.4,0.0,E-commerce,Concluída
PED004480,2025-06-06,CLI01429,PRD004,V007,1,1566.57,0.0,Televendas,Concluída
PED004481,2025-12-28,CLI01522,PRD013,V007,2,1103.84,0.05,Televendas,Concluída
PED004482,2025-09-12,CLI01915,PRD011,V007,2,2864.0,0.1,Marketplace,Concluída
PED004483,2025-07-16,CLI00566,PRD011,V006,3,2974.19,0.0,E-commerce,Concluída
PED004484,2025-12-27,CLI00398,PRD004,V004,6,1640.9,0.0,Televendas,Concluída
PED004485,2025-10-20,CLI02114,PRD010,V003,1,1640.05,0.1,E-commerce,Concluída
PED004486,2025-06-17,CLI00617,PRD011,V002,4,2806.92,0.05,E-commerce,Concluída
PED004487,2025-01-07,CLI00402,PRD010,V002,3,1614.39,0.03,E-commerce,Concluída
PED004488,2025-02-03,CLI01014,PRD003,V006,1,1053.47,0.03,Marketplace,Concluída
PED004489,2025-06-11,CLI00774,PRD013,V005,3,1119.54,0.0,Loja Física,Concluída
PED004490,2025-07-25,CLI00561,PRD002,V008,2,2837.87,0.0,E-commerce,Concluída
PED004491,2025-01-12,CLI00174,PRD010,V009,2,1648.0,0.15,Televendas,Concluída
PED004492,2025-02-16,CLI01526,PRD008,V006,2,2185.2,0.05,Loja Física,Concluída
PED004493,2025-09-15,CLI00577,PRD005,V002,4,361.37,0.0,Loja Física,Concluída
PED004494,2025-10-02,CLI01786,PRD016,V001,3,2337.36,0.1,Televendas,Concluída
PED004495,2025-01-11,CLI00771,PRD003,V003,3,1096.86,0.03,Marketplace,Concluída
PED004496,2025-07-05,CLI00568,PRD020,V003,1,637.45,0.0,Loja Física,Concluída
PED004497,2025-01-30,CLI02090,PRD018,V001,6,994.82,0.15,E-commerce,Concluída
PED004498,2025-09-22,CLI00033,PRD006,V008,2,201.79,0.05,E-commerce,Cancelada
PED004499,2025-11-01,CLI00222,PRD006,V004,3,195.87,0.08,Loja Física,Cancelada
PED004500,2025-11-14,CLI01517,PRD003,V008,4,1038.82,0.0,Loja Física,Concluída
PED004501,2025-08-07,CLI00131,PRD019,V003,1,1090.94,0.0,Loja Física,Concluída
PED004502,2025-08-18,CLI02453,PRD011,V001,1,2881.87,0.1,E-commerce,Cancelada
PED004503,2025-12-05,CLI01023,PRD001,V002,3,4276.19,0.0,E-commerce,Concluída
PED004504,2025-08-12,CLI00819,PRD009,V005,4,2833.41,0.1,E-commerce,Concluída
PED004505,2025-06-12,CLI00814,PRD002,V005,3,2908.46,0.08,Loja Física,Concluída
PED004506,2025-10-03,CLI01586,PRD010,V005,2,1624.11,0.03,Loja Física,Concluída
PED004507,2025-08-04,CLI00837,PRD008,V010,1,2257.33,0.1,E-commerce,Concluída
PED004508,2025-11-04,CLI00120,PRD002,V007,2,3005.77,0.1,Marketplace,Concluída
PED004509,2025-07-11,CLI00035,PRD016,V008,1,2372.6,0.1,Televendas,Concluída
PED004510,2025-11-14,CLI01423,PRD005,V002,4,358.78,0.03,Loja Física,Concluída
PED004511,2025-01-17,CLI00310,PRD009,V005,2,2807.7,0.05,Loja Física,Concluída
PED004512,2025-01-14,CLI01401,PRD011,V007,1,2967.71,0.03,Marketplace,Concluída
PED004513,2025-02-06,CLI02433,PRD020,V006,2,658.93,0.0,E-commerce,Concluída
PED004514,2025-07-23,CLI01419,PRD008,V010,5,2240.87,0.1,E-commerce,Concluída
PED004515,2025-09-16,CLI01999,PRD019,V005,2,1064.13,0.15,Marketplace,Concluída
PED004516,2025-03-20,CLI01215,PRD006,V004,1,194.63,0.0,E-commerce,Concluída
PED004517,2025-02-26,CLI00461,PRD017,V010,2,849.79,0.05,E-commerce,Concluída
PED004518,2025-11-11,CLI01127,PRD004,V004,2,1651.35,0.1,E-commerce,Concluída
PED004519,2025-10-01,CLI01597,PRD013,V006,1,1104.26,0.05,E-commerce,Concluída
PED004520,2025-08-25,CLI02163,PRD002,V001,3,2993.41,0.0,Loja Física,Concluída
PED004521,2025-06-28,CLI01029,PRD020,V002,1,676.85,0.0,Loja Física,Concluída
PED004522,2025-06-03,CLI00034,PRD020,V001,2,645.59,0.05,E-commerce,Concluída
PED004523,2025-01-08,CLI01375,PRD008,V005,2,2348.6,0.1,Loja Física,Concluída
PED004524,2025-03-10,CLI00937,PRD009,V010,2,2950.14,0.0,Loja Física,Concluída
PED004525,2025-11-24,CLI02091,PRD010,V001,2,1691.99,0.03,E-commerce,Concluída
PED004526,2025-05-04,CLI01042,PRD005,V010,2,363.44,0.08,E-commerce,Concluída
PED004527,2025-09-15,CLI01531,PRD012,V009,1,5526.48,0.08,Loja Física,Concluída
PED004528,2025-09-14,CLI02073,PRD013,V001,1,1085.57,0.1,Marketplace,Concluída
PED004529,2025-04-23,CLI01457,PRD009,V001,3,2923.58,0.08,Loja Física,Concluída
PED004530,2025-03-16,CLI00975,PRD003,V010,4,1015.3,0.05,Marketplace,Concluída
PED004531,2025-09-10,CLI00913,PRD019,V006,1,1083.76,0.1,Televendas,Cancelada
PED004532,2025-02-04,CLI00224,PRD002,V002,1,3118.42,0.05,Loja Física,Concluída
PED004533,2025-06-30,CLI00495,PRD011,V010,5,2982.23,0.05,Loja Física,Concluída
PED004534,2025-11-21,CLI00307,PRD002,V006,1,3065.07,0.0,Loja Física,Concluída
PED004535,2025-09-17,CLI00541,PRD003,V007,6,1004.12,0.03,Marketplace,Concluída
PED004536,2025-10-06,CLI00301,PRD001,V007,3,4319.66,0.0,Televendas,Concluída
PED004537,2025-01-31,CLI01710,PRD006,V003,1,198.47,0.1,E-commerce,Concluída
PED004538,2025-03-14,CLI01510,PRD011,V004,1,2933.43,0.0,Televendas,Concluída
PED004539,2025-04-11,CLI01966,PRD009,V002,6,2775.04,0.03,Marketplace,Concluída
PED004540,2025-04-17,CLI01326,PRD012,V006,1,5615.06,0.15,E-commerce,Concluída
PED004541,2025-03-12,CLI00762,PRD012,V010,2,5658.83,0.08,Televendas,Concluída
PED004542,2025-12-21,CLI00624,PRD003,V007,1,1028.35,0.08,E-commerce,Concluída
PED004543,2025-03-02,CLI00232,PRD001,V007,2,4453.7,0.08,E-commerce,Concluída
PED004544,2025-09-16,CLI00473,PRD011,V002,3,3085.43,0.0,Marketplace,Concluída
PED004545,2025-08-03,CLI01254,PRD011,V006,2,3048.45,0.0,Marketplace,Concluída
PED004546,2025-08-11,CLI02274,PRD009,V010,1,2845.52,0.08,E-commerce,Concluída
PED004547,2025-03-20,CLI00914,PRD005,V001,2,350.6,0.1,E-commerce,Concluída
PED004548,2025-04-23,CLI01465,PRD016,V003,2,2360.07,0.03,Loja Física,Concluída
PED004549,2025-08-10,CLI00660,PRD002,V008,1,3169.31,0.0,Loja Física,Concluída
PED004550,2025-04-20,CLI02109,PRD011,V001,3,3034.7,0.0,E-commerce,Concluída
PED004551,2025-09-11,CLI00188,PRD002,V003,2,2993.2,0.05,E-commerce,Concluída
PED004552,2025-01-15,CLI00662,PRD011,V010,1,3051.16,0.0,Loja Física,Concluída
PED004553,2025-01-27,CLI02474,PRD007,V001,5,351.97,0.0,Loja Física,Concluída
PED004554,2025-09-23,CLI01187,PRD013,V005,2,1033.89,0.03,Loja Física,Concluída
PED004555,2025-08-14,CLI01939,PRD001,V004,1,4482.73,0.05,Marketplace,Concluída
PED004556,2025-01-16,CLI00643,PRD009,V004,1,2871.24,0.05,Marketplace,Concluída
PED004557,2025-11-25,CLI02069,PRD003,V003,1,1013.3,0.03,Loja Física,Concluída
PED004558,2025-01-02,CLI00399,PRD012,V003,1,5522.97,0.03,E-commerce,Concluída
PED004559,2025-12-15,CLI01072,PRD002,V008,1,3024.66,0.0,E-commerce,Concluída
PED004560,2025-09-24,CLI00973,PRD002,V001,3,2934.23,0.05,E-commerce,Concluída
PED004561,2025-12-27,CLI02296,PRD013,V002,2,1082.18,0.0,Marketplace,Concluída
PED004562,2025-12-13,CLI00008,PRD001,V003,1,4330.72,0.1,E-commerce,Concluída
PED004563,2025-04-25,CLI02397,PRD004,V009,2,1637.31,0.0,Loja Física,Concluída
PED004564,2025-10-04,CLI02225,PRD016,V004,3,2328.89,0.08,Marketplace,Concluída
PED004565,2025-03-18,CLI00785,PRD016,V001,2,2246.85,0.03,Loja Física,Concluída
PED004566,2025-06-22,CLI01125,PRD017,V006,6,844.11,0.05,Televendas,Concluída
PED004567,2025-03-29,CLI01864,PRD006,V007,1,192.17,0.05,Televendas,Concluída
PED004568,2025-06-27,CLI00309,PRD009,V005,1,2770.13,0.0,E-commerce,Concluída
PED004569,2025-11-15,CLI00681,PRD015,V001,1,1616.43,0.03,Marketplace,Concluída
PED004570,2025-06-09,CLI01168,PRD003,V009,1,1056.55,0.0,Televendas,Concluída
PED004571,2025-02-03,CLI02021,PRD013,V009,2,1059.19,0.05,Televendas,Concluída
PED004572,2025-04-29,CLI02177,PRD002,V010,1,2898.66,0.1,Loja Física,Concluída
PED004573,2025-10-15,CLI01251,PRD019,V010,2,1088.13,0.05,Loja Física,Concluída
PED004574,2025-07-10,CLI02394,PRD011,V004,4,2839.31,0.08,E-commerce,Concluída
PED004575,2025-07-24,CLI02419,PRD008,V005,3,2254.69,0.0,E-commerce,Devolvida
PED004576,2025-06-07,CLI00005,PRD008,V010,2,2272.42,0.03,E-commerce,Concluída
PED004577,2025-04-17,CLI01448,PRD003,V005,2,1043.62,0.08,Loja Física,Cancelada
PED004578,2025-08-07,CLI02437,PRD006,V009,3,198.5,0.0,E-commerce,Concluída
PED004579,2025-08-20,CLI00662,PRD013,V007,2,1064.24,0.0,Loja Física,Concluída
PED004580,2025-11-24,CLI00810,PRD009,V010,1,2867.79,0.0,E-commerce,Concluída
PED004581,2025-08-14,CLI00785,PRD009,V001,1,2954.39,0.0,Loja Física,Concluída
PED004582,2025-12-30,CLI01768,PRD003,V008,1,981.44,0.15,E-commerce,Concluída
PED004583,2025-10-29,CLI01076,PRD013,V009,2,1094.27,0.0,E-commerce,Concluída
PED004584,2025-01-29,CLI01882,PRD007,V002,2,331.91,0.0,E-commerce,Concluída
PED004585,2025-05-24,CLI00904,PRD003,V008,1,1072.09,0.0,Loja Física,Concluída
PED004586,2025-05-21,CLI02267,PRD020,V002,1,659.35,0.0,E-commerce,Cancelada
PED004587,2025-01-02,CLI00648,PRD008,V010,3,2312.95,0.03,Loja Física,Concluída
PED004588,2025-03-07,CLI01025,PRD009,V010,1,2801.66,0.0,Loja Física,Concluída
PED004589,2025-10-06,CLI02142,PRD020,V001,1,650.41,0.0,E-commerce,Concluída
PED004590,2025-05-09,CLI01916,PRD006,V006,1,198.68,0.0,E-commerce,Concluída
PED004591,2025-02-23,CLI00933,PRD020,V004,1,607.85,0.08,E-commerce,Concluída
PED004592,2025-04-15,CLI01714,PRD013,V009,3,1089.41,0.05,Televendas,Concluída
PED004593,2025-04-11,CLI01142,PRD011,V004,1,2981.49,0.08,Marketplace,Concluída
PED004594,2025-03-05,CLI00814,PRD004,V008,1,1548.64,0.0,Televendas,Cancelada
PED004595,2025-02-06,CLI00732,PRD001,V002,6,4432.55,0.03,E-commerce,Concluída
PED004596,2025-10-06,CLI02066,PRD008,V003,2,2274.07,0.15,E-commerce,Concluída
PED004597,2025-10-28,CLI02025,PRD001,V010,2,4517.62,0.0,Marketplace,Concluída
PED004598,2025-07-01,CLI02230,PRD001,V004,2,4321.73,0.03,E-commerce,Concluída
PED004599,2025-08-13,CLI00992,PRD010,V008,1,1651.98,0.0,E-commerce,Concluída
PED004600,2025-12-02,CLI01418,PRD013,V010,1,1094.69,0.0,E-commerce,Concluída
PED004601,2025-11-04,CLI00232,PRD003,V010,1,963.04,0.05,Loja Física,Cancelada
PED004602,2025-01-12,CLI02048,PRD013,V001,1,1075.81,0.05,Marketplace,Concluída
PED004603,2025-12-14,CLI00428,PRD020,V003,1,647.54,0.03,E-commerce,Concluída
PED004604,2025-01-25,CLI01563,PRD014,V008,2,1263.17,0.03,E-commerce,Cancelada
PED004605,2025-01-10,CLI02173,PRD015,V010,1,1596.56,0.03,E-commerce,Concluída
PED004606,2025-05-28,CLI01973,PRD013,V010,1,1087.76,0.03,E-commerce,Concluída
PED004607,2025-09-30,CLI02043,PRD004,V008,2,1608.61,0.08,E-commerce,Concluída
PED004608,2025-01-30,CLI01546,PRD006,V002,2,200.38,0.08,E-commerce,Concluída
PED004609,2025-04-17,CLI02380,PRD020,V008,2,639.51,0.0,Loja Física,Concluída
PED004610,2025-04-06,CLI01733,PRD012,V003,1,5516.37,0.0,Loja Física,Concluída
PED004611,2025-05-26,CLI01637,PRD015,V009,2,1604.06,0.08,Loja Física,Concluída
PED004612,2025-12-26,CLI00094,PRD020,V006,3,647.05,0.0,E-commerce,Concluída
PED004613,2025-05-01,CLI01600,PRD004,V002,2,1531.39,0.1,E-commerce,Concluída
PED004614,2025-03-18,CLI00241,PRD006,V009,3,197.08,0.08,Loja Física,Concluída
PED004615,2025-02-14,CLI00975,PRD011,V010,1,2941.16,0.0,Loja Física,Concluída
PED004616,2025-03-14,CLI01034,PRD001,V006,1,4465.15,0.08,Marketplace,Cancelada
PED004617,2025-02-18,CLI01018,PRD010,V009,1,1630.57,0.0,Loja Física,Cancelada
PED004618,2025-07-29,CLI01974,PRD016,V001,2,2289.2,0.0,E-commerce,Concluída
PED004619,2025-06-03,CLI01731,PRD010,V003,4,1604.6,0.15,E-commerce,Concluída
PED004620,2025-07-01,CLI00160,PRD005,V002,1,373.55,0.08,E-commerce,Concluída
PED004621,2025-10-31,CLI00945,PRD013,V003,1,1093.28,0.05,Loja Física,Concluída
PED004622,2025-07-31,CLI00035,PRD003,V004,4,1071.77,0.08,Marketplace,Concluída
PED004623,2025-02-26,CLI02041,PRD018,V005,1,1006.63,0.0,Loja Física,Concluída
PED004624,2025-05-18,CLI00546,PRD002,V004,2,2938.01,0.08,E-commerce,Concluída
PED004625,2025-04-25,CLI01061,PRD017,V006,1,836.16,0.15,E-commerce,Concluída
PED004626,2025-10-29,CLI02151,PRD008,V003,5,2261.18,0.08,E-commerce,Concluída
PED004627,2025-04-23,CLI01872,PRD008,V004,1,2303.26,0.03,E-commerce,Concluída
PED004628,2025-02-20,CLI02218,PRD008,V009,3,2188.94,0.03,Televendas,Devolvida
PED004629,2025-09-26,CLI00858,PRD004,V006,2,1623.65,0.1,E-commerce,Concluída
PED004630,2025-06-06,CLI00736,PRD008,V001,6,2291.35,0.0,Loja Física,Concluída
PED004631,2025-02-04,CLI01231,PRD017,V004,6,829.64,0.1,E-commerce,Concluída
PED004632,2025-09-09,CLI01705,PRD015,V009,3,1527.3,0.03,E-commerce,Concluída
PED004633,2025-03-18,CLI02220,PRD003,V002,1,1047.25,0.0,Loja Física,Concluída
PED004634,2025-11-13,CLI01759,PRD012,V010,2,5795.98,0.0,Televendas,Concluída
PED004635,2025-10-31,CLI02238,PRD017,V003,4,847.37,0.05,Loja Física,Concluída
PED004636,2025-05-15,CLI00003,PRD016,V007,2,2365.91,0.0,Televendas,Cancelada
PED004637,2025-07-22,CLI02180,PRD007,V005,4,336.81,0.03,E-commerce,Concluída
PED004638,2025-07-27,CLI00936,PRD001,V007,3,4392.65,0.1,E-commerce,Cancelada
PED004639,2025-08-27,CLI00383,PRD020,V008,1,636.05,0.0,Marketplace,Concluída
PED004640,2025-01-26,CLI00376,PRD007,V002,1,339.77,0.05,Loja Física,Concluída
PED004641,2025-04-29,CLI00973,PRD006,V004,1,208.88,0.03,E-commerce,Concluída
PED004642,2025-03-04,CLI00866,PRD014,V006,2,1345.83,0.05,Loja Física,Concluída
PED004643,2025-09-12,CLI00181,PRD005,V003,2,346.45,0.05,Loja Física,Concluída
PED004644,2025-01-26,CLI00664,PRD017,V004,1,867.38,0.1,E-commerce,Concluída
PED004645,2025-07-08,CLI01233,PRD002,V009,3,3078.18,0.03,Loja Física,Concluída
PED004646,2025-09-23,CLI00191,PRD014,V003,1,1364.91,0.05,E-commerce,Concluída
PED004647,2025-12-13,CLI00709,PRD020,V002,1,643.29,0.0,E-commerce,Concluída
PED004648,2025-04-16,CLI02466,PRD020,V006,2,631.33,0.05,Televendas,Concluída
PED004649,2025-01-03,CLI02326,PRD020,V001,2,631.73,0.0,Televendas,Concluída
PED004650,2025-09-22,CLI01253,PRD018,V001,1,964.8,0.05,Loja Física,Concluída
PED004651,2025-01-01,CLI01141,PRD005,V009,3,357.24,0.03,,Concluída
PED004652,2025-01-25,CLI00363,PRD020,V003,3,637.13,0.08,Loja Física,Concluída
PED004653,2025-12-28,CLI02310,PRD020,V002,2,665.78,0.03,E-commerce,Concluída
PED004654,2025-11-11,CLI00586,PRD009,V007,5,2928.67,0.05,Marketplace,Concluída
PED004655,2025-09-16,CLI00421,PRD007,V005,1,352.81,0.0,Loja Física,Concluída
PED004656,2025-11-01,CLI00092,PRD002,V005,1,2934.66,0.08,Marketplace,Concluída
PED004657,2025-01-28,CLI02232,PRD010,V005,1,1606.82,0.15,Loja Física,Concluída
PED004658,2025-02-02,CLI00751,PRD013,V002,3,1087.53,0.03,Marketplace,Concluída
PED004659,2025-04-20,CLI01052,PRD007,V009,1,345.53,0.0,E-commerce,Concluída
PED004660,2025-01-09,CLI00162,PRD007,V001,5,342.59,0.05,Loja Física,Concluída
PED004661,2025-11-21,CLI00723,PRD010,V005,2,1658.94,0.0,Loja Física,Concluída
PED004662,2025-01-21,CLI00619,PRD001,V003,3,4539.87,0.03,E-commerce,Concluída
PED004663,2025-07-18,CLI02487,PRD020,V007,2,642.62,0.0,Marketplace,Concluída
PED004664,2025-11-08,CLI01089,PRD005,V006,3,367.83,0.03,Marketplace,Concluída
PED004665,2025-09-26,CLI00546,PRD003,V004,2,1049.15,0.1,E-commerce,Concluída
PED004666,2025-03-27,CLI01680,PRD001,V006,2,4377.24,0.0,E-commerce,Concluída
PED004667,2025-06-21,CLI00595,PRD017,V003,3,869.9,0.05,E-commerce,Concluída
PED004668,2025-07-20,CLI02082,PRD017,V002,1,837.27,0.0,Loja Física,Concluída
PED004669,2025-10-08,CLI02320,PRD002,V010,4,2921.13,0.0,Loja Física,Concluída
PED004670,2025-06-05,CLI00138,PRD003,V007,3,1046.95,0.05,Loja Física,Concluída
PED004671,2025-04-15,CLI01189,PRD008,V007,3,2175.53,0.08,Marketplace,Concluída
PED004672,2025-10-18,CLI00617,PRD003,V010,1,1048.99,0.1,E-commerce,Concluída
PED004673,2025-11-20,CLI02133,PRD014,V010,1,1304.38,0.0,Loja Física,Concluída
PED004674,2025-06-28,CLI00340,PRD001,V006,1,4532.54,0.0,Marketplace,Concluída
PED004675,2025-01-11,CLI01026,PRD009,V008,2,2834.38,0.03,E-commerce,Concluída
PED004676,2025-07-02,CLI00871,PRD007,V006,1,354.4,0.05,Loja Física,Concluída
PED004677,2025-11-21,CLI01178,PRD008,V003,6,2256.46,0.08,E-commerce,Concluída
PED004678,2025-12-28,CLI00441,PRD007,V007,5,339.81,0.08,Televendas,Cancelada
PED004679,2025-05-27,CLI00305,PRD003,V010,1,1058.16,0.1,Marketplace,Concluída
PED004680,2025-02-24,CLI00588,PRD004,V009,3,1617.15,0.0,E-commerce,Concluída
PED004681,2025-07-28,CLI01703,PRD001,V006,1,4359.55,0.15,Marketplace,Concluída
PED004682,2025-10-31,CLI02294,PRD002,V010,1,2963.42,0.15,E-commerce,Concluída
PED004683,2025-12-11,CLI02415,PRD020,V002,1,639.78,0.0,Marketplace,Concluída
PED004684,2025-01-19,CLI01604,PRD005,V001,3,381.8,0.03,Marketplace,Concluída
PED004685,2025-04-17,CLI00026,PRD006,V005,4,188.59,0.08,E-commerce,Concluída
PED004686,2025-06-24,CLI02167,PRD002,V003,1,2903.66,0.03,E-commerce,Concluída
PED004687,2025-02-05,CLI02295,PRD014,V010,1,1381.73,0.0,Loja Física,Concluída
PED004688,2025-11-20,CLI01359,PRD020,V002,2,663.95,0.03,Marketplace,Concluída
PED004689,2025-02-10,CLI01384,PRD015,V006,2,1533.89,0.05,Loja Física,Concluída
PED004690,2025-08-31,CLI02050,PRD010,V008,1,1572.63,0.1,E-commerce,Cancelada
PED004691,2025-12-02,CLI00877,PRD016,V002,3,2421.21,0.08,Televendas,Concluída
PED004692,2025-09-08,CLI00875,PRD007,V001,5,333.03,0.1,E-commerce,Devolvida
PED004693,2025-10-06,CLI01865,PRD017,V006,1,843.18,0.03,Loja Física,Concluída
PED004694,2025-04-07,CLI00612,PRD015,V010,4,1573.87,0.08,Loja Física,Concluída
PED004695,2025-10-30,CLI02071,PRD001,V001,2,4249.73,0.0,Televendas,Concluída
PED004696,2025-06-02,CLI01372,PRD008,V001,2,2320.85,0.05,Marketplace,Cancelada
PED004697,2025-01-23,CLI00764,PRD005,V010,3,360.74,0.1,Marketplace,Concluída
PED004698,2025-05-14,CLI02356,PRD002,V007,2,2927.65,0.08,E-commerce,Concluída
PED004699,2025-05-08,CLI00363,PRD017,V008,2,836.72,0.05,E-commerce,Concluída
PED004700,2025-07-10,CLI02088,PRD001,V003,1,4508.42,0.0,E-commerce,Concluída
PED004701,2025-04-07,CLI01329,PRD013,V004,3,1077.87,0.0,Marketplace,Concluída
PED004702,2025-06-18,CLI00608,PRD020,V005,1,656.08,0.05,E-commerce,Concluída
PED004703,2025-06-06,CLI01541,PRD008,V003,1,2267.85,0.03,E-commerce,Concluída
PED004704,2025-04-30,CLI02387,PRD006,V005,2,188.2,0.03,E-commerce,Concluída
PED004705,2025-09-12,CLI00433,PRD010,V010,1,1675.39,0.08,Marketplace,Concluída
PED004706,2025-04-22,CLI01313,PRD016,V008,1,2409.57,0.0,Loja Física,Concluída
PED004707,2025-10-07,CLI01769,PRD004,,1,1679.34,0.03,E-commerce,Concluída
PED004708,2025-04-02,CLI01053,PRD005,V005,4,343.42,0.0,E-commerce,Concluída
PED004709,2025-11-12,CLI00574,PRD010,V008,2,1514.81,0.0,Marketplace,Concluída
PED004710,2025-05-14,CLI00721,PRD020,V005,1,656.47,0.0,E-commerce,Concluída
PED004711,2025-01-15,CLI01041,PRD006,V007,3,193.88,0.0,E-commerce,Concluída
PED004712,2025-02-24,CLI01568,PRD007,V008,3,329.75,0.05,E-commerce,Concluída
PED004713,2025-10-22,CLI01495,PRD020,V009,1,647.89,0.03,Marketplace,Concluída
PED004714,2025-11-15,CLI01448,PRD003,V010,2,1024.11,0.03,Televendas,Concluída
PED004715,2025-03-19,CLI00909,PRD002,V002,1,2898.15,0.1,Loja Física,Concluída
PED004716,2025-08-08,CLI02063,PRD010,V008,2,1641.28,0.05,Loja Física,Concluída
PED004717,2025-07-29,CLI01107,PRD001,V008,3,4428.68,0.05,Marketplace,Concluída
PED004718,2025-02-18,CLI02287,PRD003,V008,1,1040.27,0.05,E-commerce,Concluída
PED004719,2025-06-14,CLI00795,PRD011,V001,2,2949.87,0.05,E-commerce,Concluída
PED004720,2025-09-11,CLI01867,PRD011,V005,1,2969.02,0.03,E-commerce,Cancelada
PED004721,2025-12-20,CLI01390,PRD009,V010,2,2741.69,0.1,Marketplace,Concluída
PED004722,2025-11-06,CLI00463,PRD007,V010,1,341.54,0.03,Marketplace,Concluída
PED004723,2025-02-05,CLI00223,PRD010,V003,3,1654.55,0.05,E-commerce,Concluída
PED004724,2025-03-28,CLI00332,PRD011,V005,2,2908.72,0.05,E-commerce,Cancelada
PED004725,2025-06-09,CLI01173,PRD016,V009,1,2297.91,0.08,Televendas,Concluída
PED004726,2025-02-24,CLI01341,PRD015,V010,3,1540.81,0.05,E-commerce,Concluída
PED004727,2025-07-28,CLI01687,PRD012,V004,1,5469.98,0.03,Loja Física,Concluída
PED004728,2025-01-04,CLI00384,PRD018,V009,2,991.56,0.03,Televendas,Concluída
PED004729,2025-02-11,CLI00461,PRD017,V009,2,886.25,0.08,Marketplace,Concluída
PED004730,2025-01-18,CLI01543,PRD002,V002,1,3092.71,0.03,E-commerce,Concluída
PED004731,2025-04-18,CLI01443,PRD020,V001,1,620.94,0.1,Marketplace,Concluída
PED004732,2025-10-06,CLI00405,PRD018,V001,1,946.64,0.08,Loja Física,Concluída
PED004733,2025-03-06,CLI01457,PRD006,V002,3,200.07,0.0,E-commerce,Concluída
PED004734,2025-12-27,CLI00581,PRD001,V008,2,4508.83,0.03,Loja Física,Concluída
PED004735,2025-04-09,CLI00769,PRD010,V004,1,1604.93,0.1,Marketplace,Concluída
PED004736,2025-01-17,CLI00210,PRD008,V007,1,2278.81,0.0,Loja Física,Concluída
PED004737,2025-05-03,CLI00173,PRD014,V001,4,1304.26,0.03,Loja Física,Concluída
PED004738,2025-10-01,CLI02093,PRD009,V007,1,2882.53,0.0,Loja Física,Cancelada
PED004739,2025-02-08,CLI02393,PRD002,V008,1,2945.5,0.0,E-commerce,Concluída
PED004740,2025-01-27,CLI01474,PRD005,V010,2,362.2,0.03,Loja Física,Concluída
PED004741,2025-11-07,CLI00244,PRD018,V004,1,940.03,0.08,E-commerce,Concluída
PED004742,2025-08-05,CLI00867,PRD001,V006,5,4188.46,0.05,Marketplace,Concluída
PED004743,2025-05-06,CLI00883,PRD014,V005,1,1446.21,0.0,Loja Física,Concluída
PED004744,2025-10-03,CLI00992,PRD005,V004,3,361.18,0.05,Marketplace,Concluída
PED004745,2025-11-05,CLI00460,PRD008,V007,1,2389.48,0.03,Marketplace,Concluída
PED004746,2025-05-12,CLI00337,PRD009,V006,1,2970.74,0.05,Loja Física,Concluída
PED004747,2025-07-24,CLI02302,PRD005,V009,1,345.81,0.03,Loja Física,Concluída
PED004748,2025-01-04,CLI02120,PRD011,V001,6,2963.03,0.15,E-commerce,Concluída
PED004749,2025-04-22,CLI00133,PRD013,V003,2,1050.3,0.08,E-commerce,Concluída
PED004750,2025-08-06,CLI00763,PRD002,V006,1,2971.49,0.08,E-commerce,Concluída
PED004751,2025-03-13,CLI00338,PRD007,V006,5,325.87,0.05,E-commerce,Concluída
PED004752,2025-12-28,CLI00179,PRD014,V010,1,1289.42,0.05,E-commerce,Concluída
PED004753,2025-12-21,CLI01615,PRD013,V007,1,1062.23,0.03,Marketplace,Concluída
PED004754,2025-04-05,CLI00898,PRD009,V001,1,2823.68,0.08,Marketplace,Concluída
PED004755,2025-05-25,CLI01372,PRD015,V005,3,1571.62,0.1,E-commerce,Concluída
PED004756,2025-03-11,CLI00608,PRD002,V009,1,2916.11,0.15,Loja Física,Concluída
PED004757,2025-07-03,CLI01802,PRD002,V009,1,3004.83,0.05,Loja Física,Concluída
PED004758,2025-02-15,CLI01019,PRD011,V009,5,3019.85,0.05,E-commerce,Concluída
PED004759,2025-05-23,CLI00298,PRD013,V005,2,1092.86,0.03,Marketplace,Concluída
PED004760,2025-07-22,CLI02151,PRD016,V002,1,2342.62,0.0,Marketplace,Concluída
PED004761,2025-08-12,CLI00742,PRD003,V003,2,1044.59,0.08,E-commerce,Cancelada
PED004762,2025-08-06,CLI01863,PRD009,V009,1,2760.04,0.1,E-commerce,Concluída
PED004763,2025-03-22,CLI01714,PRD012,V004,2,5641.55,0.1,Televendas,Concluída
PED004764,2025-10-17,CLI00610,PRD004,V008,1,1557.32,0.1,E-commerce,Concluída
PED004765,2025-09-10,CLI00629,PRD009,V001,2,2973.8,0.03,Loja Física,Concluída
PED004766,2025-10-02,CLI00804,PRD011,V005,3,2993.05,0.08,Televendas,Concluída
PED004767,2025-06-20,CLI02232,PRD004,V010,1,1627.73,0.05,Televendas,Concluída
PED004768,2025-11-22,CLI01083,PRD007,V003,1,347.11,0.05,Loja Física,Concluída
PED004769,2025-05-23,CLI01859,PRD004,V001,1,1605.31,0.0,E-commerce,Concluída
PED004770,2025-10-22,CLI00404,PRD019,V003,3,1069.48,0.05,Marketplace,Cancelada
PED004771,2025-03-16,CLI00191,PRD004,V001,3,1567.59,0.0,Loja Física,Concluída
PED004772,2025-04-01,CLI00713,PRD002,V007,3,3124.74,0.08,Loja Física,Concluída
PED004773,2025-07-12,CLI00454,PRD001,V002,6,4378.11,0.1,Loja Física,Devolvida
PED004774,2025-07-22,CLI00772,PRD001,V003,3,4245.11,0.08,E-commerce,Concluída
PED004775,2025-09-30,CLI00705,PRD003,V006,5,1049.12,0.0,Loja Física,Concluída
PED004776,2025-04-19,CLI00473,PRD010,V004,2,1658.78,0.03,Loja Física,Concluída
PED004777,2025-11-15,CLI02405,PRD001,V007,1,4330.88,0.05,Loja Física,Concluída
PED004778,2025-05-01,CLI00684,PRD005,V010,2,352.46,0.08,Marketplace,Devolvida
PED004779,2025-07-14,CLI00052,PRD001,V010,1,4447.13,0.0,Marketplace,Concluída
PED004780,2025-12-07,CLI01062,PRD007,V008,1,350.07,0.05,Marketplace,Devolvida
PED004781,2025-07-16,CLI01920,PRD001,V010,1,4402.03,0.1,Loja Física,Concluída
PED004782,2025-09-06,CLI02120,PRD010,V008,1,1647.62,0.0,Televendas,Concluída
PED004783,2025-11-28,CLI00929,PRD012,V001,2,5402.62,0.08,Televendas,Concluída
PED004784,2025-12-22,CLI01700,PRD013,V010,1,1098.45,0.1,Loja Física,Concluída
PED004785,2025-07-02,CLI00350,PRD004,V006,1,1579.92,0.08,Televendas,Concluída
PED004786,2025-06-02,CLI00168,PRD018,V001,4,938.56,0.1,E-commerce,Concluída
PED004787,2025-03-13,CLI01866,PRD013,V007,2,1115.97,0.08,Loja Física,Concluída
PED004788,2025-07-16,CLI01271,PRD001,V003,1,4254.4,0.05,E-commerce,Concluída
PED004789,2025-12-02,CLI00009,PRD008,V006,1,2160.84,0.03,E-commerce,Concluída
PED004790,2025-06-27,CLI00588,PRD014,V007,1,1386.17,0.0,Marketplace,Concluída
PED004791,2025-05-08,CLI00979,PRD006,V001,4,188.25,0.0,E-commerce,Concluída
PED004792,2025-02-09,CLI00004,PRD007,V005,1,338.65,0.05,Marketplace,Concluída
PED004793,2025-05-23,CLI00763,PRD011,V001,5,2856.04,0.0,Marketplace,Concluída
PED004794,2025-03-28,CLI01414,PRD001,V002,1,4287.81,0.03,Loja Física,Concluída
PED004795,2025-12-23,CLI00116,PRD020,V003,3,682.08,0.08,E-commerce,Concluída
PED004796,2025-07-12,CLI00498,PRD003,V008,1,1033.11,0.0,E-commerce,Concluída
PED004797,2025-02-20,CLI01411,PRD001,V005,2,4406.12,0.0,Loja Física,Concluída
PED004798,2025-01-25,CLI01618,PRD001,V001,1,4453.13,0.05,E-commerce,Concluída
PED004799,2025-11-07,CLI01666,PRD007,V008,1,336.45,0.0,Marketplace,Concluída
PED004800,2025-12-06,CLI00652,PRD018,V006,6,995.46,0.05,Marketplace,Cancelada
PED004801,2025-10-06,CLI00336,PRD016,V002,3,2368.63,0.0,E-commerce,Concluída
PED004802,2025-02-15,CLI00606,PRD019,V006,1,1111.49,0.08,Loja Física,Concluída
PED004803,2025-02-05,CLI01391,PRD009,V003,3,2810.87,0.05,E-commerce,Concluída
PED004804,2025-03-14,CLI01478,PRD008,V007,1,2293.6,0.05,Marketplace,Concluída
PED004805,2025-10-02,CLI02375,PRD007,V010,4,341.9,0.0,Televendas,Concluída
PED004806,2025-10-07,CLI01477,PRD001,V004,1,4490.17,0.08,Marketplace,Concluída
PED004807,2025-11-02,CLI01951,PRD019,V008,1,1076.19,0.03,Loja Física,Concluída
PED004808,2025-02-05,CLI02122,PRD008,V001,1,2383.67,0.05,Televendas,Concluída
PED004809,2025-02-25,CLI01108,PRD008,V005,1,2287.63,0.0,Marketplace,Cancelada
PED004810,2025-11-25,CLI00496,PRD009,V009,5,2853.78,0.0,Loja Física,Concluída
PED004811,2025-12-05,CLI00517,PRD015,V001,1,1560.59,0.0,Marketplace,Concluída
PED004812,2025-09-22,CLI02468,PRD004,V010,1,1605.12,0.0,E-commerce,Concluída
PED004813,2025-02-08,CLI00687,PRD013,V001,3,1068.37,0.0,E-commerce,Concluída
PED004814,2025-01-26,CLI00924,PRD013,V005,1,1103.52,0.0,Loja Física,Concluída
PED004815,2025-01-21,CLI00918,PRD017,V002,1,853.41,0.1,Marketplace,Concluída
PED004816,2025-09-10,CLI02425,PRD001,V001,2,4579.02,0.05,Loja Física,Concluída
PED004817,2025-11-05,CLI00321,PRD003,V004,1,1024.52,0.05,Marketplace,Concluída
PED004818,2025-08-19,CLI00389,PRD008,V006,3,2261.58,0.0,Loja Física,Concluída
PED004819,2025-04-06,CLI01603,PRD017,V008,2,844.39,,Loja Física,Concluída
PED004820,2025-10-04,CLI02382,PRD020,V004,1,676.34,0.15,Loja Física,Concluída
PED004821,2025-01-22,CLI01595,PRD010,V005,2,1585.24,0.0,E-commerce,Concluída
PED004822,2025-10-30,CLI02411,PRD004,V002,1,1609.15,0.08,E-commerce,Concluída
PED004823,2025-11-22,CLI01271,PRD003,V008,2,1043.84,0.05,E-commerce,Concluída
PED004824,2025-09-20,CLI00727,PRD011,V002,2,2853.66,0.03,E-commerce,Concluída
PED004825,2025-11-17,CLI00444,PRD004,V009,3,1711.47,0.08,Marketplace,Concluída
PED004826,2025-08-02,CLI00508,PRD009,V002,2,2796.14,0.08,E-commerce,Concluída
PED004827,2025-06-20,CLI02066,PRD017,V007,3,854.38,0.1,E-commerce,Concluída
PED004828,2025-04-28,CLI01508,PRD007,V004,1,356.38,0.05,E-commerce,Concluída
PED004829,2025-12-03,CLI02143,PRD007,V010,4,338.77,0.0,Televendas,Concluída
PED004830,2025-09-12,CLI00344,PRD001,V003,1,4382.51,0.05,Loja Física,Concluída
PED004831,2025-03-11,CLI00537,PRD005,V010,3,357.44,0.0,Loja Física,Devolvida
PED004832,2025-12-16,CLI00738,PRD013,V009,2,1083.98,0.03,E-commerce,Concluída
PED004833,2025-01-22,CLI01791,PRD006,V005,1,202.15,0.05,E-commerce,Concluída
PED004834,2025-08-03,CLI02458,PRD003,V005,1,1024.82,0.0,Loja Física,Concluída
PED004835,2025-03-11,CLI01661,PRD002,V004,4,2795.0,0.1,Marketplace,Concluída
PED004836,2025-08-31,CLI01913,PRD002,V005,3,2991.19,0.15,Loja Física,Concluída
PED004837,2025-05-31,CLI02121,PRD011,V005,3,2941.09,0.0,E-commerce,Concluída
PED004838,2025-06-09,CLI01991,PRD010,V002,1,1652.72,0.0,Loja Física,Concluída
PED004839,2025-09-03,CLI00741,PRD009,V004,2,2849.62,0.03,Marketplace,Concluída
PED004840,2025-10-03,CLI02184,PRD008,V009,1,2219.51,0.0,E-commerce,Concluída
PED004841,2025-05-19,CLI02312,PRD003,V010,2,1029.39,0.0,Loja Física,Concluída
PED004842,2025-12-31,CLI01724,PRD008,V001,1,2368.52,0.1,Loja Física,Concluída
PED004843,2025-07-01,CLI00391,PRD001,V008,3,4362.24,0.0,E-commerce,Concluída
PED004844,2025-02-28,CLI01792,PRD020,V003,2,656.7,0.0,E-commerce,Concluída
PED004845,2025-01-03,CLI01278,PRD001,V007,1,4253.98,0.03,Loja Física,Devolvida
PED004846,2025-03-15,CLI01832,PRD007,V007,2,339.49,0.0,E-commerce,Concluída
PED004847,2025-09-10,CLI00113,PRD001,V009,1,4257.59,0.08,E-commerce,Concluída
PED004848,2025-07-16,CLI00979,PRD015,V008,1,1620.88,0.08,E-commerce,Concluída
PED004849,2025-05-04,CLI01325,PRD003,V009,1,995.46,0.03,Loja Física,Concluída
PED004850,2025-06-25,CLI00251,PRD020,V009,1,652.17,0.0,E-commerce,Concluída
PED004851,2025-11-02,CLI01262,PRD001,V007,1,4404.03,0.1,Televendas,Concluída
PED004852,2025-07-28,CLI01526,PRD016,V005,2,2362.76,0.05,E-commerce,Concluída
PED004853,2025-01-22,CLI01466,PRD011,V004,3,2764.33,0.05,Marketplace,Concluída
PED004854,2025-01-18,CLI02000,PRD005,V004,2,342.32,0.03,Loja Física,Cancelada
PED004855,2025-06-25,CLI01066,PRD004,V004,6,1610.09,0.05,Loja Física,Concluída
PED004856,2025-05-28,CLI00587,PRD006,V003,4,192.29,0.0,Televendas,Concluída
PED004857,2025-11-07,CLI00364,PRD017,V004,1,839.94,0.03,E-commerce,Concluída
PED004858,2025-08-01,CLI00456,PRD017,V006,2,844.6,0.05,E-commerce,Concluída
PED004859,2025-10-04,CLI00893,PRD003,V003,4,1008.47,0.03,E-commerce,Concluída
PED004860,2025-08-02,CLI02393,PRD006,V004,1,190.8,0.05,Marketplace,Concluída
PED004861,2025-05-07,CLI01903,PRD004,V008,1,1605.39,0.08,Televendas,Concluída
PED004862,2025-08-28,CLI00347,PRD002,V004,5,2851.01,0.08,Loja Física,Concluída
PED004863,2025-08-15,CLI01536,PRD011,V002,3,2899.34,0.05,Loja Física,Concluída
PED004864,2025-09-20,CLI01372,PRD006,V001,3,193.55,0.0,Marketplace,Concluída
PED004865,2025-03-11,CLI00553,PRD004,V008,4,1604.44,0.08,Loja Física,Concluída
PED004866,2025-08-23,CLI01853,PRD018,V010,1,1027.25,0.08,E-commerce,Concluída
PED004867,2025-04-15,CLI00023,PRD014,V007,2,1309.29,0.0,Loja Física,Concluída
PED004868,2025-10-16,CLI00238,PRD015,V001,3,1586.05,0.1,E-commerce,Concluída
PED004869,2025-10-19,CLI01578,PRD001,V006,1,4390.93,0.1,E-commerce,Concluída
PED004870,2025-08-17,CLI01402,PRD019,V003,1,1106.2,0.05,Loja Física,Concluída
PED004871,2025-12-12,CLI01488,PRD010,V004,1,1635.91,0.0,Loja Física,Concluída
PED004872,2025-07-16,CLI01701,PRD008,V010,3,2350.17,0.05,E-commerce,Cancelada
PED004873,2025-01-10,CLI02272,PRD001,V009,2,4441.64,0.03,E-commerce,Concluída
PED004874,2025-08-10,CLI00110,PRD018,V008,4,986.39,0.03,Marketplace,Concluída
PED004875,2025-10-11,CLI01987,PRD009,V006,1,2761.52,0.0,Marketplace,Concluída
PED004876,2025-02-06,CLI01050,PRD016,V006,2,2352.22,0.08,Loja Física,Concluída
PED004877,2025-02-08,CLI00651,PRD011,V010,1,2899.04,0.05,E-commerce,Cancelada
PED004878,2025-04-10,CLI01186,PRD015,V007,5,1536.28,0.03,Marketplace,Cancelada
PED004879,2025-11-05,CLI01360,PRD013,V006,2,1068.43,0.03,E-commerce,Concluída
PED004880,2025-07-12,CLI01390,PRD019,V001,3,1089.4,0.03,Marketplace,Concluída
PED004881,2025-12-23,CLI00677,PRD004,V010,1,1623.72,0.03,Televendas,Concluída
PED004882,2025-11-15,CLI00100,PRD004,V009,1,1644.79,0.03,E-commerce,Concluída
PED004883,2025-07-22,CLI01668,PRD013,V004,1,1110.79,0.0,Loja Física,Concluída
PED004884,2025-09-05,CLI02234,PRD008,V003,3,2285.02,0.03,Loja Física,Concluída
PED004885,2025-05-01,CLI02265,PRD010,V010,1,1646.97,0.0,Loja Física,Concluída
PED004886,2025-02-02,CLI02152,PRD013,V010,3,1076.62,0.08,Marketplace,Concluída
PED004887,2025-05-26,CLI00547,PRD009,V005,1,2845.02,0.05,Loja Física,Concluída
PED004888,2025-08-05,CLI02134,PRD015,V003,2,1539.47,0.08,Televendas,Concluída
PED004889,2025-03-08,CLI01635,PRD006,V008,1,194.72,0.03,E-commerce,Concluída
PED004890,2025-03-22,CLI01300,PRD017,V007,1,861.21,0.0,Televendas,Concluída
PED004891,2025-01-06,CLI00740,PRD002,V010,2,3108.94,0.0,E-commerce,Concluída
PED004892,2025-09-25,CLI01971,PRD011,V006,1,2925.48,0.0,Loja Física,Concluída
PED004893,2025-11-25,CLI00305,PRD018,V006,2,949.83,0.03,Loja Física,Cancelada
PED004894,2025-10-30,CLI02004,PRD005,V002,2,369.29,0.08,Marketplace,Concluída
PED004895,2025-05-19,CLI02260,PRD006,V007,1,186.98,0.0,Loja Física,Concluída
PED004896,2025-08-05,CLI02408,PRD006,V004,2,201.96,0.03,Marketplace,Concluída
PED004897,2025-12-17,CLI02211,PRD009,V003,2,2760.19,0.0,Loja Física,Concluída
PED004898,2025-08-04,CLI02041,PRD007,V008,1,347.6,0.03,E-commerce,Concluída
PED004899,2025-04-18,CLI01886,PRD002,V004,1,2958.03,0.05,E-commerce,Concluída
PED004900,2025-05-04,CLI00299,PRD018,V003,1,977.18,0.0,E-commerce,Concluída
PED004901,2025-09-23,CLI00833,PRD004,V010,1,1689.0,0.0,Marketplace,Concluída
PED004902,2025-06-12,CLI00357,PRD009,V010,1,2802.78,0.08,Loja Física,Concluída
PED004903,2025-11-02,CLI00916,PRD010,V005,2,1603.54,0.03,Televendas,Concluída
PED004904,2025-11-12,CLI01272,PRD001,V003,1,4375.37,0.03,E-commerce,Concluída
PED004905,2025-01-14,CLI02206,PRD002,V002,4,3107.82,0.05,E-commerce,Cancelada
PED004906,2025-09-22,CLI01774,PRD020,V007,3,649.04,0.0,Televendas,Concluída
PED004907,2025-05-16,CLI02033,PRD012,V007,1,5516.55,0.1,Marketplace,Concluída
PED004908,2025-07-09,CLI02089,PRD001,V007,2,4385.29,0.08,Loja Física,Concluída
PED004909,2025-04-07,CLI02016,PRD015,V008,1,1530.66,0.03,Loja Física,Concluída
PED004910,2025-05-15,CLI00030,PRD008,V005,1,2278.58,0.03,Televendas,Concluída
PED004911,2025-05-01,CLI02369,PRD002,V007,6,2964.26,0.03,E-commerce,Cancelada
PED004912,2025-01-19,CLI01085,PRD012,V007,2,5692.58,0.08,E-commerce,Concluída
PED004913,2025-10-13,CLI00627,PRD008,V008,1,2313.67,0.0,Loja Física,Concluída
PED004914,2025-02-22,CLI01059,PRD004,V008,4,1552.26,0.05,E-commerce,Concluída
PED004915,2025-05-18,CLI01382,PRD018,V001,4,962.54,0.03,Loja Física,Concluída
PED004916,2025-03-12,CLI01737,PRD005,V007,2,365.31,0.08,Loja Física,Concluída
PED004917,2025-02-28,CLI01045,PRD005,V010,2,351.7,0.15,E-commerce,Concluída
PED004918,2025-05-17,CLI01386,PRD005,V006,3,350.82,0.0,Loja Física,Cancelada
PED004919,2025-12-02,CLI01031,PRD014,V006,3,1326.74,0.03,E-commerce,Concluída
PED004920,2025-12-11,CLI02007,PRD013,V007,2,1094.78,0.05,E-commerce,Cancelada
PED004921,2025-05-20,CLI00255,PRD019,V006,3,1119.22,0.05,Marketplace,Concluída
PED004922,2025-07-04,CLI01751,PRD004,V005,2,1614.7,0.0,Loja Física,Concluída
PED004923,2025-12-26,CLI01392,PRD015,V010,1,1666.75,0.05,Loja Física,Concluída
PED004924,2025-03-27,CLI01202,PRD010,V001,1,1616.85,0.08,Marketplace,Concluída
PED004925,2025-12-11,CLI00965,PRD006,V009,1,200.47,0.1,E-commerce,Concluída
PED004926,2025-02-08,CLI00595,PRD001,V002,1,4245.75,0.08,Loja Física,Concluída
PED004927,2025-03-24,CLI00643,PRD016,V003,1,2441.08,0.05,Marketplace,Concluída
PED004928,2025-05-04,CLI01611,PRD004,V007,2,1659.95,0.0,E-commerce,Concluída
PED004929,2025-01-14,CLI00373,PRD011,V007,5,2988.7,0.0,Loja Física,Concluída
PED004930,2025-10-25,CLI00568,PRD009,V010,1,2738.47,0.05,Marketplace,Concluída
PED004931,2025-11-09,CLI01085,PRD001,V003,1,4443.49,0.05,E-commerce,Concluída
PED004932,2025-05-20,CLI01619,PRD020,V001,3,632.92,0.08,E-commerce,Concluída
PED004933,2025-11-02,CLI01005,PRD016,V003,1,2373.18,0.03,Marketplace,Concluída
PED004934,2025-10-09,CLI00379,PRD008,V006,3,2185.93,0.0,Loja Física,Concluída
PED004935,2025-10-20,CLI01994,PRD012,V004,2,5547.59,0.0,E-commerce,Concluída
PED004936,2025-10-20,CLI00531,PRD008,V003,2,2248.37,0.03,Loja Física,Concluída
PED004937,2025-07-29,CLI02356,PRD014,V010,1,1316.13,0.03,Televendas,Devolvida
PED004938,2025-02-10,CLI01075,PRD002,V006,1,3038.01,0.0,E-commerce,Concluída
PED004939,2025-12-04,CLI02020,PRD008,V007,2,2265.51,0.0,Televendas,Concluída
PED004940,2025-08-11,CLI01297,PRD006,V008,1,195.82,0.03,E-commerce,Concluída
PED004941,2025-11-25,CLI00647,PRD008,V005,1,2310.23,0.03,Marketplace,Concluída
PED004942,2025-12-17,CLI02385,PRD008,V008,1,2376.39,0.15,Marketplace,Concluída
PED004943,2025-03-10,CLI00780,PRD003,V010,2,1042.88,0.1,Loja Física,Concluída
PED004944,2025-05-27,CLI01519,PRD020,V008,2,616.98,0.0,E-commerce,Concluída
PED004945,2025-03-12,CLI01999,PRD001,V003,3,4196.71,0.08,Loja Física,Concluída
PED004946,2025-01-19,CLI01062,PRD001,V008,3,4374.35,0.05,Loja Física,Concluída
PED004947,2025-12-19,CLI02008,PRD006,V003,1,201.88,0.1,E-commerce,Concluída
PED004948,2025-12-04,CLI02071,PRD011,V001,4,2946.36,0.05,Marketplace,Concluída
PED004949,2025-12-07,CLI00661,PRD003,V005,3,1048.99,0.0,Loja Física,Concluída
PED004950,2025-11-19,CLI00349,PRD009,V006,1,2858.53,0.0,E-commerce,Concluída
PED004951,2025-08-25,CLI00173,PRD013,V005,2,1111.54,0.15,Marketplace,Concluída
PED004952,2025-07-10,CLI00037,PRD002,V003,1,3039.81,0.1,E-commerce,Concluída
PED004953,2025-12-28,CLI01321,PRD020,V003,4,629.68,0.05,Loja Física,Concluída
PED004954,2025-07-21,CLI00640,PRD006,V010,1,199.03,0.05,E-commerce,Concluída
PED004955,2025-08-23,CLI01038,PRD011,V003,1,2823.22,0.05,Loja Física,Concluída
PED004956,2025-03-19,CLI01333,PRD002,V008,4,3027.19,0.08,Loja Física,Concluída
PED004957,2025-09-30,CLI00717,PRD013,V003,2,1077.76,0.03,Loja Física,Concluída
PED004958,2025-10-27,CLI01591,PRD017,V002,1,857.09,0.0,Loja Física,Concluída
PED004959,2025-09-05,CLI00973,PRD002,V001,2,3017.91,0.03,E-commerce,Concluída
PED004960,2025-07-01,CLI02004,PRD002,V003,3,3014.74,0.05,E-commerce,Concluída
PED004961,2025-03-14,CLI00402,PRD005,V009,1,373.33,0.03,Televendas,Concluída
PED004962,2025-01-13,CLI01509,PRD001,V005,2,4370.55,0.08,Marketplace,Concluída
PED004963,2025-08-17,CLI00783,PRD020,V007,2,649.2,0.1,Televendas,Concluída
PED004964,2025-09-07,CLI00291,PRD010,V010,2,1699.36,0.0,E-commerce,Concluída
PED004965,2025-10-10,CLI00385,PRD010,V001,6,1722.67,0.1,Loja Física,Concluída
PED004966,2025-12-13,CLI01979,PRD020,V002,2,645.86,0.08,Loja Física,Concluída
PED004967,2025-07-01,CLI02175,PRD017,V010,2,842.73,0.05,Loja Física,Concluída
PED004968,2025-10-30,CLI00032,PRD016,V006,3,2319.44,0.0,Marketplace,Concluída
PED004969,2025-09-19,CLI00575,PRD006,V007,1,199.05,0.03,E-commerce,Concluída
PED004970,2025-04-12,CLI01764,PRD006,V004,1,195.83,0.15,Loja Física,Cancelada
PED004971,2025-11-05,CLI01900,PRD005,V009,6,344.78,0.05,Marketplace,Concluída
PED004972,2025-01-20,CLI01304,PRD006,V007,3,202.36,0.05,Loja Física,Concluída
PED004973,2025-08-07,CLI00081,PRD006,V003,1,200.84,0.0,E-commerce,Cancelada
PED004974,2025-12-10,CLI01238,PRD003,V007,1,1065.43,0.03,E-commerce,Concluída
PED004975,2025-08-29,CLI01077,PRD006,V001,1,203.44,0.05,Loja Física,Concluída
PED004976,2025-12-09,CLI01864,PRD008,V003,1,2279.23,0.05,E-commerce,Concluída
PED004977,2025-01-21,CLI02050,PRD006,V003,1,198.11,0.1,Televendas,Concluída
PED004978,2025-07-14,CLI00111,PRD003,V008,2,1061.81,0.03,E-commerce,Concluída
PED004979,2025-10-12,CLI02349,PRD006,V008,1,190.85,0.0,E-commerce,Concluída
PED004980,2025-08-23,CLI01027,PRD008,V001,2,2248.43,0.0,E-commerce,Concluída
PED004981,2025-11-18,CLI01517,PRD013,V010,5,1083.82,0.0,E-commerce,Concluída
PED004982,2025-06-18,CLI02354,PRD013,V009,6,1110.45,0.0,Loja Física,Concluída
PED004983,2025-09-07,CLI01504,PRD004,V005,3,1583.77,0.03,E-commerce,Concluída
PED004984,2025-06-03,CLI00035,PRD001,V003,2,4289.08,0.08,Loja Física,Devolvida
PED004985,2025-11-15,CLI00571,PRD006,V005,2,194.71,0.03,E-commerce,Concluída
PED004986,2025-02-13,CLI02194,PRD003,V006,2,1047.9,0.1,Loja Física,Concluída
PED004987,2025-04-03,CLI00319,PRD007,V007,1,341.4,0.1,Marketplace,Cancelada
PED004988,2025-02-05,CLI01622,PRD020,V004,4,622.72,0.0,Loja Física,Cancelada
PED004989,2025-09-14,CLI01076,PRD003,V002,2,1003.28,0.08,E-commerce,Concluída
PED004990,2025-03-26,CLI02271,PRD006,V007,2,197.5,0.0,E-commerce,Concluída
PED004991,2025-04-26,CLI02421,PRD013,V008,1,1090.04,0.0,Marketplace,Cancelada
PED004992,2025-11-02,CLI00115,PRD008,V003,1,2269.98,0.0,Televendas,Concluída
PED004993,2025-05-12,CLI02380,PRD001,V007,4,4315.44,0.0,Loja Física,Concluída
PED004994,2025-02-23,CLI02019,PRD003,V006,1,1056.13,0.05,Loja Física,Concluída
PED004995,2025-01-08,CLI02393,PRD020,V006,1,652.11,0.08,E-commerce,Concluída
PED004996,2025-03-24,CLI01329,PRD002,V001,2,3018.73,0.05,Loja Física,Concluída
PED004997,2025-11-30,CLI02411,PRD011,V004,2,2963.66,0.05,,Concluída
PED004998,2025-07-20,CLI00622,PRD015,V004,1,1632.8,0.08,Loja Física,Concluída
PED004999,2025-12-30,CLI00257,PRD005,V009,1,351.32,0.08,Loja Física,Concluída
PED005000,2025-03-20,CLI01178,PRD013,V009,3,1074.0,0.1,E-commerce,Concluída
PED005001,2025-05-09,CLI00611,PRD003,V009,4,1027.03,0.05,E-commerce,Concluída
PED005002,2025-03-01,CLI02308,PRD005,V005,2,371.89,0.03,E-commerce,Concluída
PED005003,2025-05-26,CLI01514,PRD006,V004,3,194.99,0.05,Loja Física,Concluída
PED005004,2025-07-25,CLI01099,PRD020,V005,1,633.35,0.05,Loja Física,Concluída
PED005005,2025-10-22,CLI00113,PRD004,V008,2,1601.14,0.0,Marketplace,Concluída
PED005006,2025-05-15,CLI00343,PRD002,V007,2,3001.49,0.08,E-commerce,Concluída
PED005007,2025-10-09,CLI01591,PRD020,V007,3,665.48,,Marketplace,Concluída
PED005008,2025-08-17,CLI00164,PRD003,,3,1025.91,0.15,Televendas,Concluída
PED005009,2025-04-17,CLI01785,PRD018,V007,1,952.74,0.0,E-commerce,Concluída
PED005010,2025-11-29,CLI00036,PRD011,V009,1,2869.68,0.0,Televendas,Concluída
PED005011,2025-06-08,CLI00986,PRD010,V007,3,1630.52,0.0,Loja Física,Concluída
PED005012,2025-02-25,CLI00529,PRD014,V005,1,1428.27,0.08,E-commerce,Concluída
PED005013,2025-12-18,CLI00661,PRD013,V009,2,1095.81,0.05,E-commerce,Concluída
PED005014,2025-11-30,CLI01374,PRD002,V010,2,3038.44,0.08,Loja Física,Concluída
PED005015,2025-01-19,CLI00989,PRD020,V008,1,646.15,0.1,E-commerce,Concluída
PED005016,2025-11-26,CLI00876,PRD020,V009,2,648.37,0.0,Marketplace,Concluída
PED005017,2025-12-12,CLI00532,PRD018,V003,2,988.46,0.03,Televendas,Concluída
PED005018,2025-10-30,CLI02188,PRD011,V005,4,2977.78,0.08,E-commerce,Concluída
PED005019,2025-04-04,CLI00613,PRD009,V003,1,2887.73,0.0,Marketplace,Cancelada
PED005020,2025-08-19,CLI01966,PRD009,V004,1,2863.89,0.05,E-commerce,Concluída
PED005021,2025-07-16,CLI02403,PRD001,V008,1,4328.37,0.03,E-commerce,Concluída
PED005022,2025-08-15,CLI01162,PRD008,V007,1,2292.48,0.05,E-commerce,Concluída
PED005023,2025-08-14,CLI00763,PRD011,V001,2,2942.6,0.15,E-commerce,Concluída
PED005024,2025-08-22,CLI00576,PRD011,V008,1,3093.04,0.0,E-commerce,Concluída
PED005025,2025-07-07,CLI00633,PRD006,V002,1,202.0,0.05,Marketplace,Concluída
PED005026,2025-09-10,CLI01037,PRD008,V002,6,2230.18,0.15,Loja Física,Concluída
PED005027,2025-07-12,CLI01544,PRD011,V006,1,2850.61,0.03,Marketplace,Concluída
PED005028,2025-01-07,CLI01595,PRD008,V003,1,2245.84,0.08,E-commerce,Concluída
PED005029,2025-01-13,CLI00486,PRD020,V010,4,628.65,0.1,Loja Física,Cancelada
PED005030,2025-12-16,CLI00059,PRD013,V002,2,1072.99,0.0,Marketplace,Concluída
PED005031,2025-11-28,CLI01993,PRD001,V002,1,4260.98,0.0,E-commerce,Concluída
PED005032,2025-08-02,CLI02224,PRD001,V008,6,4331.13,0.0,Marketplace,Concluída
PED005033,2025-03-05,CLI00222,PRD013,V003,2,1076.88,0.0,Loja Física,Concluída
PED005034,2025-10-13,CLI01637,PRD007,V008,1,343.24,0.03,Loja Física,Concluída
PED005035,2025-02-22,CLI01048,PRD017,V007,1,849.24,0.0,Marketplace,Concluída
PED005036,2025-05-18,CLI02407,PRD003,V002,5,1012.38,0.03,E-commerce,Concluída
PED005037,2025-05-01,CLI02030,PRD001,V006,1,4499.46,0.08,Loja Física,Concluída
PED005038,2025-01-05,CLI01661,PRD007,V006,3,345.43,0.0,E-commerce,Concluída
PED005039,2025-10-22,CLI00861,PRD014,V001,1,1323.97,0.03,E-commerce,Concluída
PED005040,2025-07-06,CLI00907,PRD020,V008,1,631.84,0.0,Televendas,Concluída
PED005041,2025-04-26,CLI01180,PRD018,V009,4,933.84,0.05,Loja Física,Concluída
PED005042,2025-07-05,CLI01096,PRD008,V010,6,2181.06,0.03,E-commerce,Concluída
PED005043,2025-01-01,CLI00225,PRD016,V001,1,2408.02,0.0,E-commerce,Concluída
PED005044,2025-06-09,CLI00018,PRD001,V002,1,4469.59,0.15,Loja Física,Concluída
PED005045,2025-07-09,CLI01707,PRD010,V009,3,1620.66,0.08,Marketplace,Concluída
PED005046,2025-05-04,CLI00144,PRD020,V004,2,668.22,0.05,Loja Física,Concluída
PED005047,2025-10-31,CLI01164,PRD007,V007,1,347.25,0.08,Loja Física,Concluída
PED005048,2025-04-02,CLI00258,PRD020,V004,1,649.43,0.03,E-commerce,Concluída
PED005049,2025-02-20,CLI01157,PRD004,V003,5,1639.98,0.0,E-commerce,Concluída
PED005050,2025-07-12,CLI00984,PRD002,V007,1,3039.95,0.05,Televendas,Concluída
PED005051,2025-11-20,CLI00202,PRD009,V003,1,2873.74,0.08,E-commerce,Concluída
PED005052,2025-05-17,CLI00718,PRD019,V002,1,1084.38,0.15,Loja Física,Cancelada
PED005053,2025-01-18,CLI00171,PRD006,V006,1,196.3,0.05,Loja Física,Concluída
PED005054,2025-12-21,CLI01002,PRD015,V002,2,1506.98,0.03,E-commerce,Concluída
PED005055,2025-06-12,CLI00216,PRD003,V002,1,1015.01,0.08,Loja Física,Concluída
PED005056,2025-03-05,CLI01016,PRD014,V008,2,1402.65,0.05,Loja Física,Concluída
PED005057,2025-08-13,CLI00209,PRD009,V006,1,2803.52,0.0,Televendas,Cancelada
PED005058,2025-04-27,CLI00878,PRD003,V006,1,987.82,0.03,Marketplace,Concluída
PED005059,2025-12-09,CLI00824,PRD013,V002,4,1109.96,0.0,E-commerce,Concluída
PED005060,2025-04-18,CLI01285,PRD013,V002,2,1092.18,0.03,Loja Física,Concluída
PED005061,2025-07-20,CLI01060,PRD009,V004,1,2884.56,0.08,Marketplace,Concluída
PED005062,2025-07-18,CLI02339,PRD004,V004,1,1599.07,0.03,E-commerce,Concluída
PED005063,2025-03-30,CLI02243,PRD002,V005,2,3061.82,0.05,E-commerce,Concluída
PED005064,2025-07-02,CLI01308,PRD020,V002,3,670.86,0.03,E-commerce,Concluída
PED005065,2025-02-09,CLI00097,PRD011,V009,2,2898.19,0.0,Marketplace,Concluída
PED005066,2025-08-23,CLI02051,PRD016,V004,3,2383.7,0.08,Loja Física,Concluída
PED005067,2025-10-04,CLI01687,PRD013,V009,1,1115.78,0.05,Marketplace,Concluída
PED005068,2025-12-13,CLI01949,PRD017,V005,6,841.33,0.08,Marketplace,Concluída
PED005069,2025-04-29,CLI02251,PRD003,V005,1,1074.83,0.05,E-commerce,Concluída
PED005070,2025-04-15,CLI01044,PRD008,V002,1,2331.66,0.08,Televendas,Concluída
PED005071,2025-07-20,CLI01212,PRD012,V007,2,5339.3,0.0,Loja Física,Concluída
PED005072,2025-09-10,CLI00600,PRD002,V001,1,3113.03,0.05,Marketplace,Concluída
PED005073,2025-12-29,CLI00180,PRD003,V008,2,1004.94,0.03,E-commerce,Concluída
PED005074,2025-01-10,CLI00080,PRD011,V009,1,2886.0,0.08,E-commerce,Concluída
PED005075,2025-03-28,CLI01784,PRD018,V004,3,985.97,0.05,E-commerce,Concluída
PED005076,2025-04-06,CLI00140,PRD012,V009,3,5653.87,0.0,E-commerce,Concluída
PED005077,2025-04-04,CLI02197,PRD001,V007,2,4377.6,0.05,E-commerce,Concluída
PED005078,2025-06-19,CLI00548,PRD020,V001,1,635.98,0.08,E-commerce,Concluída
PED005079,2025-11-15,CLI01288,PRD003,V003,1,1029.0,0.0,E-commerce,Concluída
PED005080,2025-01-12,CLI02193,PRD004,V007,3,1590.2,0.05,Televendas,Concluída
PED005081,2025-10-25,CLI00487,PRD020,V008,2,659.74,0.08,Marketplace,Concluída
PED005082,2025-08-14,CLI00264,PRD014,V001,2,1328.62,0.0,E-commerce,Concluída
PED005083,2025-08-13,CLI00967,PRD020,V007,1,635.62,0.05,E-commerce,Devolvida
PED005084,2025-09-05,CLI02064,PRD016,V009,1,2259.91,0.1,Marketplace,Concluída
PED005085,2025-02-12,CLI00668,PRD011,V001,1,2892.85,0.0,Marketplace,Concluída
PED005086,2025-09-30,CLI01144,PRD005,V009,2,359.48,0.0,E-commerce,Concluída
PED005087,2025-04-01,CLI01622,PRD006,V006,3,191.27,0.05,Marketplace,Concluída
PED005088,2025-07-08,CLI01614,PRD020,V007,6,617.97,0.05,Loja Física,Concluída
PED005089,2025-09-05,CLI02089,PRD017,V001,1,874.57,0.08,Loja Física,Cancelada
PED005090,2025-08-09,CLI00360,PRD006,V007,2,191.91,0.05,E-commerce,Concluída
PED005091,2025-04-28,CLI02430,PRD006,V005,3,190.39,0.05,E-commerce,Concluída
PED005092,2025-05-25,CLI01986,PRD006,V004,1,204.55,0.03,Marketplace,Concluída
PED005093,2025-06-23,CLI02443,PRD006,V008,2,201.01,0.0,Marketplace,Concluída
PED005094,2025-01-16,CLI00225,PRD017,V003,2,875.55,0.05,Marketplace,Concluída
PED005095,2025-09-23,CLI01926,PRD001,V001,1,4421.98,0.0,Loja Física,Concluída
PED005096,2025-02-06,CLI01308,PRD008,V005,1,2342.79,0.15,Marketplace,Concluída
PED005097,2025-06-17,CLI01982,PRD020,V008,1,660.42,0.0,Televendas,Concluída
PED005098,2025-08-28,CLI00258,PRD009,V002,2,2838.09,0.0,Loja Física,Concluída
PED005099,2025-01-30,CLI01227,PRD008,V010,1,2208.02,0.08,Loja Física,Concluída
PED005100,2025-12-30,CLI02138,PRD006,V007,1,190.52,0.0,Marketplace,Concluída
PED005101,2025-05-18,CLI02040,PRD002,V010,1,2983.2,0.03,Loja Física,Concluída
PED005102,2025-01-06,CLI01472,PRD004,V005,3,1561.24,0.1,Marketplace,Concluída
PED005103,2025-08-29,CLI01660,PRD002,V002,4,2933.96,0.08,E-commerce,Concluída
PED005104,2025-07-23,CLI01365,PRD002,V002,4,2982.26,0.0,E-commerce,Concluída
PED005105,2025-08-22,CLI02143,PRD003,V006,3,1071.94,0.0,Televendas,Concluída
PED005106,2025-10-02,CLI00682,PRD006,V006,1,189.4,0.05,E-commerce,Concluída
PED005107,2025-06-23,CLI02371,PRD001,V008,1,4370.08,0.05,E-commerce,Concluída
PED005108,2025-10-29,CLI01278,PRD020,V008,2,625.93,0.0,Loja Física,Concluída
PED005109,2025-05-16,CLI02473,PRD002,V008,2,2952.02,0.0,Loja Física,Concluída
PED005110,2025-07-18,CLI00052,PRD007,V006,3,349.93,0.08,E-commerce,Concluída
PED005111,2025-02-27,CLI01333,PRD018,V001,1,948.84,0.03,E-commerce,Concluída
PED005112,2025-08-15,CLI01203,PRD002,V006,5,2973.95,0.08,Loja Física,Cancelada
PED005113,2025-04-06,CLI01218,PRD008,V009,1,2276.42,0.0,E-commerce,Concluída
PED005114,2025-09-12,CLI00536,PRD017,V009,2,868.62,0.05,E-commerce,Concluída
PED005115,2025-10-20,CLI00927,PRD009,V009,4,2823.53,0.05,Marketplace,Concluída
PED005116,2025-11-10,CLI02231,PRD004,V001,2,1655.99,0.03,Loja Física,Concluída
PED005117,2025-12-06,CLI00315,PRD014,V005,3,1327.3,0.05,Marketplace,Concluída
PED005118,2025-02-14,CLI00681,PRD012,V007,3,5577.12,0.0,Televendas,Concluída
PED005119,2025-02-20,CLI01546,PRD006,V003,3,195.9,0.1,Loja Física,Concluída
PED005120,2025-12-05,CLI01279,PRD001,V005,3,4447.72,0.08,E-commerce,Concluída
PED005121,2025-05-20,CLI02490,PRD001,V001,1,4588.17,0.0,Marketplace,Concluída
PED005122,2025-01-10,CLI00008,PRD017,V002,1,847.74,0.05,Loja Física,Concluída
PED005123,2025-04-15,CLI00667,PRD006,V001,3,196.75,,Marketplace,Concluída
PED005124,2025-11-02,CLI01858,PRD003,V010,2,1024.55,0.03,Televendas,CANCELADA
PED005125,2025-05-10,CLI00390,PRD009,V009,2,2820.8,0.03,E-commerce,Concluída
PED005126,2025-01-29,CLI00402,PRD019,V005,1,1071.86,0.08,Loja Física,Cancelada
PED005127,2025-09-21,CLI00646,PRD001,V001,1,4364.79,0.0,Loja Física,Concluída
PED005128,2025-03-13,CLI02497,PRD001,V004,2,4282.01,0.05,E-commerce,Concluída
PED005129,2025-05-09,CLI01213,PRD007,V005,5,335.6,0.0,Loja Física,Concluída
PED005130,2025-01-02,CLI00733,PRD012,V002,1,5074.32,0.05,Marketplace,Concluída
PED005131,2025-08-08,CLI02102,PRD008,V007,1,2346.96,0.03,E-commerce,Concluída
PED005132,2025-06-12,CLI01664,PRD018,V010,1,1009.24,0.0,E-commerce,Concluída
PED005133,2025-11-13,CLI00683,PRD001,V009,2,4437.66,0.1,E-commerce,Concluída
PED005134,2025-05-03,CLI02400,PRD006,V009,1,192.53,0.05,Loja Física,Concluída
PED005135,2025-03-16,CLI02477,PRD006,V009,2,190.61,0.03,Marketplace,Concluída
PED005136,2025-03-02,CLI01891,PRD006,V001,1,189.13,0.08,Marketplace,Concluída
PED005137,2025-03-15,CLI00967,PRD008,V006,1,2304.67,0.05,E-commerce,Concluída
PED005138,2025-06-14,CLI00875,PRD015,V006,1,1619.77,0.0,E-commerce,Concluída
PED005139,2025-02-01,CLI00724,PRD006,V002,1,197.65,0.05,Loja Física,Concluída
PED005140,2025-05-27,CLI02302,PRD014,V002,3,1371.03,0.15,E-commerce,Concluída
PED005141,2025-11-08,CLI00198,PRD003,V006,4,1047.26,0.0,Televendas,Concluída
PED005142,2025-10-08,CLI00532,PRD009,V008,3,2807.57,0.1,Marketplace,Concluída
PED005143,2025-08-21,CLI00437,PRD007,V003,4,350.61,0.05,Loja Física,Concluída
PED005144,2025-11-22,CLI01587,PRD009,V005,1,2930.41,0.0,E-commerce,Concluída
PED005145,2025-10-12,CLI00237,PRD002,V001,4,2919.53,0.08,Televendas,Devolvida
PED005146,2025-08-27,CLI01863,PRD020,V002,2,659.19,0.03,E-commerce,Concluída
PED005147,2025-11-12,CLI00347,PRD019,V006,3,1086.9,0.08,E-commerce,Concluída
PED005148,2025-02-15,CLI00893,PRD017,V006,2,848.09,0.05,E-commerce,Concluída
PED005149,2025-10-26,CLI00465,PRD018,V008,1,978.87,0.0,Loja Física,Concluída
PED005150,2025-04-18,CLI02079,PRD003,V010,1,1045.05,0.0,Televendas,Concluída
PED005151,2025-09-25,CLI01602,PRD008,V002,1,2318.82,0.03,E-commerce,Concluída
PED005152,2025-11-30,CLI01182,PRD006,V004,1,192.65,0.05,Loja Física,Concluída
PED005153,2025-07-01,CLI02342,PRD018,V009,2,983.11,0.1,Loja Física,Concluída
PED005154,2025-02-02,CLI02154,PRD003,V001,6,1005.7,0.08,Loja Física,Concluída
PED005155,2025-05-16,CLI01429,PRD004,V009,1,1598.22,0.08,E-commerce,Concluída
PED005156,2025-05-29,CLI00537,PRD012,V010,2,5494.96,0.05,Marketplace,Concluída
PED005157,2025-12-08,CLI00285,PRD002,V001,2,3066.26,0.0,E-commerce,Cancelada
PED005158,2025-12-11,CLI02240,PRD013,V002,1,1085.68,0.08,E-commerce,Concluída
PED005159,2025-07-27,CLI01772,PRD005,V007,1,358.19,0.0,Marketplace,Concluída
PED005160,2025-12-13,CLI01333,PRD012,V005,1,5706.84,0.0,Marketplace,Concluída
PED005161,2025-06-09,CLI00235,PRD018,V010,2,959.0,0.0,E-commerce,Concluída
PED005162,2025-05-31,CLI01072,PRD010,V006,1,1625.31,0.1,E-commerce,Concluída
PED005163,2025-11-02,CLI02392,PRD004,V007,1,1530.08,0.08,Loja Física,Concluída
PED005164,2025-09-01,CLI00589,PRD001,V003,1,4343.15,0.0,Marketplace,Concluída
PED005165,2025-07-10,CLI00773,PRD001,V004,3,4264.24,0.1,Loja Física,Concluída
PED005166,2025-06-16,CLI00258,PRD002,V002,3,2974.9,0.08,Marketplace,Concluída
PED005167,2025-09-15,CLI00765,PRD010,V002,1,1654.55,0.05,E-commerce,Concluída
PED005168,2025-10-03,CLI00729,PRD006,V002,2,191.49,0.0,Loja Física,Concluída
PED005169,2025-06-29,CLI01946,PRD005,V009,4,353.13,0.03,Loja Física,Concluída
PED005170,2025-01-12,CLI00995,PRD004,V001,1,1541.2,0.03,Televendas,Concluída
PED005171,2025-02-07,CLI01726,PRD020,V006,1,637.91,0.05,E-commerce,Concluída
PED005172,2025-02-22,CLI01498,PRD002,V006,1,2922.97,0.05,E-commerce,Concluída
PED005173,2025-06-18,CLI00714,PRD006,V001,1,207.38,0.0,Televendas,Concluída
PED005174,2025-08-13,CLI01809,PRD008,V009,3,2353.71,0.03,E-commerce,Concluída
PED005175,2025-10-21,CLI02145,PRD001,V006,3,4513.32,0.05,Marketplace,Concluída
PED005176,2025-03-26,CLI00107,PRD019,V002,2,1055.62,0.08,Marketplace,Concluída
PED005177,2025-10-15,CLI01764,PRD002,V002,1,2980.39,0.0,Marketplace,Concluída
PED005178,2025-09-01,CLI02379,PRD012,V008,3,5344.65,0.08,Loja Física,Concluída
PED005179,2025-01-19,CLI01412,PRD011,V007,1,3071.75,0.15,Televendas,Concluída
PED005180,2025-05-09,CLI00622,PRD016,V005,1,2395.32,0.08,E-commerce,Concluída
PED005181,2025-04-21,CLI00227,PRD011,V005,1,2859.2,0.03,E-commerce,Concluída
PED005182,2025-11-20,CLI01697,PRD014,V001,4,1354.64,0.08,Marketplace,Concluída
PED005183,2025-12-03,CLI00261,PRD007,V001,3,329.3,0.1,Loja Física,Concluída
PED005184,2025-10-27,CLI02017,PRD008,V006,2,2260.68,0.08,Loja Física,Concluída
PED005185,2025-07-12,CLI01991,PRD013,V004,3,1080.67,0.0,E-commerce,Devolvida
PED005186,2025-06-29,CLI01044,PRD010,V003,1,1675.09,0.0,E-commerce,Concluída
PED005187,2025-04-24,CLI01534,PRD009,V004,1,2933.44,0.0,E-commerce,Concluída
PED005188,2025-10-10,CLI01095,PRD004,V007,3,1606.21,0.0,E-commerce,Concluída
PED005189,2025-02-01,CLI01922,PRD005,V003,4,358.53,0.08,Televendas,Concluída
PED005190,2025-04-09,CLI00120,PRD006,V004,2,180.91,0.0,Loja Física,Concluída
PED005191,2025-02-19,CLI01289,PRD001,V003,1,4537.37,0.08,E-commerce,Cancelada
PED005192,2025-06-30,CLI01021,PRD007,V007,6,336.36,0.05,Loja Física,Concluída
PED005193,2025-04-20,CLI01142,PRD001,V001,1,4377.98,0.05,Televendas,Concluída
PED005194,2025-03-14,CLI02343,PRD009,V010,1,3024.42,0.0,Loja Física,Concluída
PED005195,2025-05-18,CLI01261,PRD013,V006,1,1053.03,0.03,E-commerce,Concluída
PED005196,2025-11-11,CLI00924,PRD009,V003,1,2864.26,0.0,Televendas,Concluída
PED005197,2025-07-23,CLI01739,PRD013,V008,2,1098.91,0.1,E-commerce,Concluída
PED005198,2025-10-28,CLI02244,PRD001,V010,2,4486.09,0.03,Loja Física,Concluída
PED005199,2025-11-30,CLI02025,PRD001,V001,1,4366.96,0.0,Televendas,Concluída
PED005200,2025-11-26,CLI01753,PRD013,V003,1,1117.33,0.0,Loja Física,Concluída
PED005201,2025-05-09,CLI02286,PRD016,V002,2,2322.19,0.05,E-commerce,Concluída
PED005202,2025-11-17,CLI02213,PRD013,V001,2,1100.18,0.05,Loja Física,Concluída
PED005203,2025-11-28,CLI00526,PRD012,V008,1,5567.43,0.15,E-commerce,Cancelada
PED005204,2025-12-17,CLI00490,PRD013,V002,1,1082.96,0.0,Loja Física,Concluída
PED005205,2025-05-09,CLI01144,PRD014,V004,4,1353.1,0.0,Marketplace,Concluída
PED005206,2025-03-25,CLI01672,PRD013,V009,6,1061.7,0.08,E-commerce,Concluída
PED005207,2025-08-02,CLI02335,PRD014,V007,1,1332.22,0.03,E-commerce,Concluída
PED005208,2025-12-07,CLI00249,PRD002,V007,2,2897.35,0.03,Marketplace,Concluída
PED005209,2025-11-25,CLI02191,PRD001,V001,4,4318.62,0.1,Marketplace,Concluída
PED005210,2025-07-28,CLI01219,PRD006,V010,1,202.43,0.05,E-commerce,Concluída
PED005211,2025-02-24,CLI01609,PRD009,V001,4,2892.83,0.03,E-commerce,Concluída
PED005212,2025-06-04,CLI01811,PRD014,V008,2,1352.57,0.15,E-commerce,Concluída
PED005213,2025-09-18,CLI00534,PRD006,V007,2,188.96,0.0,E-commerce,Concluída
PED005214,2025-07-24,CLI00405,PRD005,V005,2,363.43,0.0,Marketplace,Concluída
PED005215,2025-05-07,CLI00862,PRD015,V009,1,1567.64,0.0,Loja Física,Concluída
PED005216,2025-05-06,CLI02397,PRD005,V009,3,365.39,0.0,E-commerce,Concluída
PED005217,2025-01-22,CLI01822,PRD016,V001,3,2427.72,0.03,Marketplace,Concluída
PED005218,2025-04-16,CLI01175,PRD003,V010,1,1025.15,0.08,Televendas,Concluída
PED005219,2025-09-02,CLI01895,PRD006,V003,2,195.28,0.15,Loja Física,Concluída
PED005220,2025-03-30,CLI01119,PRD007,V008,5,349.83,0.08,Loja Física,Concluída
PED005221,2025-12-29,CLI00229,PRD006,V009,4,193.86,0.1,Marketplace,Devolvida
PED005222,2025-01-31,CLI02215,PRD001,V006,2,4376.37,0.03,Televendas,Devolvida
PED005223,2025-08-03,CLI02073,PRD004,V009,1,1525.26,0.03,Marketplace,Concluída
PED005224,2025-07-01,CLI02151,PRD006,V009,1,195.31,0.0,E-commerce,Cancelada
PED005225,2025-11-01,CLI01541,PRD006,V006,1,203.25,0.05,Loja Física,Concluída
PED005226,2025-11-21,CLI02292,PRD015,V002,3,1583.27,0.03,Televendas,Concluída
PED005227,2025-07-18,CLI02393,PRD001,V005,3,4465.02,0.0,Marketplace,Concluída
PED005228,2025-08-19,CLI01675,PRD007,V010,4,350.16,0.1,Marketplace,Concluída
PED005229,2025-09-13,CLI01916,PRD001,V003,1,4514.13,0.0,Marketplace,Concluída
PED005230,2025-07-10,CLI01655,PRD020,V010,5,640.54,0.08,Marketplace,Concluída
PED005231,2025-03-09,CLI00927,PRD015,V002,5,1607.09,0.0,Loja Física,Devolvida
PED005232,2025-06-06,CLI00575,PRD020,V007,2,682.46,0.05,Loja Física,Concluída
PED005233,2025-03-30,CLI01609,PRD019,V007,4,1090.21,0.05,Loja Física,Concluída
PED005234,2025-06-19,CLI01856,PRD006,V002,2,190.34,0.0,Televendas,Concluída
PED005235,2025-08-13,CLI01912,PRD013,V005,1,1069.29,0.0,E-commerce,Concluída
PED005236,2025-03-18,CLI01554,PRD006,V002,1,199.13,0.05,E-commerce,Concluída
PED005237,2025-04-02,CLI01754,PRD018,V004,1,929.13,0.05,E-commerce,Concluída
PED005238,2025-10-28,CLI00858,PRD007,V010,1,335.46,0.03,E-commerce,Concluída
PED005239,2025-05-18,CLI00043,PRD007,V001,2,339.16,0.03,E-commerce,Concluída
PED005240,2025-03-14,CLI02417,PRD019,V009,1,1093.93,0.0,Televendas,Concluída
PED005241,2025-09-18,CLI00428,PRD017,V007,1,892.0,0.0,E-commerce,Concluída
PED005242,2025-09-19,CLI01216,PRD020,V008,1,657.26,0.1,Marketplace,Concluída
PED005243,2025-10-29,CLI02269,PRD001,V003,2,4245.23,0.0,Loja Física,Concluída
PED005244,2025-10-05,CLI01809,PRD005,V010,5,395.41,0.03,E-commerce,Concluída
PED005245,2025-12-29,CLI02297,PRD006,V003,1,196.75,0.05,Loja Física,Concluída
PED005246,2025-07-29,CLI01665,PRD007,V006,3,327.61,0.08,Loja Física,Concluída
PED005247,2025-04-15,CLI00006,PRD008,V001,6,2209.53,0.0,E-commerce,Concluída
PED005248,2025-11-11,CLI00027,PRD005,V009,2,351.24,0.05,Loja Física,Concluída
PED005249,2025-04-07,CLI02000,PRD015,V008,3,1517.19,0.05,E-commerce,Concluída
PED005250,2025-04-17,CLI01142,PRD004,V002,2,1625.98,0.0,Loja Física,Concluída
PED005251,2025-10-30,CLI01319,PRD013,V007,6,1013.06,0.0,Televendas,Concluída
PED005252,2025-11-18,CLI01518,PRD017,V002,1,874.62,0.08,Loja Física,Concluída
PED005253,2025-05-04,CLI01383,PRD010,V005,3,1678.17,0.03,Marketplace,Concluída
PED005254,2025-09-24,CLI02500,PRD006,V006,1,194.58,0.0,Marketplace,Concluída
PED005255,2025-12-03,CLI00097,PRD003,V010,1,1059.45,0.05,Televendas,Concluída
PED005256,2025-10-19,CLI00386,PRD002,V004,3,2911.88,0.03,E-commerce,Concluída
PED005257,2025-01-02,CLI00218,PRD014,V001,3,1313.98,0.0,E-commerce,Concluída
PED005258,2025-08-31,CLI01705,PRD008,V005,4,2299.59,0.0,E-commerce,Concluída
PED005259,2025-03-04,CLI01298,PRD001,V010,4,4343.95,0.03,Marketplace,Concluída
PED005260,2025-11-05,CLI01092,PRD020,V008,3,636.05,0.05,Marketplace,Concluída
PED005261,2025-01-25,CLI02236,PRD012,V001,2,5494.76,0.03,E-commerce,Concluída
PED005262,2025-12-29,CLI01177,PRD017,V001,5,881.8,0.0,Marketplace,Concluída
PED005263,2025-03-06,CLI02095,PRD008,V008,1,2341.01,0.05,Televendas,Concluída
PED005264,2025-06-03,CLI00396,PRD020,V008,1,653.03,0.08,Loja Física,Cancelada
PED005265,2025-03-27,CLI00845,PRD004,V006,2,1591.12,0.05,E-commerce,Concluída
PED005266,2025-10-25,CLI01326,PRD003,V001,2,1049.24,0.0,Loja Física,Cancelada
PED005267,2025-05-24,CLI02133,PRD018,V003,2,948.5,0.0,E-commerce,Concluída
PED005268,2025-09-29,CLI00115,PRD018,V009,3,997.73,0.1,Marketplace,Concluída
PED005269,2025-01-25,CLI01102,PRD008,V002,1,2322.32,0.0,E-commerce,Concluída
PED005270,2025-06-15,CLI01036,PRD002,V003,3,3138.22,0.03,Loja Física,Concluída
PED005271,2025-11-29,CLI01949,PRD006,V005,2,192.88,0.05,Marketplace,Concluída
PED005272,2025-12-05,CLI01014,PRD014,V008,5,1311.16,0.08,Loja Física,Concluída
PED005273,2025-03-18,CLI00806,PRD017,V009,1,865.43,0.1,E-commerce,Concluída
PED005274,2025-05-24,CLI00434,PRD006,V006,2,195.48,0.03,Loja Física,Concluída
PED005275,2025-05-30,CLI01859,PRD001,V005,3,4475.93,0.15,Televendas,Concluída
PED005276,2025-07-26,CLI02495,PRD012,V004,2,5691.93,0.0,E-commerce,Concluída
PED005277,2025-07-16,CLI01921,PRD014,V001,1,1399.38,0.08,Marketplace,Concluída
PED005278,2025-02-08,CLI01782,PRD007,V003,1,342.48,0.0,E-commerce,Concluída
PED005279,2025-10-06,CLI01391,PRD010,V003,1,1680.88,0.1,E-commerce,Concluída
PED005280,2025-03-24,CLI02390,PRD020,V001,2,637.8,0.1,Loja Física,Concluída
PED005281,2025-04-25,CLI00572,PRD005,V008,2,362.51,0.08,E-commerce,Concluída
PED005282,2025-11-03,CLI01857,PRD010,V004,2,1642.48,0.05,Marketplace,Devolvida
PED005283,2025-09-09,CLI00680,PRD010,V006,3,1640.29,0.0,E-commerce,Cancelada
PED005284,2025-05-25,CLI01235,PRD009,V003,1,2993.27,0.03,Loja Física,Concluída
PED005285,2025-11-30,CLI00313,PRD018,V006,1,936.87,0.0,E-commerce,Concluída
PED005286,2025-05-24,CLI01532,PRD010,V002,3,1644.48,0.08,E-commerce,Concluída
PED005287,2025-07-26,CLI01065,PRD008,V007,3,2271.47,0.0,Marketplace,Concluída
PED005288,2025-03-31,CLI00420,PRD002,V008,2,3041.81,0.0,Marketplace,Devolvida
PED005289,2025-03-08,CLI01949,PRD013,V004,3,1055.66,0.0,E-commerce,Concluída
PED005290,2025-06-29,CLI00383,PRD002,V003,5,2971.28,0.08,Marketplace,Concluída
PED005291,2025-07-25,CLI01818,PRD001,V008,5,4301.79,0.03,E-commerce,Concluída
PED005292,2025-10-22,CLI01216,PRD008,V003,2,2140.71,0.05,E-commerce,Concluída
PED005293,2025-05-23,CLI02425,PRD010,V002,1,1692.48,0.0,E-commerce,Concluída
PED005294,2025-11-23,CLI00508,PRD020,V004,1,622.41,0.03,Marketplace,Concluída
PED005295,2025-08-10,CLI01339,PRD013,V010,2,1041.93,0.05,Loja Física,Concluída
PED005296,2025-01-26,CLI01926,PRD017,V005,2,873.88,0.0,Loja Física,Concluída
PED005297,2025-09-27,CLI01058,PRD006,V003,1,195.18,0.05,Marketplace,Concluída
PED005298,2025-07-29,CLI00743,PRD008,V006,1,2251.39,0.03,E-commerce,Concluída
PED005299,2025-05-23,CLI00799,PRD020,V004,5,641.61,0.15,Loja Física,Concluída
PED005300,2025-06-20,CLI00219,PRD007,V007,1,351.17,0.0,Marketplace,Concluída
PED005301,2025-04-21,CLI02194,PRD016,V005,3,2314.2,0.03,Loja Física,Concluída
PED005302,2025-08-13,CLI01464,PRD009,V006,4,2905.33,0.1,Marketplace,Concluída
PED005303,2025-07-26,CLI01139,PRD004,V005,2,1559.59,0.1,E-commerce,Concluída
PED005304,2025-06-13,CLI01389,PRD010,V005,1,1658.25,0.05,Marketplace,Concluída
PED005305,2025-04-15,CLI00061,PRD004,V005,3,1641.62,0.0,Marketplace,Concluída
PED005306,2025-05-26,CLI00653,PRD001,V004,2,4520.23,0.03,Loja Física,Concluída
PED005307,2025-07-01,CLI00203,PRD004,V010,1,1543.22,0.05,Marketplace,Concluída
PED005308,2025-06-22,CLI00322,PRD003,V003,2,1028.06,0.0,E-commerce,Cancelada
PED005309,2025-04-23,CLI02228,PRD006,V009,1,204.7,0.0,Marketplace,Cancelada
PED005310,2025-08-01,CLI01572,PRD018,V008,2,991.74,0.05,Loja Física,Cancelada
PED005311,2025-03-24,CLI00105,PRD007,V006,4,340.28,0.0,Marketplace,Concluída
PED005312,2025-07-02,CLI01851,PRD017,V004,2,853.74,0.1,Televendas,Devolvida
PED005313,2025-02-14,CLI01720,PRD009,V005,5,2884.0,0.0,Marketplace,Concluída
PED005314,2025-06-22,CLI00473,PRD001,V009,2,4326.11,0.15,Televendas,Concluída
PED005315,2025-10-14,CLI00811,PRD003,V002,4,1049.91,0.05,E-commerce,Concluída
PED005316,2025-10-26,CLI01865,PRD020,V006,3,654.07,0.15,Marketplace,Concluída
PED005317,2025-09-11,CLI00795,PRD010,V008,1,1598.84,0.08,E-commerce,Concluída
PED005318,2025-09-30,CLI01639,PRD020,V007,4,638.24,0.0,E-commerce,Concluída
PED005319,2025-01-25,CLI01077,PRD006,V002,4,194.6,0.0,E-commerce,Concluída
PED005320,2025-05-05,CLI01937,PRD013,V006,1,1078.5,0.0,E-commerce,Concluída
PED005321,2025-08-27,CLI01307,PRD015,V002,3,1580.69,0.08,Televendas,Concluída
PED005322,2025-10-20,CLI00160,PRD020,V010,1,649.07,0.0,Marketplace,Concluída
PED005323,2025-08-01,CLI01599,PRD001,V004,1,4288.25,0.08,Marketplace,Concluída
PED005324,2025-11-08,CLI02416,PRD020,V005,1,667.8,0.1,E-commerce,Concluída
PED005325,2025-04-10,CLI01962,PRD007,V009,2,342.02,0.03,Marketplace,Concluída
PED005326,2025-02-26,CLI01649,PRD017,V005,1,884.9,0.05,E-commerce,Concluída
PED005327,2025-02-01,CLI00275,PRD009,V002,1,2965.81,0.1,E-commerce,Concluída
PED005328,2025-08-01,CLI00647,PRD009,V009,5,2786.93,0.08,E-commerce,Concluída
PED005329,2025-08-31,CLI02253,PRD006,V007,2,194.42,0.0,E-commerce,Concluída
PED005330,2025-04-15,CLI02193,PRD017,V007,3,844.75,0.0,Loja Física,Concluída
PED005331,2025-10-14,CLI00114,PRD005,V001,1,363.37,0.05,Marketplace,Concluída
PED005332,2025-09-27,CLI01452,PRD008,V005,1,2309.62,0.0,E-commerce,Concluída
PED005333,2025-05-12,CLI02055,PRD009,V005,3,2873.26,0.05,Televendas,Concluída
PED005334,2025-03-29,CLI00402,PRD014,V003,1,1323.75,0.15,Marketplace,Concluída
PED005335,2025-09-28,CLI02395,PRD008,V006,2,2362.08,0.03,E-commerce,Concluída
PED005336,2025-09-03,CLI02132,PRD012,V003,6,5450.0,0.0,Loja Física,Concluída
PED005337,2025-03-04,CLI01384,PRD008,V005,1,2310.49,0.0,E-commerce,Concluída
PED005338,2025-04-04,CLI01806,PRD011,V009,2,2933.74,0.1,Marketplace,Concluída
PED005339,2025-06-27,CLI00127,PRD012,V008,2,5501.42,0.0,E-commerce,Concluída
PED005340,2025-07-06,CLI00701,PRD013,V003,1,1103.71,0.0,E-commerce,Concluída
PED005341,2025-03-02,CLI00301,PRD016,V003,3,2437.09,0.05,Marketplace,Concluída
PED005342,2025-12-13,CLI01360,PRD009,V001,2,2884.57,0.03,Loja Física,Concluída
PED005343,2025-05-22,CLI02015,PRD003,V004,1,1023.08,0.03,E-commerce,Concluída
PED005344,2025-05-20,CLI00998,PRD012,V001,2,5714.29,0.05,Marketplace,Concluída
PED005345,2025-01-23,CLI01000,PRD002,V002,2,3030.62,0.05,E-commerce,Concluída
PED005346,2025-11-16,CLI00018,PRD004,V010,2,1612.23,0.0,Marketplace,Concluída
PED005347,2025-03-27,CLI00384,PRD015,V009,5,1610.44,0.03,E-commerce,Concluída
PED005348,2025-12-27,CLI01195,PRD008,V006,3,2286.69,0.08,E-commerce,Concluída
PED005349,2025-07-01,CLI01139,PRD008,V008,1,2407.76,0.03,Televendas,Concluída
PED005350,2025-11-16,CLI00590,PRD020,V005,5,646.18,0.15,Loja Física,Concluída
PED005351,2025-03-07,CLI00410,PRD004,V007,3,1651.53,0.0,E-commerce,Concluída
PED005352,2025-03-02,CLI00387,PRD001,V010,1,4415.08,0.05,Loja Física,Concluída
PED005353,2025-10-20,CLI01715,PRD002,V001,1,3026.49,0.05,Televendas,Concluída
PED005354,2025-10-27,CLI00232,PRD005,V004,1,357.29,0.05,Loja Física,Concluída
PED005355,2025-07-18,CLI00935,PRD013,V002,1,1075.74,0.0,Loja Física,Concluída
PED005356,2025-01-12,CLI00559,PRD015,V008,2,1589.59,0.05,Loja Física,Concluída
PED005357,2025-12-11,CLI00811,PRD009,V009,1,2800.6,0.15,E-commerce,Concluída
PED005358,2025-05-24,CLI01899,PRD005,V008,6,355.36,0.03,Loja Física,Concluída
PED005359,2025-12-08,CLI02041,PRD009,V007,2,2863.83,0.0,E-commerce,Concluída
PED005360,2025-11-14,CLI00897,PRD001,V005,1,4502.24,0.0,E-commerce,Concluída
PED005361,2025-11-07,CLI02066,PRD012,V001,6,5521.49,0.03,E-commerce,Concluída
PED005362,2025-09-09,CLI00348,PRD010,V008,2,1647.34,0.0,E-commerce,Concluída
PED005363,2025-09-03,CLI01906,PRD001,V009,1,4251.26,0.08,E-commerce,Concluída
PED005364,2025-07-14,CLI00424,PRD016,V010,1,2446.05,0.15,E-commerce,Concluída
PED005365,2025-01-10,CLI00752,PRD014,V004,2,1379.39,0.1,Marketplace,Concluída
PED005366,2025-05-22,CLI01631,PRD006,V003,2,202.83,0.03,E-commerce,Concluída
PED005367,2025-09-24,CLI00794,PRD011,V007,2,2829.83,0.03,Marketplace,Concluída
PED005368,2025-10-24,CLI01009,PRD010,V001,3,1659.13,0.03,E-commerce,Concluída
PED005369,2025-07-24,CLI00253,PRD003,V001,2,1011.45,0.0,Televendas,Cancelada
PED005370,2025-09-16,CLI01555,PRD003,V009,4,1055.72,0.05,Marketplace,Concluída
PED005371,2025-01-08,CLI01173,PRD012,V010,3,5554.72,0.0,E-commerce,Concluída
PED005372,2025-06-20,CLI00131,PRD020,V005,2,654.53,0.0,E-commerce,Concluída
PED005373,2025-07-05,CLI00624,PRD010,V006,1,1615.22,0.08,Loja Física,Concluída
PED005374,2025-11-22,CLI01822,PRD009,V006,2,2788.32,0.08,Televendas,Concluída
PED005375,2025-04-24,CLI00909,PRD011,V002,2,2889.43,0.1,Loja Física,Concluída
PED005376,2025-03-25,CLI02407,PRD008,V003,2,2285.88,0.03,E-commerce,Concluída
PED005377,2025-05-09,CLI02276,PRD001,V003,1,4340.39,0.1,E-commerce,Concluída
PED005378,2025-03-04,CLI01967,PRD007,V009,2,344.14,0.03,E-commerce,Concluída
PED005379,2025-07-23,CLI02251,PRD019,V005,1,1063.0,0.0,E-commerce,Concluída
PED005380,2025-08-23,CLI01805,PRD016,V008,2,2346.19,0.03,E-commerce,Concluída
PED005381,2025-10-20,CLI01119,PRD020,V002,1,668.69,0.05,Loja Física,Cancelada
PED005382,2025-12-21,CLI00497,PRD003,,4,1044.35,0.03,Loja Física,Devolvida
PED005383,2025-01-27,CLI01569,PRD008,V009,1,2290.82,0.08,E-commerce,Concluída
PED005384,2025-04-01,CLI01015,PRD010,V005,3,1661.25,0.03,Marketplace,Concluída
PED005385,2025-04-20,CLI02423,PRD004,V003,2,1584.84,0.1,E-commerce,Concluída
PED005386,2025-04-02,CLI00390,PRD004,V010,1,1670.88,0.0,Televendas,Concluída
PED005387,2025-10-29,CLI01292,PRD015,V009,3,1584.11,0.08,Loja Física,Concluída
PED005388,2025-02-20,CLI01906,PRD012,V006,4,5534.81,0.1,E-commerce,Concluída
PED005389,2025-01-11,CLI01338,PRD011,V003,3,2986.9,0.05,E-commerce,Concluída
PED005390,2025-11-11,CLI01856,PRD005,V007,5,369.03,0.1,Loja Física,Cancelada
PED005391,2025-12-17,CLI00052,PRD008,V004,2,2197.78,0.05,Marketplace,Concluída
PED005392,2025-03-24,CLI00308,PRD001,V007,4,4372.98,0.0,Loja Física,Concluída
PED005393,2025-05-02,CLI00112,PRD002,V009,4,3160.94,0.05,E-commerce,Concluída
PED005394,2025-07-03,CLI01864,PRD009,V005,3,2981.21,0.05,Loja Física,Concluída
PED005395,2025-07-11,CLI01687,PRD006,V001,3,196.31,0.0,E-commerce,Devolvida
PED005396,2025-12-28,CLI01428,PRD020,V006,3,657.91,0.03,Marketplace,Concluída
PED005397,2025-05-28,CLI01055,PRD008,V009,2,2249.9,0.0,Marketplace,Concluída
PED005398,2025-01-05,CLI02452,PRD002,V003,2,3020.13,0.0,Marketplace,Concluída
PED005399,2025-06-04,CLI01196,PRD001,V010,1,4316.8,0.15,Loja Física,Concluída
PED005400,2025-07-23,CLI02474,PRD013,V004,2,1072.53,0.1,Loja Física,Concluída
PED005401,2025-07-08,CLI00353,PRD003,V007,1,1020.41,0.05,Marketplace,Concluída
PED005402,2025-07-06,CLI00202,PRD003,V008,3,1079.3,0.03,Loja Física,Concluída
PED005403,2025-12-03,CLI02043,PRD007,V002,2,337.87,0.03,E-commerce,Concluída
PED005404,2025-10-22,CLI02093,PRD005,V001,1,370.84,0.0,Marketplace,Concluída
PED005405,2025-04-02,CLI01613,PRD011,V010,1,2904.78,0.03,E-commerce,Concluída
PED005406,2025-05-10,CLI00402,PRD008,V008,1,2237.45,0.08,E-commerce,Concluída
PED005407,2025-09-01,CLI01001,PRD002,V007,2,3022.8,0.05,Televendas,Concluída
PED005408,2025-05-30,CLI01375,PRD015,V004,1,1519.12,0.03,Televendas,Devolvida
PED005409,2025-06-06,CLI02008,PRD007,V002,1,347.66,0.0,Loja Física,Concluída
PED005410,2025-03-03,CLI01263,PRD010,V003,1,1639.08,0.1,Marketplace,Concluída
PED005411,2025-04-03,CLI01576,PRD001,V006,1,4306.7,0.0,E-commerce,Concluída
PED005412,2025-09-28,CLI00685,PRD011,V007,1,2880.27,0.03,Marketplace,Concluída
PED005413,2025-11-04,CLI00062,PRD005,V004,1,378.32,0.03,E-commerce,Concluída
PED005414,2025-10-14,CLI01806,PRD008,V003,2,2266.47,0.03,Televendas,Devolvida
PED005415,2025-04-23,CLI00154,PRD006,V003,3,196.45,0.05,Marketplace,Concluída
PED005416,2025-02-19,CLI01340,PRD020,V010,5,660.25,0.05,E-commerce,Concluída
PED005417,2025-02-28,CLI01110,PRD004,V007,1,1571.61,0.05,E-commerce,Concluída
PED005418,2025-05-24,CLI01556,PRD019,V010,1,1121.87,0.0,Loja Física,Concluída
PED005419,2025-07-08,CLI01495,PRD019,V001,1,1089.96,0.15,Loja Física,Concluída
PED005420,2025-11-22,CLI01728,PRD007,V005,2,330.15,0.08,E-commerce,Concluída
PED005421,2025-11-25,CLI00216,PRD006,V005,1,194.22,0.1,E-commerce,Cancelada
PED005422,2025-01-01,CLI01012,PRD007,V005,1,332.62,0.0,E-commerce,Concluída
PED005423,2025-09-16,CLI00791,PRD020,V004,2,647.46,0.1,E-commerce,Concluída
PED005424,2025-04-20,CLI00104,PRD011,V001,1,2878.21,0.08,Loja Física,Concluída
PED005425,2025-03-14,CLI02418,PRD009,V001,2,2798.06,0.05,Loja Física,Concluída
PED005426,2025-07-22,CLI00645,PRD001,V008,2,4398.73,0.0,Loja Física,Concluída
PED005427,2025-01-13,CLI00179,PRD017,V005,3,854.6,0.0,E-commerce,Concluída
PED005428,2025-05-02,CLI00440,PRD002,V002,1,3084.16,0.08,E-commerce,Concluída
PED005429,2025-07-21,CLI01811,PRD001,V004,1,4494.0,0.03,Loja Física,Concluída
PED005430,2025-04-10,CLI01884,PRD005,V010,2,361.1,0.05,Loja Física,Concluída
PED005431,2025-08-05,CLI00535,PRD008,V005,1,2296.76,0.08,Loja Física,Concluída
PED005432,2025-06-17,CLI00625,PRD018,V010,1,935.29,0.08,E-commerce,Concluída
PED005433,2025-10-19,CLI01226,PRD015,V002,2,1597.42,0.03,Televendas,Concluída
PED005434,2025-03-08,CLI00914,PRD003,V002,1,1046.37,0.1,Televendas,Concluída
PED005435,2025-01-21,CLI01497,PRD006,V006,1,201.52,0.0,E-commerce,Concluída
PED005436,2025-07-13,CLI01116,PRD015,V007,2,1558.08,0.08,E-commerce,Concluída
PED005437,2025-04-04,CLI01294,PRD009,V010,3,2841.45,0.03,E-commerce,Concluída
PED005438,2025-09-15,CLI02089,PRD003,V005,1,1028.2,0.0,E-commerce,Concluída
PED005439,2025-02-04,CLI01638,PRD007,V003,2,354.24,0.03,Marketplace,Concluída
PED005440,2025-07-29,CLI02112,PRD011,V006,6,2957.24,0.08,Loja Física,Concluída
PED005441,2025-12-28,CLI00588,PRD020,V004,1,621.98,0.05,E-commerce,Concluída
PED005442,2025-02-03,CLI00550,PRD012,V002,3,5599.17,0.0,Televendas,Concluída
PED005443,2025-04-21,CLI01231,PRD001,V001,1,4316.25,0.0,E-commerce,Concluída
PED005444,2025-11-05,CLI01021,PRD013,V008,5,1114.86,0.05,E-commerce,Concluída
PED005445,2025-07-14,CLI02090,PRD005,V007,1,365.41,0.0,Marketplace,Concluída
PED005446,2025-03-05,CLI00612,PRD017,V002,1,880.13,0.0,E-commerce,Concluída
PED005447,2025-03-19,CLI01096,PRD007,V006,6,350.86,0.08,Televendas,Concluída
PED005448,2025-10-07,CLI02441,PRD004,V009,2,1643.01,0.03,Loja Física,Concluída
PED005449,2025-11-11,CLI00827,PRD008,V009,1,2332.76,0.0,Marketplace,Concluída
PED005450,2025-05-12,CLI01333,PRD005,V005,3,367.9,0.03,Loja Física,Devolvida
PED005451,2025-06-22,CLI01161,PRD004,V001,4,1577.54,0.05,E-commerce,Concluída
PED005452,2025-10-13,CLI00003,PRD010,V007,2,1597.66,0.05,Loja Física,Concluída
PED005453,2025-03-06,CLI00532,PRD014,V006,1,1314.38,0.0,E-commerce,Concluída
PED005454,2025-03-17,CLI00227,PRD017,V010,1,869.25,0.03,E-commerce,Devolvida
PED005455,2025-10-10,CLI02349,PRD007,V006,5,322.97,0.03,E-commerce,Concluída
PED005456,2025-03-10,CLI02140,PRD001,V008,1,4365.15,0.03,Televendas,Concluída
PED005457,2025-10-09,CLI00629,PRD008,V006,1,2253.34,0.0,Marketplace,Concluída
PED005458,2025-07-01,CLI00996,PRD008,V006,1,2337.82,0.0,Marketplace,Concluída
PED005459,2025-12-28,CLI02159,PRD003,V004,1,1032.7,0.05,Marketplace,Concluída
PED005460,2025-01-13,CLI02264,PRD018,V005,2,960.47,0.0,Loja Física,Concluída
PED005461,2025-12-12,CLI01411,PRD020,V003,1,667.41,0.15,E-commerce,Devolvida
PED005462,2025-03-24,CLI01659,PRD001,V005,1,4356.8,0.15,Loja Física,Concluída
PED005463,2025-01-13,CLI02471,PRD015,V010,1,1560.15,0.03,E-commerce,Concluída
PED005464,2025-09-22,CLI01334,PRD011,V004,1,2900.56,0.05,Loja Física,Concluída
PED005465,2025-07-14,CLI00741,PRD005,V005,1,363.12,0.05,E-commerce,Concluída
PED005466,2025-11-02,CLI02038,PRD011,V010,1,2912.14,0.0,E-commerce,Concluída
PED005467,2025-02-09,CLI02173,PRD002,V002,3,2969.12,0.03,Loja Física,Concluída
PED005468,2025-01-30,CLI01826,PRD001,V003,1,4525.15,0.15,Loja Física,Concluída
PED005469,2025-07-27,CLI02011,PRD020,V005,1,646.94,0.0,Marketplace,Concluída
PED005470,2025-11-18,CLI01455,PRD011,V005,2,2903.57,0.05,Loja Física,Concluída
PED005471,2025-05-29,CLI01489,PRD005,V004,3,351.58,0.05,E-commerce,Concluída
PED005472,2025-10-19,CLI00213,PRD008,V008,2,2279.68,0.0,Marketplace,Concluída
PED005473,2025-11-27,CLI00328,PRD020,V005,6,637.11,0.05,E-commerce,Concluída
PED005474,2025-11-14,CLI02007,PRD008,V004,1,2247.53,0.1,Loja Física,Concluída
PED005475,2025-07-05,CLI02378,PRD019,V005,1,1067.71,0.0,Marketplace,Concluída
PED005476,2025-09-12,CLI02079,PRD018,V009,1,974.17,0.0,Marketplace,Concluída
PED005477,2025-07-11,CLI01771,PRD006,V010,1,190.42,0.0,E-commerce,Concluída
PED005478,2025-09-04,CLI02235,PRD013,V003,6,1096.6,0.08,E-commerce,Concluída
PED005479,2025-07-26,CLI01326,PRD012,V001,2,5435.12,0.05,Marketplace,Concluída
PED005480,2025-07-11,CLI00255,PRD014,V001,3,1366.29,0.05,E-commerce,Cancelada
PED005481,2025-06-09,CLI00682,PRD006,V005,6,199.22,0.08,E-commerce,Concluída
PED005482,2025-08-27,CLI02431,PRD001,V007,3,4378.18,0.15,E-commerce,Concluída
PED005483,2025-10-02,CLI02153,PRD003,V001,1,1057.65,0.0,Loja Física,Concluída
PED005484,2025-12-02,CLI01094,PRD011,V006,4,3050.77,0.08,E-commerce,Concluída
PED005485,2025-08-12,CLI00222,PRD015,V004,2,1619.89,0.03,Marketplace,Concluída
PED005486,2025-02-06,CLI00545,PRD014,V010,1,1298.25,0.0,E-commerce,Cancelada
PED005487,2025-08-03,CLI01955,PRD010,V007,2,1619.79,0.0,Loja Física,Concluída
PED005488,2025-04-26,CLI01777,PRD002,V005,4,2957.52,0.03,E-commerce,Concluída
PED005489,2025-01-10,CLI02133,PRD001,V006,3,4436.55,0.1,Marketplace,Concluída
PED005490,2025-01-27,CLI01937,PRD015,V002,1,1549.6,0.03,Loja Física,Concluída
PED005491,2025-08-04,CLI01945,PRD009,V005,4,2822.56,0.05,E-commerce,Concluída
PED005492,2025-12-11,CLI00002,PRD015,V004,2,1541.28,0.0,Loja Física,Concluída
PED005493,2025-07-04,CLI00666,PRD003,V002,2,1043.48,0.0,Marketplace,Concluída
PED005494,2025-06-12,CLI00813,PRD007,V004,1,347.41,0.1,Loja Física,Concluída
PED005495,2025-02-02,CLI01578,PRD019,V007,1,1057.89,0.08,E-commerce,Concluída
PED005496,2025-09-04,CLI01171,PRD003,V006,1,1022.42,0.05,E-commerce,Concluída
PED005497,2025-01-21,CLI00365,PRD001,V010,4,4159.95,0.0,E-commerce,Concluída
PED005498,2025-11-04,CLI02123,PRD011,V003,6,2760.89,0.0,Televendas,Cancelada
PED005499,2025-10-25,CLI00919,PRD010,V007,1,1664.61,0.15,Televendas,Concluída
PED005500,2025-12-28,CLI00050,PRD020,V006,1,651.25,0.0,E-commerce,Concluída
PED005501,2025-04-14,CLI02036,PRD019,V009,1,1095.63,0.0,E-commerce,Cancelada
PED005502,2025-03-01,CLI01880,PRD014,V010,3,1395.49,0.05,E-commerce,Concluída
PED005503,2025-04-20,CLI02358,PRD001,V008,2,4183.89,0.1,Loja Física,Concluída
PED005504,2025-10-19,CLI02329,PRD008,V005,2,2150.46,0.0,E-commerce,Concluída
PED005505,2025-03-21,CLI00989,PRD018,V006,1,942.18,0.08,Loja Física,Concluída
PED005506,2025-11-20,CLI02354,PRD008,V007,1,2148.21,0.03,Loja Física,Concluída
PED005507,2025-02-26,CLI01961,PRD020,V009,4,636.24,0.05,E-commerce,Concluída
PED005508,2025-01-18,CLI00563,PRD011,V003,2,2979.26,0.0,E-commerce,Concluída
PED005509,2025-03-22,CLI01715,PRD002,V009,1,3015.86,0.1,Loja Física,Concluída
PED005510,2025-10-03,CLI01544,PRD008,V009,1,2326.69,0.08,Televendas,Cancelada
PED005511,2025-08-08,CLI00678,PRD013,V001,1,1095.49,0.15,Loja Física,Concluída
PED005512,2025-05-10,CLI01192,PRD001,V003,1,4322.72,0.05,Loja Física,Concluída
PED005513,2025-08-28,CLI00561,PRD006,V003,1,194.24,0.1,E-commerce,Concluída
PED005514,2025-08-25,CLI01541,PRD013,V006,3,1097.3,0.05,Marketplace,Concluída
PED005515,2025-07-22,CLI01217,PRD003,V003,1,996.12,0.05,Marketplace,Concluída
PED005516,2025-07-07,CLI01367,PRD006,V004,1,181.19,0.0,E-commerce,Concluída
PED005517,2025-02-07,CLI01639,PRD013,V002,2,1096.02,0.08,Marketplace,Concluída
PED005518,2025-04-05,CLI02262,PRD015,V001,1,1579.3,0.03,E-commerce,Concluída
PED005519,2025-07-12,CLI01047,PRD009,V005,2,2975.05,0.05,E-commerce,Concluída
PED005520,2025-02-19,CLI01832,PRD020,V004,4,657.4,0.05,E-commerce,Concluída
PED005521,2025-06-23,CLI01240,PRD020,V006,1,651.14,0.08,Loja Física,Concluída
PED005522,2025-02-12,CLI01366,PRD008,V003,3,2250.72,0.05,Marketplace,Concluída
PED005523,2025-10-15,CLI00534,PRD003,V003,1,1014.74,0.05,E-commerce,Concluída
PED005524,2025-02-07,CLI02494,PRD015,V009,1,1559.1,0.05,E-commerce,Concluída
PED005525,2025-02-03,CLI01376,PRD005,V009,1,369.16,0.05,E-commerce,Concluída
PED005526,2025-08-21,CLI02347,PRD017,V003,2,863.56,0.03,E-commerce,Concluída
PED005527,2025-03-22,CLI01648,PRD010,V002,1,1683.09,0.08,Marketplace,Concluída
PED005528,2025-05-09,CLI00375,PRD007,V010,3,342.89,0.08,Loja Física,Concluída
PED005529,2025-04-25,CLI01602,PRD009,V007,1,2798.36,0.05,Loja Física,Concluída
PED005530,2025-03-21,CLI01590,PRD009,V005,2,2945.8,0.0,E-commerce,Concluída
PED005531,2025-10-06,CLI02015,PRD020,V007,1,663.44,0.03,Loja Física,Cancelada
PED005532,2025-09-10,CLI02340,PRD004,V003,1,1612.84,0.08,Loja Física,Concluída
PED005533,2025-03-29,CLI00088,PRD020,V005,2,655.13,0.1,Loja Física,Concluída
PED005534,2025-09-08,CLI02113,PRD001,V004,1,4421.52,0.0,Marketplace,Concluída
PED005535,2025-09-18,CLI01507,PRD014,V008,1,1326.52,0.1,Televendas,Concluída
PED005536,2025-07-16,CLI02236,PRD019,V002,2,1083.84,0.0,E-commerce,Devolvida
PED005537,2025-07-31,CLI00990,PRD007,V005,3,334.2,0.1,Marketplace,Concluída
PED005538,2025-12-08,CLI01542,PRD002,V009,2,2973.92,0.1,Marketplace,Concluída
PED005539,2025-06-15,CLI00440,PRD016,V002,1,2407.04,0.05,Marketplace,Concluída
PED005540,2025-05-21,CLI00196,PRD017,V002,1,871.61,0.15,E-commerce,Concluída
PED005541,2025-07-16,CLI00119,PRD006,V009,1,199.58,0.05,Loja Física,Cancelada
PED005542,2025-11-02,CLI00043,PRD009,V009,1,2931.39,0.03,E-commerce,Concluída
PED005543,2025-09-16,CLI01157,PRD016,V005,1,2325.14,0.08,Televendas,Concluída
PED005544,2025-01-28,CLI00755,PRD003,V001,1,1005.36,0.0,Marketplace,Concluída
PED005545,2025-06-17,CLI00761,PRD011,V006,1,2924.95,0.0,Loja Física,Concluída
PED005546,2025-09-28,CLI01541,PRD008,V003,2,2264.01,0.0,Televendas,Concluída
PED005547,2025-03-23,CLI02267,PRD003,V006,1,1053.24,0.05,Loja Física,Concluída
PED005548,2025-12-27,CLI02314,PRD017,V002,1,864.58,0.08,E-commerce,Concluída
PED005549,2025-10-22,CLI01468,PRD006,V009,1,201.8,0.08,Marketplace,Concluída
PED005550,2025-11-06,CLI00986,PRD020,V007,1,613.6,0.1,E-commerce,Devolvida
PED005551,2025-01-30,CLI01040,PRD010,V007,0,1611.87,0.1,Marketplace,Concluída
PED005552,2025-07-31,CLI01568,PRD009,V006,1,2856.2,0.05,Loja Física,Concluída
PED005553,2025-07-12,CLI02272,PRD007,V003,1,346.08,0.1,Televendas,Concluída
PED005554,2025-08-17,CLI01335,PRD007,V010,4,359.89,0.0,Loja Física,Concluída
PED005555,2025-11-07,CLI01006,PRD016,V003,1,2289.24,0.08,E-commerce,Concluída
PED005556,2025-05-09,CLI00591,PRD012,V004,1,5412.61,0.0,Loja Física,Concluída
PED005557,2025-07-14,CLI00238,PRD015,V010,3,1553.48,0.0,Loja Física,Concluída
PED005558,2025-09-06,CLI00785,PRD007,V001,2,335.61,0.0,Loja Física,Concluída
PED005559,2025-10-02,CLI01998,PRD005,V002,5,352.54,0.0,Loja Física,Concluída
PED005560,2025-10-09,CLI00933,PRD002,V008,4,2997.1,0.15,Loja Física,Concluída
PED005561,2025-05-03,CLI02105,PRD015,V004,2,1608.71,0.03,Loja Física,Concluída
PED005562,2025-12-31,CLI01912,PRD007,V006,1,343.0,0.1,Televendas,Concluída
PED005563,2025-01-04,CLI01967,PRD008,V006,2,2219.67,0.03,Loja Física,Concluída
PED005564,2025-06-29,CLI01672,PRD008,V009,1,2257.29,0.05,E-commerce,Concluída
PED005565,2025-08-11,CLI00065,PRD008,V007,2,2209.52,0.03,E-commerce,Concluída
PED005566,2025-01-23,CLI01187,PRD012,V005,4,5645.82,0.15,Marketplace,Concluída
PED005567,2025-06-14,CLI01797,PRD010,V006,1,1705.17,0.0,E-commerce,Concluída
PED005568,2025-08-06,CLI02479,PRD020,V008,4,620.38,0.05,Loja Física,Cancelada
PED005569,2025-08-10,CLI01897,PRD003,V004,2,1041.67,0.15,Loja Física,Concluída
PED005570,2025-02-13,CLI00747,PRD010,V002,1,1612.68,0.08,Loja Física,Concluída
PED005571,2025-04-12,CLI01437,PRD001,V005,4,4373.69,0.08,E-commerce,Concluída
PED005572,2025-03-31,CLI01833,PRD016,V010,2,2341.55,0.0,E-commerce,Concluída
PED005573,2025-08-22,CLI02118,PRD010,V002,2,1589.54,0.03,Marketplace,Concluída
PED005574,2025-05-01,CLI00277,PRD008,V002,0,2336.97,0.0,Marketplace,Concluída
PED005575,2025-07-28,CLI02319,PRD016,V010,1,2337.67,0.03,Marketplace,Concluída
PED005576,2025-09-24,CLI01130,PRD008,V009,1,2241.77,0.0,Loja Física,Concluída
PED005577,2025-10-19,CLI02247,PRD004,V002,2,1610.06,0.08,Marketplace,Concluída
PED005578,2025-03-09,CLI01946,PRD008,V003,4,2219.05,0.15,Loja Física,Concluída
PED005579,2025-11-26,CLI01311,PRD001,V007,2,4346.78,0.08,Marketplace,Concluída
PED005580,2025-03-02,CLI01196,PRD018,V008,3,924.87,0.08,E-commerce,Concluída
PED005581,2025-01-08,CLI00692,PRD013,V008,3,1021.47,0.05,E-commerce,Concluída
PED005582,2025-01-17,CLI01465,PRD014,V009,1,1309.69,0.0,E-commerce,Concluída
PED005583,2025-03-15,CLI00737,PRD018,V006,3,956.5,0.08,E-commerce,Concluída
PED005584,2025-11-15,CLI01195,PRD015,V009,3,1501.13,0.0,E-commerce,Concluída
PED005585,2025-03-17,CLI00592,PRD008,V006,1,2240.21,0.03,Televendas,Concluída
PED005586,2025-09-11,CLI00565,PRD002,V005,1,2953.72,0.1,E-commerce,Concluída
PED005587,2025-06-02,CLI02271,PRD006,V007,3,196.53,0.03,Marketplace,Concluída
PED005588,2025-01-15,CLI02178,PRD020,V005,6,656.07,0.0,E-commerce,Concluída
PED005589,2025-06-12,CLI01438,PRD020,V007,6,673.81,0.0,Loja Física,Concluída
PED005590,2025-01-11,CLI01660,PRD014,V009,2,1356.61,0.08,E-commerce,Concluída
PED005591,2025-06-23,CLI00004,PRD004,V010,3,1565.89,0.0,Loja Física,Concluída
PED005592,2025-07-23,CLI01859,PRD003,V006,2,1053.0,0.05,E-commerce,Concluída
PED005593,2025-07-10,CLI02403,PRD018,V001,4,1003.34,0.03,Loja Física,Concluída
PED005594,2025-04-14,CLI02373,PRD003,V007,2,1006.73,0.08,Marketplace,Concluída
PED005595,2025-10-07,CLI00132,PRD010,V003,5,1600.91,0.1,E-commerce,Concluída
PED005596,2025-08-06,CLI01732,PRD007,V003,6,329.83,0.0,Loja Física,Concluída
PED005597,2025-04-03,CLI01191,PRD006,V009,1,194.05,0.08,E-commerce,Concluída
PED005598,2025-06-08,CLI00163,PRD012,V005,6,5561.81,0.0,Televendas,Concluída
PED005599,2025-02-09,CLI01973,PRD020,V008,2,670.11,0.0,Loja Física,Concluída
PED005600,2025-12-04,CLI01574,PRD015,V004,1,1605.1,0.03,E-commerce,Concluída
PED005601,2025-10-02,CLI00652,PRD008,V007,1,2290.28,0.03,Marketplace,Concluída
PED005602,2025-04-16,CLI01263,PRD008,V007,2,2271.01,0.15,Loja Física,Concluída
PED005603,2025-09-04,CLI00879,PRD019,V009,1,1101.61,0.08,Televendas,Concluída
PED005604,2025-09-05,CLI00554,PRD010,V002,1,1663.2,0.1,Televendas,Concluída
PED005605,2025-08-11,CLI01070,PRD008,V006,2,2342.32,0.0,E-commerce,Concluída
PED005606,2025-01-20,CLI01484,PRD012,V005,1,5507.52,0.08,E-commerce,Concluída
PED005607,2025-11-17,CLI00128,PRD004,V005,1,1615.9,0.05,Televendas,Concluída
PED005608,2025-12-15,CLI01683,PRD001,V009,3,4322.23,0.0,Loja Física,Concluída
PED005609,2025-12-22,CLI01229,PRD017,V002,1,856.08,0.08,E-commerce,Concluída
PED005610,2025-12-24,CLI01398,PRD010,V006,2,1634.14,0.1,Loja Física,Concluída
PED005611,2025-12-06,CLI00363,PRD003,V004,1,1004.94,0.1,Marketplace,Concluída
PED005612,2025-09-27,CLI00384,PRD006,V009,4,201.13,0.1,E-commerce,Concluída
PED005613,2025-01-21,CLI01349,PRD020,V003,1,670.19,0.0,Marketplace,Concluída
PED005614,2025-06-19,CLI01588,PRD011,V003,3,2933.72,0.1,Loja Física,Concluída
PED005615,2025-03-31,CLI01583,PRD011,V001,3,2960.85,0.1,E-commerce,Concluída
PED005616,2025-03-22,CLI00063,PRD001,V005,4,4460.9,0.05,Marketplace,Devolvida
PED005617,2025-10-31,CLI01185,PRD020,V001,2,643.83,0.0,Loja Física,Concluída
PED005618,2025-10-24,CLI00399,PRD018,V006,2,973.99,0.03,Marketplace,Concluída
PED005619,2025-07-10,CLI01371,PRD009,V003,1,2847.21,0.0,Loja Física,Cancelada
PED005620,2025-09-26,CLI01996,PRD006,V005,2,194.13,0.0,Loja Física,Concluída
PED005621,2025-02-17,CLI02399,PRD013,V007,2,1099.58,0.1,Loja Física,Concluída
PED005622,2025-03-23,CLI01225,PRD017,V007,2,864.6,0.15,Marketplace,Concluída
PED005623,2025-11-11,CLI01240,PRD015,V001,1,1606.31,0.1,Marketplace,Concluída
PED005624,2025-06-14,CLI01477,PRD020,V002,2,646.1,0.0,Marketplace,Concluída
PED005625,2025-07-19,CLI00136,PRD011,V004,2,2848.39,0.05,E-commerce,Concluída
PED005626,2025-06-18,CLI00848,PRD006,V006,2,202.28,0.05,Televendas,Concluída
PED005627,2025-03-15,CLI00786,PRD008,V009,2,2226.76,0.05,E-commerce,Concluída
PED005628,2025-10-29,CLI01416,PRD016,V002,1,2302.47,0.03,Televendas,Concluída
PED005629,2025-10-04,CLI00391,PRD005,V001,2,355.76,0.1,Marketplace,Cancelada
PED005630,2025-09-07,CLI00095,PRD004,V007,1,1535.41,0.08,E-commerce,Concluída
PED005631,2025-05-09,CLI00853,PRD013,V010,3,1079.52,0.08,Loja Física,Concluída
PED005632,2025-08-23,CLI00060,PRD008,V009,3,2303.54,0.0,Televendas,Concluída
PED005633,2025-12-14,CLI01762,PRD016,V006,1,2321.13,0.03,E-commerce,Concluída
PED005634,2025-08-26,CLI02260,PRD003,V001,1,1070.39,0.05,Marketplace,Concluída
PED005635,2025-06-30,CLI01713,PRD006,V006,2,203.11,0.05,E-commerce,Concluída
PED005636,2025-04-09,CLI00716,PRD005,V005,3,368.57,0.1,E-commerce,Concluída
PED005637,2025-07-10,CLI01767,PRD013,V005,1,1032.92,0.0,E-commerce,Concluída
PED005638,2025-05-16,CLI02009,PRD014,V005,1,1390.35,0.0,E-commerce,Concluída
PED005639,2025-08-12,CLI02235,PRD008,V006,1,2254.97,0.1,E-commerce,Concluída
PED005640,2025-01-17,CLI01291,PRD008,V008,3,2363.6,0.05,Marketplace,Concluída
PED005641,2025-03-11,CLI01008,PRD002,V002,1,2948.45,0.05,E-commerce,Concluída
PED005642,2025-10-15,CLI00189,PRD013,V001,3,1081.64,0.1,E-commerce,Concluída
PED005643,2025-05-19,CLI01146,PRD020,V001,2,647.6,0.08,E-commerce,Concluída
PED005644,2025-06-08,CLI00157,PRD015,V005,3,1533.5,0.08,E-commerce,Concluída
PED005645,2025-07-18,CLI00956,PRD004,V006,6,1540.35,0.0,Loja Física,Concluída
PED005646,2025-06-09,CLI00156,PRD011,V008,2,2760.46,0.05,Marketplace,Concluída
PED005647,2025-10-04,CLI00940,PRD005,V005,2,387.17,0.03,Marketplace,Concluída
PED005648,2025-03-31,CLI01257,PRD001,V006,2,4184.67,0.05,Loja Física,Concluída
PED005649,2025-10-04,CLI00845,PRD003,V010,3,992.89,0.05,E-commerce,Concluída
PED005650,2025-03-18,CLI00835,PRD002,V008,2,3036.47,0.0,Loja Física,Concluída
PED005651,2025-05-16,CLI01845,PRD003,V007,1,998.87,0.03,Televendas,Concluída
PED005652,2025-08-03,CLI02445,PRD015,V004,6,1506.92,0.03,Loja Física,Concluída
PED005653,2025-11-20,CLI00652,PRD005,V002,1,334.64,0.05,Marketplace,Concluída
PED005654,2025-03-26,CLI00269,PRD014,V010,5,1352.06,0.0,Marketplace,Concluída
PED005655,2025-08-03,CLI00088,PRD020,V006,1,628.86,0.1,Televendas,Concluída
PED005656,2025-01-24,CLI00992,PRD010,V001,2,1671.13,0.03,Marketplace,Concluída
PED005657,2025-01-28,CLI01241,PRD008,V005,5,2264.12,0.05,E-commerce,Concluída
PED005658,2025-10-08,CLI00035,PRD014,V001,2,1345.11,0.05,E-commerce,Concluída
PED005659,2025-09-20,CLI01248,PRD002,V010,2,2959.72,0.08,E-commerce,Concluída
PED005660,2025-05-18,CLI01535,PRD008,V006,1,2252.78,0.03,Loja Física,Concluída
PED005661,2025-08-16,CLI01159,PRD008,V008,1,2217.67,0.0,Televendas,Concluída
PED005662,2025-05-19,CLI00237,PRD017,V005,1,836.59,0.0,E-commerce,Concluída
PED005663,2025-04-12,CLI01133,PRD016,V001,2,2282.33,0.0,E-commerce,Concluída
PED005664,2025-06-07,CLI01702,PRD017,V007,2,885.97,0.0,Loja Física,Concluída
PED005665,2025-04-24,CLI01228,PRD013,V007,1,1074.68,0.05,E-commerce,Concluída
PED005666,2025-10-25,CLI01797,PRD009,V003,1,2700.65,0.05,Loja Física,Devolvida
PED005667,2025-05-31,CLI02372,PRD017,V008,5,859.18,0.0,Loja Física,Concluída
PED005668,2025-04-28,CLI02466,PRD018,V003,3,949.92,0.05,E-commerce,Devolvida
PED005669,2025-07-15,CLI00624,PRD008,V007,2,2265.9,0.0,Loja Física,Concluída
PED005670,2025-10-04,CLI00553,PRD020,V008,6,641.8,0.1,E-commerce,Concluída
PED005671,2025-04-10,CLI00453,PRD018,V002,2,1005.51,0.05,E-commerce,Concluída
PED005672,2025-12-09,CLI01642,PRD009,V003,1,2835.28,0.05,E-commerce,Concluída
PED005673,2025-06-19,CLI01493,PRD001,V002,1,4455.92,0.0,Marketplace,Concluída
PED005674,2025-08-30,CLI00765,PRD004,V008,4,1633.91,0.05,E-commerce,Concluída
PED005675,2025-12-16,CLI00396,PRD015,V003,1,1516.46,0.03,E-commerce,Concluída
PED005676,2025-06-07,CLI00762,PRD002,V007,1,3007.71,0.15,Televendas,Concluída
PED005677,2025-03-14,CLI00385,PRD008,V005,5,2225.41,0.0,E-commerce,CANCELADA
PED005678,2025-09-30,CLI02142,PRD010,V001,3,1594.98,0.03,Marketplace,Concluída
PED005679,2025-01-03,CLI01211,PRD018,V009,3,940.2,0.08,Marketplace,Concluída
PED005680,2025-06-17,CLI02227,PRD017,V008,3,871.19,0.05,Loja Física,Concluída
PED005681,2025-12-24,CLI02229,PRD014,V003,2,1430.93,0.05,E-commerce,Concluída
PED005682,2025-06-01,CLI00673,PRD007,V009,1,335.1,0.1,Loja Física,Concluída
PED005683,2025-09-07,CLI00288,PRD003,V008,3,1041.33,0.03,E-commerce,Concluída
PED005684,2025-07-11,CLI01496,PRD012,V009,1,5553.16,0.0,Loja Física,Concluída
PED005685,2025-03-20,CLI00338,PRD003,V002,1,1022.02,0.1,Marketplace,Devolvida
PED005686,2025-04-26,CLI01851,PRD009,V001,6,2963.48,0.0,Loja Física,Concluída
PED005687,2025-07-11,CLI01699,PRD020,V001,1,681.64,0.08,Loja Física,Cancelada
PED005688,2025-02-08,CLI00849,PRD009,V006,1,2819.96,0.0,Loja Física,Concluída
PED005689,2025-06-01,CLI01264,PRD011,V008,1,3063.79,0.0,Marketplace,Concluída
PED005690,2025-06-01,CLI00385,PRD012,V010,3,5435.08,0.03,Loja Física,Cancelada
PED005691,2025-11-01,CLI00579,PRD017,V010,6,832.95,0.1,E-commerce,Concluída
PED005692,2025-02-15,CLI02041,PRD008,V006,1,2260.52,0.0,Loja Física,Concluída
PED005693,2025-11-04,CLI00901,PRD008,V007,1,2317.7,0.0,Loja Física,Concluída
PED005694,2025-05-30,CLI01308,PRD003,V003,3,1033.04,0.0,Marketplace,Concluída
PED005695,2025-08-26,CLI02032,PRD010,V001,2,1675.02,0.0,Marketplace,Concluída
PED005696,2025-07-23,CLI00695,PRD005,V002,1,362.59,0.0,E-commerce,Concluída
PED005697,2025-04-20,CLI01231,PRD008,V001,1,2345.14,0.1,Televendas,Concluída
PED005698,2025-12-06,CLI00069,PRD014,V007,2,1360.05,0.05,Marketplace,Concluída
PED005699,2025-03-23,CLI00281,PRD001,V006,1,4533.92,0.03,Marketplace,Concluída
PED005700,2025-01-14,CLI02145,PRD009,V008,3,2801.36,0.0,Loja Física,Concluída
PED005701,2025-10-01,CLI02027,PRD003,V002,1,1030.47,0.0,Loja Física,Concluída
PED005702,2025-08-15,CLI01113,PRD005,V010,3,360.54,0.03,Televendas,Concluída
PED005703,2025-11-22,CLI01041,PRD001,V008,2,4273.61,0.03,E-commerce,Concluída
PED005704,2025-06-17,CLI01387,PRD003,V010,2,1009.66,0.1,E-commerce,Concluída
PED005705,2025-01-07,CLI01294,PRD020,V007,3,652.32,0.0,E-commerce,Concluída
PED005706,2025-01-08,CLI00336,PRD020,V004,1,656.9,0.03,Marketplace,Concluída
PED005707,2025-06-08,CLI00419,PRD013,V007,1,1088.49,0.05,E-commerce,Concluída
PED005708,2025-04-02,CLI00207,PRD010,V007,2,1688.22,0.03,Loja Física,Concluída
PED005709,2025-12-03,CLI01493,PRD015,V002,3,1526.79,0.08,Loja Física,Concluída
PED005710,2025-02-13,CLI00890,PRD018,V002,3,959.92,0.08,E-commerce,Concluída
PED005711,2025-11-18,CLI01499,PRD009,V007,1,2778.3,0.0,Marketplace,Concluída
PED005712,2025-03-21,CLI00573,PRD001,V001,3,4382.05,0.1,E-commerce,Concluída
PED005713,2025-02-13,CLI00909,PRD013,V002,1,1098.67,0.03,Marketplace,Concluída
PED005714,2025-04-11,CLI00086,PRD020,V001,1,667.83,0.0,E-commerce,Concluída
PED005715,2025-02-22,CLI01004,PRD005,V007,1,349.94,0.05,Televendas,Concluída
PED005716,2025-05-27,CLI00441,PRD008,V010,4,2289.54,0.08,Marketplace,Concluída
PED005717,2025-05-01,CLI02379,PRD006,V005,2,203.9,0.0,E-commerce,Concluída
PED005718,2025-07-13,CLI01635,PRD007,V002,2,333.42,0.03,E-commerce,Concluída
PED005719,2025-07-16,CLI01350,PRD013,V006,3,1051.88,0.1,Marketplace,Concluída
PED005720,2025-01-01,CLI00628,PRD007,V005,1,329.37,0.05,Loja Física,Concluída
PED005721,2025-02-15,CLI00752,PRD020,V006,1,656.24,0.05,Loja Física,Concluída
PED005722,2025-03-01,CLI02415,PRD015,V005,1,1541.62,0.05,Marketplace,Concluída
PED005723,2025-03-13,CLI00496,PRD001,V006,1,4419.02,0.05,Televendas,Concluída
PED005724,2025-02-04,CLI02253,PRD016,V004,2,2333.89,0.05,E-commerce,Concluída
PED005725,2025-04-25,CLI02212,PRD015,V010,1,1640.79,0.0,E-commerce,Concluída
PED005726,2025-07-20,CLI00865,PRD009,V006,3,2919.13,0.03,Marketplace,Concluída
PED005727,2025-04-23,CLI00458,PRD008,V004,3,2222.84,0.05,Loja Física,Concluída
PED005728,2025-05-01,CLI01979,PRD017,V001,4,847.21,0.08,Televendas,Concluída
PED005729,2025-06-21,CLI02243,PRD007,V007,1,348.72,0.08,Loja Física,Concluída
PED005730,2025-07-20,CLI00450,PRD003,V004,2,1008.07,0.05,Loja Física,Concluída
PED005731,2025-05-01,CLI02297,PRD006,V003,1,202.65,0.05,Loja Física,Concluída
PED005732,2025-03-22,CLI01164,PRD005,V005,1,358.29,0.03,Loja Física,Concluída
PED005733,2025-05-30,CLI01905,PRD012,V005,2,5621.84,0.08,Loja Física,Concluída
PED005734,2025-01-09,CLI01073,PRD003,V009,1,1030.66,0.1,E-commerce,Concluída
PED005735,2025-06-29,CLI01753,PRD011,V006,2,2898.01,0.08,Loja Física,Concluída
PED005736,2025-12-10,CLI02183,PRD008,V008,3,2229.43,0.1,Televendas,Concluída
PED005737,2025-05-26,CLI00523,PRD017,V007,1,890.63,0.1,E-commerce,Concluída
PED005738,2025-02-09,CLI01013,PRD008,V009,5,2251.68,0.0,E-commerce,Concluída
PED005739,2025-09-16,CLI01364,PRD020,V001,1,695.91,0.05,E-commerce,Concluída
PED005740,2025-02-16,CLI00407,PRD019,V004,6,1095.07,0.05,Loja Física,Concluída
PED005741,2025-03-12,CLI00317,PRD003,V008,2,1013.71,0.05,Marketplace,Concluída
PED005742,2025-02-23,CLI01747,PRD012,V002,1,5292.01,0.08,Loja Física,Concluída
PED005743,2025-11-19,CLI02056,PRD004,V005,1,1654.87,0.03,Marketplace,Concluída
PED005744,2025-12-25,CLI01602,PRD016,V005,1,2335.2,0.0,E-commerce,Concluída
PED005745,2025-07-27,CLI01455,PRD011,V009,3,2996.86,0.0,Loja Física,Concluída
PED005746,2025-08-14,CLI00806,PRD005,V010,1,381.48,0.0,Marketplace,Concluída
PED005747,2025-08-24,CLI02190,PRD005,V002,3,366.58,0.03,Loja Física,Concluída
PED005748,2025-08-11,CLI01855,PRD008,V003,1,2287.55,0.0,Televendas,Concluída
PED005749,2025-07-18,CLI01219,PRD015,V008,6,1618.24,0.0,E-commerce,Concluída
PED005750,2025-12-27,CLI01601,PRD015,V002,1,1601.66,0.03,E-commerce,Concluída
PED005751,2025-09-25,CLI01971,PRD001,V005,2,4228.98,0.05,E-commerce,Concluída
PED005752,2025-02-02,CLI00387,PRD006,V010,3,203.39,0.05,E-commerce,Concluída
PED005753,2025-05-24,CLI01414,PRD007,V010,1,341.59,0.0,Marketplace,Concluída
PED005754,2025-12-22,CLI00506,PRD010,V010,1,1708.06,0.15,E-commerce,Concluída
PED005755,2025-05-28,CLI00905,PRD003,V002,2,1048.87,0.0,E-commerce,Concluída
PED005756,2025-03-16,CLI01656,PRD006,V002,2,202.69,0.05,Loja Física,Concluída
PED005757,2025-11-13,CLI02009,PRD018,V002,3,963.96,0.1,Marketplace,Concluída
PED005758,2025-08-16,CLI01501,PRD008,V008,1,2182.37,0.1,E-commerce,Concluída
PED005759,2025-07-25,CLI02283,PRD014,V002,4,1361.16,0.05,E-commerce,Concluída
PED005760,2025-06-03,CLI00088,PRD008,V005,4,2323.82,0.0,Loja Física,Concluída
PED005761,2025-02-15,CLI00532,PRD008,V009,3,2236.84,0.08,Loja Física,Concluída
PED005762,2025-05-21,CLI00640,PRD011,V005,1,2921.55,0.05,E-commerce,Concluída
PED005763,2025-06-09,CLI01823,PRD005,V010,1,340.59,0.08,Marketplace,Concluída
PED005764,2025-12-06,CLI00232,PRD005,V005,6,359.15,0.03,E-commerce,Concluída
PED005765,2025-04-23,CLI00502,PRD020,V004,3,625.95,0.1,Loja Física,Concluída
PED005766,2025-02-24,CLI02436,PRD018,V010,2,981.93,0.1,E-commerce,Concluída
PED005767,2025-06-06,CLI00988,PRD014,V006,4,1353.48,0.08,E-commerce,Concluída
PED005768,2025-12-30,CLI01208,PRD003,V002,1,1036.13,0.1,Loja Física,Concluída
PED005769,2025-06-26,CLI02302,PRD001,V007,3,4511.22,0.03,Marketplace,Concluída
PED005770,2025-05-19,CLI01268,PRD003,V008,2,1041.98,0.0,Loja Física,Concluída
PED005771,2025-09-01,CLI00547,PRD020,V009,3,649.28,0.05,E-commerce,Concluída
PED005772,2025-08-25,CLI00367,PRD016,V001,3,2365.44,0.05,Marketplace,Concluída
PED005773,2025-04-20,CLI00780,PRD009,V002,2,2821.03,0.05,Loja Física,Concluída
PED005774,2025-12-20,CLI01172,PRD020,V007,1,662.16,0.0,Marketplace,Concluída
PED005775,2025-08-05,CLI01550,PRD003,V008,4,1012.01,0.05,Loja Física,Cancelada
PED005776,2025-01-22,CLI02410,PRD009,V007,3,2893.0,0.0,Marketplace,Concluída
PED005777,2025-05-29,CLI01115,PRD003,V004,1,1067.3,0.08,Loja Física,Concluída
PED005778,2025-12-03,CLI02163,PRD006,V008,6,191.78,0.1,Loja Física,Concluída
PED005779,2025-05-24,CLI00031,PRD020,V006,1,624.47,0.0,Loja Física,Concluída
PED005780,2025-07-27,CLI01205,PRD018,V010,1,944.1,0.08,E-commerce,Concluída
PED005781,2025-08-12,CLI00972,PRD002,V004,6,3129.65,0.0,Loja Física,Concluída
PED005782,2025-09-15,CLI02202,PRD005,V008,2,355.06,0.05,E-commerce,Concluída
PED005783,2025-11-15,CLI02366,PRD010,V002,4,1595.32,0.1,Marketplace,Concluída
PED005784,2025-02-24,CLI01055,PRD001,V008,4,4406.83,0.0,Loja Física,Concluída
PED005785,2025-07-08,CLI02370,PRD009,V008,2,2667.8,0.0,Loja Física,Concluída
PED005786,2025-07-14,CLI01532,PRD010,V003,1,1605.43,0.15,Loja Física,Cancelada
PED005787,2025-02-25,CLI01077,PRD005,V001,3,373.3,0.0,E-commerce,Concluída
PED005788,2025-09-03,CLI00956,PRD005,V010,2,351.94,0.03,E-commerce,Concluída
PED005789,2025-02-13,CLI00027,PRD004,V001,2,1594.92,0.03,Marketplace,Concluída
PED005790,2025-06-16,CLI01702,PRD020,V005,2,650.9,0.0,Marketplace,Concluída
PED005791,2025-05-01,CLI00932,PRD007,V001,1,344.5,0.0,Marketplace,Concluída
PED005792,2025-02-26,CLI01755,PRD010,V005,1,1622.78,0.08,Loja Física,Concluída
PED005793,2025-10-28,CLI00958,PRD006,V009,2,199.52,0.05,Marketplace,Concluída
PED005794,2025-03-31,CLI00260,PRD013,V006,3,1124.67,0.03,Loja Física,Concluída
PED005795,2025-04-04,CLI02255,PRD002,V003,2,2914.2,0.05,Marketplace,Concluída
PED005796,2025-11-08,CLI02247,PRD001,V004,1,4313.94,0.03,Marketplace,Concluída
PED005797,2025-11-17,CLI00800,PRD014,V001,1,1338.71,0.03,Loja Física,Concluída
PED005798,2025-01-13,CLI00627,PRD013,V006,3,1104.42,0.15,E-commerce,Concluída
PED005799,2025-04-12,CLI01493,PRD005,V001,1,360.85,0.08,Loja Física,Devolvida
PED005800,2025-09-16,CLI01905,PRD006,V004,2,196.2,0.05,Marketplace,Concluída
PED005801,2025-10-12,CLI01219,PRD020,V001,2,621.12,0.05,E-commerce,Devolvida
PED005802,2025-12-31,CLI02356,PRD002,V003,1,2908.86,0.08,E-commerce,Concluída
PED005803,2025-07-22,CLI01272,PRD003,V001,2,1040.73,0.05,E-commerce,Concluída
PED005804,2025-01-03,CLI00734,PRD008,V010,4,2239.28,0.03,Marketplace,Concluída
PED005805,2025-11-15,CLI01760,PRD005,V008,1,357.47,0.03,E-commerce,Concluída
PED005806,2025-02-28,CLI02438,PRD011,V010,1,2931.93,0.0,Marketplace,Concluída
PED005807,2025-02-14,CLI01675,PRD013,V007,1,1148.97,0.15,Televendas,Concluída
PED005808,2025-09-04,CLI01936,PRD009,V005,3,2827.14,0.05,Loja Física,Concluída
PED005809,2025-08-09,CLI02488,PRD010,V002,4,1701.71,0.03,Loja Física,Concluída
PED005810,2025-01-22,CLI01834,PRD008,V010,2,2342.93,0.03,E-commerce,Concluída
PED005811,2025-03-03,CLI02150,PRD014,V010,6,1369.21,0.1,Loja Física,Concluída
PED005812,2025-08-04,CLI00265,PRD001,V005,2,4274.31,0.03,E-commerce,Concluída
PED005813,2025-04-04,CLI00432,PRD006,V003,1,197.51,0.08,Televendas,Concluída
PED005814,2025-09-07,CLI01159,PRD012,V004,1,5456.61,0.08,E-commerce,Concluída
PED005815,2025-05-31,CLI01945,PRD006,V004,2,206.74,0.1,Loja Física,Concluída
PED005816,2025-08-03,CLI01184,PRD002,V010,2,3024.39,0.03,Televendas,Concluída
PED005817,2025-06-23,CLI02095,PRD006,V001,2,195.78,0.08,E-commerce,Concluída
PED005818,2025-05-14,CLI02238,PRD013,V007,2,1133.87,0.03,Loja Física,Concluída
PED005819,2025-05-05,CLI00785,PRD002,V008,1,2967.28,0.1,E-commerce,Concluída
PED005820,2025-09-12,CLI01226,PRD013,V008,1,1100.4,0.0,Loja Física,Cancelada
PED005821,2025-07-07,CLI01883,PRD015,V002,2,1597.67,0.05,Loja Física,Concluída
PED005822,2025-08-05,CLI00965,PRD011,V005,3,2961.97,0.05,Loja Física,Concluída
PED005823,2025-07-30,CLI00126,PRD005,V004,3,359.59,0.1,E-commerce,Concluída
PED005824,2025-03-17,CLI01061,PRD016,V005,1,2395.7,0.0,E-commerce,Concluída
PED005825,2025-11-30,CLI01838,PRD004,V001,4,1580.11,0.0,Marketplace,Concluída
PED005826,2025-07-25,CLI02410,PRD019,V001,1,1121.3,0.08,E-commerce,Concluída
PED005827,2025-09-20,CLI00539,PRD013,V001,1,1077.79,0.03,Marketplace,Concluída
PED005828,2025-11-18,CLI01535,PRD001,V010,3,4512.88,0.03,Marketplace,Concluída
PED005829,2025-12-04,CLI01505,PRD015,V005,5,1611.17,0.0,Loja Física,Concluída
PED005830,2025-09-01,CLI01246,PRD008,V003,5,2299.57,0.1,Loja Física,Concluída
PED005831,2025-10-15,CLI02182,PRD008,V008,1,2263.3,0.05,Marketplace,Concluída
PED005832,2025-06-22,CLI01910,PRD007,V005,1,351.41,0.05,Loja Física,Concluída
PED005833,2025-09-27,CLI00132,PRD010,V004,3,1668.16,0.1,E-commerce,Concluída
PED005834,2025-04-28,CLI00703,PRD013,V002,3,998.15,0.08,Loja Física,Devolvida
PED005835,2025-09-17,CLI00069,PRD018,V004,2,949.58,0.03,E-commerce,Concluída
PED005836,2025-02-01,CLI02139,PRD005,V007,1,362.07,0.0,E-commerce,Concluída
PED005837,2025-11-30,CLI01290,PRD011,V007,2,2957.01,0.05,Marketplace,Concluída
PED005838,2025-03-31,CLI01558,PRD012,V004,1,5607.82,0.05,E-commerce,Cancelada
PED005839,2025-08-28,CLI00529,PRD012,V007,1,5723.77,0.0,E-commerce,Concluída
PED005840,2025-01-05,CLI00661,PRD008,V008,2,2301.69,0.1,E-commerce,Concluída
PED005841,2025-02-26,CLI00662,PRD007,V010,1,324.16,0.03,E-commerce,concluida
PED005842,2025-12-27,CLI00244,PRD014,V006,3,1348.87,0.03,Loja Física,Cancelada
PED005843,2025-11-01,CLI01004,PRD006,V003,2,202.81,0.05,Marketplace,Concluída
PED005844,2025-03-23,CLI01257,PRD004,V002,1,1609.87,0.1,,Concluída
PED005845,2025-02-17,CLI01830,PRD009,V002,1,2877.3,0.0,E-commerce,Concluída
PED005846,2025-10-25,CLI01907,PRD005,V001,4,356.09,0.03,Loja Física,Concluída
PED005847,2025-12-28,CLI00924,PRD001,V006,2,4470.46,0.05,Loja Física,Concluída
PED005848,2025-03-03,CLI00819,PRD001,V003,4,4328.27,0.15,E-commerce,Concluída
PED005849,2025-08-31,CLI00024,PRD013,V003,1,1101.52,0.03,Marketplace,Concluída
PED005850,2025-04-14,CLI02408,PRD020,V008,2,653.07,0.03,E-commerce,Concluída
PED005851,2025-09-29,CLI00452,PRD008,V004,5,2271.49,0.1,Televendas,Concluída
PED005852,2025-06-02,CLI01340,PRD003,V009,1,1048.27,,Marketplace,Concluída
PED005853,2025-02-15,CLI01467,PRD016,V002,1,2358.4,0.0,E-commerce,Concluída
PED005854,2025-04-29,CLI02127,PRD005,V004,4,372.06,0.0,E-commerce,Concluída
PED005855,2025-07-16,CLI00310,PRD020,V001,1,657.08,0.05,E-commerce,Concluída
PED005856,2025-10-19,CLI00310,PRD009,V006,1,2937.15,0.03,E-commerce,Concluída
PED005857,2025-01-08,CLI02488,PRD004,V002,6,1574.73,0.0,Loja Física,Concluída
PED005858,2025-12-16,CLI01364,PRD008,V003,1,2221.54,0.03,Marketplace,Concluída
PED005859,2025-08-26,CLI00454,PRD006,V008,2,197.14,0.1,E-commerce,Concluída
PED005860,2025-11-16,CLI02445,PRD015,V009,3,1599.52,0.08,Marketplace,Concluída
PED005861,2025-12-06,CLI01759,PRD002,V006,3,3033.44,0.05,E-commerce,Concluída
PED005862,2025-02-26,CLI01087,PRD017,V010,2,837.63,0.0,Loja Física,Concluída
PED005863,2025-02-04,CLI00514,PRD014,V008,1,1368.43,0.03,Loja Física,Concluída
PED005864,2025-10-11,CLI01946,PRD017,V008,3,840.26,0.15,Loja Física,Concluída
PED005865,2025-03-10,CLI01933,PRD018,V010,3,985.73,0.05,Marketplace,Devolvida
PED005866,2025-02-24,CLI01763,PRD004,V001,1,1616.89,0.0,Loja Física,Concluída
PED005867,2025-06-21,CLI01891,PRD009,V003,1,2846.63,0.08,Marketplace,Concluída
PED005868,2025-11-30,CLI00853,PRD017,V005,2,842.22,0.0,Marketplace,Concluída
PED005869,2025-10-18,CLI02064,PRD007,V007,1,343.12,0.03,E-commerce,Concluída
PED005870,2025-07-09,CLI02076,PRD001,V010,3,4375.9,0.0,E-commerce,Concluída
PED005871,2025-03-13,CLI00235,PRD005,V001,4,351.12,0.1,Televendas,Concluída
PED005872,2025-05-03,CLI01107,PRD004,V003,1,1629.55,0.08,Loja Física,Concluída
PED005873,2025-09-09,CLI02102,PRD018,V003,4,997.43,0.05,E-commerce,Concluída
PED005874,2025-02-27,CLI00962,PRD008,V007,3,2317.22,0.03,E-commerce,Concluída
PED005875,2025-07-11,CLI00855,PRD012,V010,3,5553.8,0.1,Televendas,Concluída
PED005876,2025-01-05,CLI01659,PRD020,V010,5,638.88,0.0,Televendas,Concluída
PED005877,2025-04-29,CLI00244,PRD006,V008,1,197.46,0.0,Marketplace,Concluída
PED005878,2025-04-01,CLI00535,PRD014,V008,4,1337.83,0.1,E-commerce,Cancelada
PED005879,2025-09-06,CLI00486,PRD001,V005,1,4380.4,0.1,Marketplace,Concluída
PED005880,2025-11-30,CLI02269,PRD002,V007,2,3063.74,0.0,E-commerce,Concluída
PED005881,2025-02-23,CLI00599,PRD003,V002,2,1032.94,0.0,E-commerce,Concluída
PED005882,2025-10-19,CLI00167,PRD006,V006,1,187.79,0.08,Televendas,Concluída
PED005883,2025-08-28,CLI01310,PRD007,V003,3,348.82,0.0,Loja Física,Concluída
PED005884,2025-12-20,CLI02244,PRD008,V010,2,2290.95,0.05,Marketplace,Concluída
PED005885,2025-11-29,CLI00164,PRD005,V004,2,361.9,0.08,E-commerce,Concluída
PED005886,2025-02-06,CLI01354,PRD001,V004,2,4238.62,0.05,Marketplace,Concluída
PED005887,2025-09-29,CLI02448,PRD012,V005,1,5395.74,0.03,E-commerce,Concluída
PED005888,2025-08-05,CLI01673,PRD001,V010,1,4288.73,0.08,Loja Física,Concluída
PED005889,2025-02-11,CLI01453,PRD016,V010,1,2312.33,0.1,Marketplace,Concluída
PED005890,2025-04-04,CLI02393,PRD020,V005,5,638.23,0.08,Loja Física,Concluída
PED005891,2025-12-05,CLI00159,PRD013,V010,3,1053.36,0.03,Loja Física,Concluída
PED005892,2025-07-18,CLI02403,PRD010,V008,2,1733.15,0.15,Loja Física,Concluída
PED005893,2025-05-04,CLI00455,PRD011,V009,2,3046.74,0.03,Marketplace,Concluída
PED005894,2025-04-27,CLI02132,PRD011,V010,2,2956.82,0.0,Marketplace,Concluída
PED005895,2025-11-02,CLI01881,PRD020,V004,1,645.61,0.0,E-commerce,Concluída
PED005896,2025-04-14,CLI01910,PRD020,V006,1,675.66,0.03,Loja Física,Concluída
PED005897,2025-02-27,CLI01001,PRD007,V003,2,355.86,0.0,E-commerce,Concluída
PED005898,2025-07-29,CLI01423,PRD011,V004,1,2882.15,0.08,Loja Física,Concluída
PED005899,2025-12-29,CLI01340,PRD016,V005,4,2361.1,0.0,Loja Física,Concluída
PED005900,2025-03-08,CLI00565,PRD001,V001,1,4346.92,0.03,Marketplace,Concluída
PED005901,2025-04-04,CLI02432,PRD009,V003,2,2843.46,0.1,Loja Física,Concluída
PED005902,2025-06-21,CLI01101,PRD011,V009,1,2924.32,0.0,Loja Física,Concluída
PED005903,2025-03-14,CLI01854,PRD013,V002,3,1083.11,0.05,Loja Física,Concluída
PED005904,2025-08-26,CLI01447,PRD006,V007,5,197.87,0.1,Televendas,Concluída
PED005905,2025-04-03,CLI00167,PRD005,V008,1,362.5,0.0,E-commerce,Concluída
PED005906,2025-02-16,CLI00609,PRD003,V003,1,1072.98,0.03,E-commerce,Concluída
PED005907,2025-04-06,CLI02459,PRD009,V005,2,2804.99,0.0,Loja Física,Cancelada
PED005908,2025-12-06,CLI01507,PRD019,V009,1,1117.3,0.05,E-commerce,Concluída
PED005909,2025-12-08,CLI00877,PRD018,V009,1,943.35,0.03,Marketplace,Concluída
PED005910,2025-07-04,CLI01408,PRD006,V010,2,198.0,0.1,Loja Física,Cancelada
PED005911,2025-05-27,CLI01333,PRD005,V007,1,369.95,0.05,Loja Física,Devolvida
PED005912,2025-10-27,CLI01795,PRD015,V009,1,1592.44,0.05,E-commerce,Devolvida
PED005913,2025-03-12,CLI02327,PRD013,V004,2,1076.85,0.1,Marketplace,Concluída
PED005914,2025-08-27,CLI01578,PRD008,V007,2,2284.57,0.0,E-commerce,Concluída
PED005915,2025-09-06,CLI00379,PRD007,V007,4,356.11,0.08,Marketplace,Concluída
PED005916,2025-09-17,CLI02162,PRD002,V010,1,2949.38,0.08,E-commerce,Concluída
PED005917,2025-03-21,CLI00340,PRD015,V004,1,1592.34,0.05,E-commerce,Concluída
PED005918,2025-09-19,CLI01050,PRD011,V009,2,3007.32,0.05,E-commerce,Concluída
PED005919,2025-08-12,CLI00573,PRD007,V006,3,338.66,0.0,Loja Física,Concluída
PED005920,2025-11-16,CLI01442,PRD019,V002,1,1138.26,0.08,E-commerce,Concluída
PED005921,2025-03-05,CLI02360,PRD011,V007,2,3088.67,0.05,Loja Física,Concluída
PED005922,2025-08-12,CLI01513,PRD020,V010,2,663.82,0.08,Loja Física,Concluída
PED005923,2025-10-30,CLI00028,PRD008,V005,1,2330.58,0.1,Televendas,Concluída
PED005924,2025-04-12,CLI00870,PRD008,V006,1,2170.38,0.05,Televendas,Concluída
PED005925,2025-09-29,CLI00595,PRD020,V010,2,624.81,0.15,Marketplace,Concluída
PED005926,2025-02-06,CLI01655,PRD020,V010,1,644.79,0.0,Loja Física,Concluída
PED005927,2025-09-20,CLI00959,PRD020,V005,1,635.52,0.0,Loja Física,Concluída
PED005928,2025-08-10,CLI00826,PRD016,V008,2,2383.29,0.03,Loja Física,Concluída
PED005929,2025-03-12,CLI02357,PRD008,V007,1,2106.95,,Marketplace,Concluída
PED005930,2025-01-25,CLI01945,PRD004,V007,1,1630.25,0.05,Loja Física,Cancelada
PED005931,2025-09-30,CLI01356,PRD007,V008,2,340.48,0.0,Loja Física,Concluída
PED005932,2025-03-30,CLI02270,PRD020,V004,4,637.4,0.05,Marketplace,Concluída
PED005933,2025-07-01,CLI01761,PRD006,V004,3,206.21,0.1,E-commerce,Concluída
PED005934,2025-01-23,CLI00632,PRD014,V001,1,1331.9,0.08,E-commerce,Concluída
PED005935,2025-12-18,CLI00892,PRD020,V009,1,620.03,0.03,E-commerce,Concluída
PED005936,2025-07-20,CLI01464,PRD020,V003,6,653.53,0.15,E-commerce,Concluída
PED005937,2025-12-07,CLI00886,PRD020,V007,2,652.32,0.08,Marketplace,Concluída
PED005938,2025-02-28,CLI02153,PRD009,V007,2,2850.29,0.08,Loja Física,Concluída
PED005939,2025-03-17,CLI01002,PRD008,V008,1,2401.76,0.0,Loja Física,Concluída
PED005940,2025-08-11,CLI01461,PRD020,V009,1,649.54,0.05,E-commerce,Concluída
PED005941,2025-08-09,CLI00152,PRD004,V009,1,1646.12,0.0,E-commerce,Concluída
PED005942,2025-10-16,CLI01052,PRD003,V001,3,1044.11,0.0,E-commerce,Concluída
PED005943,2025-12-05,CLI00759,PRD020,V009,4,666.67,0.0,E-commerce,Concluída
PED005944,2025-10-27,CLI01735,PRD012,V003,1,5464.82,0.08,E-commerce,Concluída
PED005945,2025-02-21,CLI02201,PRD009,V007,3,2786.63,0.0,E-commerce,Concluída
PED005946,2025-04-23,CLI01006,PRD002,V007,4,3050.97,0.03,Televendas,Concluída
PED005947,2025-11-30,CLI00074,PRD009,V001,4,2884.16,0.05,Loja Física,Concluída
PED005948,2025-07-20,CLI01196,PRD020,V003,2,659.0,0.03,Televendas,Concluída
PED005949,2025-11-13,CLI01080,PRD010,V010,1,1619.32,0.03,E-commerce,Concluída
PED005950,2025-07-25,CLI02482,PRD007,V002,5,346.09,0.1,Loja Física,Concluída
PED005951,2025-01-19,CLI00405,PRD009,V003,1,2748.64,0.1,Loja Física,Concluída
PED005952,2025-06-22,CLI00949,PRD018,V001,1,957.77,0.1,E-commerce,Concluída
PED005953,2025-10-29,CLI00119,PRD019,V002,1,1071.71,0.08,Marketplace,Concluída
PED005954,2025-08-28,CLI02269,PRD007,V007,2,346.22,0.0,E-commerce,Concluída
PED005955,2025-02-18,CLI01944,PRD010,V009,1,1624.77,0.0,E-commerce,Concluída
PED005956,2025-03-18,CLI01856,PRD005,V006,2,348.18,0.05,Loja Física,Concluída
PED005957,2025-11-08,CLI01527,PRD008,V003,5,2236.19,0.1,E-commerce,Concluída
PED005958,2025-12-24,CLI01051,PRD004,V009,2,1629.41,0.0,Marketplace,Concluída
PED005959,2025-10-02,CLI01954,PRD009,V004,5,2872.12,0.0,E-commerce,Concluída
PED005960,2025-02-05,CLI02256,PRD010,V004,4,1614.04,0.08,Marketplace,Concluída
PED005961,2025-08-15,CLI00430,PRD006,V006,3,200.96,0.05,Loja Física,Concluída
PED005962,2025-10-30,CLI00377,PRD005,V002,2,374.66,0.03,E-commerce,Concluída
PED005963,2025-08-22,CLI01600,PRD003,V004,4,1059.27,0.1,Marketplace,Concluída
PED005964,2025-08-05,CLI02384,PRD003,V008,2,975.99,0.05,Marketplace,Concluída
PED005965,2025-06-20,CLI01619,PRD013,V007,1,1091.87,0.1,E-commerce,Cancelada
PED005966,2025-03-31,CLI01767,PRD004,V010,4,1599.7,0.03,E-commerce,Concluída
PED005967,2025-04-13,CLI00821,PRD002,V008,2,2841.3,0.03,Loja Física,Concluída
PED005968,2025-09-30,CLI01367,PRD020,V004,4,625.3,0.0,Loja Física,Concluída
PED005969,2025-01-26,CLI00363,PRD005,V008,1,367.75,0.03,E-commerce,Concluída
PED005970,2025-01-31,CLI01119,PRD018,V009,1,973.9,0.0,Marketplace,Cancelada
PED005971,2025-05-25,CLI02207,PRD010,V007,3,1648.0,0.0,Loja Física,Concluída
PED005972,2025-10-10,CLI02325,PRD013,V008,2,1067.79,0.0,Televendas,Concluída
PED005973,2025-08-28,CLI01482,PRD009,V006,2,2940.2,0.05,Televendas,Concluída
PED005974,2025-08-04,CLI02025,PRD003,V010,4,1003.9,0.0,Loja Física,Cancelada
PED005975,2025-07-14,CLI01130,PRD017,V003,2,834.71,0.0,Loja Física,Concluída
PED005976,2025-02-10,CLI01374,PRD017,V005,1,846.88,0.03,E-commerce,Concluída
PED005977,2025-05-02,CLI00895,PRD006,V003,2,189.32,0.0,Televendas,Concluída
PED005978,2025-01-30,CLI02039,PRD014,V002,1,1312.66,0.0,E-commerce,Concluída
PED005979,2025-10-04,CLI00128,PRD009,V007,2,2938.72,0.15,E-commerce,Concluída
PED005980,2025-10-02,CLI01397,PRD019,V002,1,1067.9,0.03,Marketplace,Concluída
PED005981,2025-04-05,CLI00766,PRD016,V003,1,2392.38,0.08,Loja Física,Concluída
PED005982,2025-04-17,CLI01820,PRD001,V008,6,4436.15,0.0,Televendas,Concluída
PED005983,2025-04-26,CLI01320,PRD018,V003,1,965.32,0.03,Marketplace,Concluída
PED005984,2025-11-21,CLI01593,PRD020,V009,3,623.23,0.0,E-commerce,Cancelada
PED005985,2025-06-28,CLI01809,PRD014,V001,2,1344.37,0.03,Marketplace,Cancelada
PED005986,2025-10-06,CLI00488,PRD002,V005,1,2835.68,0.08,Marketplace,Concluída
PED005987,2025-06-13,CLI01941,PRD016,V001,5,2315.54,0.1,E-commerce,Concluída
PED005988,2025-09-12,CLI00544,PRD011,V001,1,2954.33,0.05,Marketplace,Concluída
PED005989,2025-07-12,CLI01588,PRD006,V008,2,201.11,0.0,E-commerce,Concluída
PED005990,2025-04-12,CLI01805,PRD018,V001,3,965.72,0.08,Marketplace,Concluída
PED005991,2025-11-16,CLI00282,PRD009,V009,3,2819.23,0.05,Marketplace,Concluída
PED005992,2025-09-16,CLI00701,PRD017,V006,1,838.98,0.03,Televendas,Concluída
PED005993,2025-10-08,CLI00524,PRD012,V005,3,5445.89,0.03,Marketplace,Concluída
PED005994,2025-12-13,CLI02234,PRD005,V010,5,366.18,0.05,Televendas,Concluída
PED005995,2025-04-01,CLI00823,PRD020,V004,2,651.81,0.03,Loja Física,Concluída
PED005996,2025-02-03,CLI01331,PRD010,V004,2,1643.77,0.05,Loja Física,Concluída
PED005997,2025-08-01,CLI01033,PRD009,V005,1,2907.83,0.0,E-commerce,Concluída
PED005998,2025-04-30,CLI00347,PRD007,V007,1,341.98,0.05,Loja Física,Concluída
PED005999,2025-06-09,CLI00455,PRD003,V009,2,1001.18,0.05,Marketplace,Concluída
PED006000,2025-03-27,CLI01916,PRD012,V006,1,5357.44,0.03,Loja Física,Cancelada
PED006001,2025-05-26,CLI00939,PRD008,V003,2,2302.54,0.03,E-commerce,Concluída
PED006002,2025-05-24,CLI01873,PRD020,V009,1,623.96,0.05,E-commerce,Cancelada
PED006003,2025-05-08,CLI02037,PRD020,V006,1,640.0,0.05,Marketplace,Concluída
PED006004,2025-09-28,CLI01628,PRD014,V009,2,1338.41,0.0,Loja Física,Concluída
PED006005,2025-08-05,CLI00430,PRD004,V005,1,1563.92,0.03,Televendas,Concluída
PED006006,2025-06-23,CLI02273,PRD013,V002,2,1040.17,0.0,Loja Física,Concluída
PED006007,2025-02-11,CLI01511,PRD001,V010,2,4238.58,0.03,Loja Física,Concluída
PED006008,2025-07-28,CLI01866,PRD017,V007,1,815.04,0.05,Loja Física,Concluída
PED006009,2025-03-05,CLI02321,PRD008,V004,1,2303.11,0.03,Marketplace,Concluída
PED006010,2025-04-25,CLI01931,PRD020,V009,1,652.57,0.03,Loja Física,Concluída
PED006011,2025-06-01,CLI01180,PRD007,V001,2,335.49,0.0,Loja Física,Concluída
PED006012,2025-02-21,CLI01261,PRD005,V010,1,348.23,0.03,Loja Física,Concluída
PED006013,2025-05-23,CLI00070,PRD020,V006,3,664.99,0.0,E-commerce,Concluída
PED006014,2025-04-08,CLI01911,PRD009,V006,2,2894.25,0.15,E-commerce,Concluída
PED006015,2025-11-07,CLI00573,PRD017,V001,1,840.41,0.05,Loja Física,Concluída
PED006016,2025-11-10,CLI01069,PRD019,V002,1,1123.31,0.05,E-commerce,Concluída
PED006017,2025-01-02,CLI01231,PRD009,V008,1,2872.59,0.0,Marketplace,Concluída
PED006018,2025-08-08,CLI01124,PRD008,V006,1,2286.45,0.1,E-commerce,Concluída
PED006019,2025-08-22,CLI02384,PRD009,V002,1,2788.17,0.05,E-commerce,Concluída
PED006020,2025-05-18,CLI01502,PRD017,V007,5,821.3,0.03,Televendas,Concluída
PED006021,2025-06-21,CLI02096,PRD020,V008,1,620.79,0.08,Marketplace,Concluída
PED006022,2025-10-16,CLI01893,PRD006,V003,1,207.08,0.03,Marketplace,Concluída
PED006023,2025-05-18,CLI01657,PRD014,V007,3,1314.47,0.1,Loja Física,Concluída
PED006024,2025-01-24,CLI00229,PRD005,V010,4,361.14,0.0,E-commerce,Concluída
PED006025,2025-05-16,CLI00387,PRD010,V005,2,1663.58,0.08,E-commerce,Concluída
PED006026,2025-04-03,CLI01211,PRD016,V003,2,2345.35,0.15,E-commerce,Concluída
PED006027,2025-05-20,CLI02089,PRD018,V010,1,965.66,0.05,Loja Física,Concluída
PED006028,2025-03-25,CLI00034,PRD008,V010,3,2258.41,0.1,E-commerce,Concluída
PED006029,2025-02-24,CLI02087,PRD006,V005,2,199.19,0.0,E-commerce,Concluída
PED006030,2025-12-26,CLI01255,PRD005,V005,2,351.18,0.05,E-commerce,Concluída
PED006031,2025-02-17,CLI01370,PRD002,V009,1,2960.69,0.03,Loja Física,Concluída
PED006032,2025-09-15,CLI01083,PRD006,V001,2,185.49,0.03,Loja Física,Concluída
PED006033,2025-09-19,CLI01199,PRD018,V004,3,924.25,0.03,E-commerce,Concluída
PED006034,2025-08-14,CLI00155,PRD007,V006,1,330.88,0.05,E-commerce,Concluída
PED006035,2025-11-29,CLI01104,PRD006,V007,2,201.03,0.05,E-commerce,Devolvida
PED006036,2025-01-02,CLI00887,PRD014,V007,1,1333.09,0.0,Marketplace,Cancelada
PED006037,2025-04-21,CLI01050,PRD004,V004,3,1633.38,0.03,E-commerce,Concluída
PED006038,2025-03-09,CLI00706,PRD005,V009,1,364.02,0.0,Loja Física,Concluída
PED006039,2025-07-30,CLI01439,PRD020,V007,4,650.35,0.05,Loja Física,Concluída
PED006040,2025-08-20,CLI02233,PRD002,V006,2,2923.0,0.0,E-commerce,Concluída
PED006041,2025-11-24,CLI00222,PRD007,V010,2,342.62,0.03,E-commerce,Concluída
PED006042,2025-05-19,CLI01096,PRD010,V001,1,1655.14,0.15,E-commerce,Concluída
PED006043,2025-03-28,CLI00628,PRD004,V008,2,1693.71,0.15,Loja Física,Concluída
PED006044,2025-12-04,CLI00219,PRD005,V010,1,357.43,0.05,Televendas,Concluída
PED006045,2025-09-03,CLI01902,PRD004,V007,1,1634.78,0.0,E-commerce,Concluída
PED006046,2025-10-07,CLI01001,PRD006,V006,1,196.22,0.05,Loja Física,Concluída
PED006047,2025-06-12,CLI01315,PRD019,V004,1,1071.78,0.05,Marketplace,Cancelada
PED006048,2025-06-13,CLI01606,PRD008,V003,3,2317.73,0.0,Loja Física,Devolvida
PED006049,2025-05-23,CLI00494,PRD007,V006,1,358.15,0.15,Loja Física,Concluída
PED006050,2025-10-01,CLI02291,PRD007,V009,3,344.22,0.03,Marketplace,Concluída
PED006051,2025-03-18,CLI02241,PRD020,V005,4,635.12,0.03,Televendas,Concluída
PED006052,2025-12-23,CLI02182,PRD002,V002,2,3028.65,0.05,E-commerce,Concluída
PED006053,2025-03-06,CLI00697,PRD018,V005,1,976.17,0.1,E-commerce,Concluída
PED006054,2025-06-18,CLI01099,PRD006,V001,2,207.74,0.08,E-commerce,Concluída
PED006055,2025-04-25,CLI00678,PRD020,V010,3,658.14,0.0,E-commerce,Concluída
PED006056,2025-08-23,CLI01583,PRD006,V006,1,192.24,0.08,Marketplace,Concluída
PED006057,2025-09-06,CLI00738,PRD002,V003,1,3089.06,0.1,Marketplace,Concluída
PED006058,2025-12-02,CLI02419,PRD009,V007,1,2918.23,0.08,Loja Física,Concluída
PED006059,2025-10-16,CLI00616,PRD004,V006,1,1642.93,0.0,Loja Física,Concluída
PED006060,2025-04-01,CLI00373,PRD014,V006,1,1357.17,0.05,Marketplace,Devolvida
PED006061,2025-03-17,CLI01224,PRD011,V006,1,3010.49,0.08,E-commerce,Concluída
PED006062,2025-11-20,CLI02208,PRD012,V010,2,5571.1,0.0,Televendas,Concluída
PED006063,2025-06-28,CLI00073,PRD003,V009,2,1029.15,0.05,Loja Física,Concluída
PED006064,2025-02-05,CLI02117,PRD013,V003,1,1089.07,0.05,Televendas,Concluída
PED006065,2025-10-29,CLI02035,PRD006,V003,5,196.26,0.05,Loja Física,Concluída
PED006066,2025-08-25,CLI02287,PRD020,V010,1,651.66,0.0,Loja Física,Concluída
PED006067,2025-01-10,CLI01386,PRD013,V007,1,1087.59,0.0,Marketplace,Concluída
PED006068,2025-10-13,CLI02418,PRD010,V001,1,1631.75,0.05,E-commerce,Concluída
PED006069,2025-08-10,CLI01007,PRD018,V006,1,965.0,0.0,Loja Física,Concluída
PED006070,2025-08-13,CLI00412,PRD010,V002,2,1644.53,0.03,E-commerce,Concluída
PED006071,2025-11-12,CLI00050,PRD009,V001,1,2735.27,0.03,E-commerce,Concluída
PED006072,2025-06-30,CLI01402,PRD004,V002,4,1646.51,0.0,Televendas,Concluída
PED006073,2025-06-18,CLI00145,PRD012,V003,4,5558.33,0.05,Marketplace,Concluída
PED006074,2025-08-14,CLI00414,PRD007,V001,1,336.75,0.15,E-commerce,Concluída
PED006075,2025-03-14,CLI02402,PRD001,V009,3,4431.37,0.03,E-commerce,Concluída
PED006076,2025-02-25,CLI00677,PRD016,V005,2,2316.76,0.0,Loja Física,Concluída
PED006077,2025-11-04,CLI00424,PRD001,V006,3,4311.36,0.0,Marketplace,Concluída
PED006078,2025-03-20,CLI01986,PRD012,V009,1,5562.01,0.05,Loja Física,Concluída
PED006079,2025-07-04,CLI00786,PRD003,V009,2,1072.78,0.03,Loja Física,Concluída
PED006080,2025-04-09,CLI02199,PRD008,V009,1,2284.29,0.1,E-commerce,Concluída
PED006081,2025-03-26,CLI00703,PRD017,V002,1,837.1,0.05,Marketplace,Concluída
PED006082,2025-08-07,CLI01144,PRD002,V008,4,2967.33,0.03,E-commerce,Concluída
PED006083,2025-10-20,CLI00077,PRD012,V010,1,5627.36,0.03,E-commerce,Concluída
PED006084,2025-06-11,CLI01870,PRD010,V001,2,1661.3,0.05,Televendas,Concluída
PED006085,2025-02-20,CLI02264,PRD018,V009,1,992.65,0.0,Loja Física,Concluída
PED006086,2025-03-31,CLI00512,PRD003,V009,4,1045.93,0.03,Loja Física,Concluída
PED006087,2025-03-02,CLI01662,PRD015,V009,1,1600.36,0.0,Loja Física,Concluída
PED006088,2025-11-19,CLI01132,PRD008,V004,1,2382.58,0.05,E-commerce,Cancelada
PED006089,2025-04-27,CLI02170,PRD008,V002,2,2191.73,0.05,Marketplace,Concluída
PED006090,2025-05-17,CLI00011,PRD006,V008,1,208.67,0.08,E-commerce,Concluída
PED006091,2025-01-26,CLI02407,PRD007,V007,1,349.99,0.0,E-commerce,Concluída
PED006092,2025-06-12,CLI01947,PRD009,V008,2,3050.61,0.1,E-commerce,Concluída
PED006093,2025-11-30,CLI01275,PRD002,V003,5,2920.07,0.05,E-commerce,Concluída
PED006094,2025-05-30,CLI00667,PRD007,V002,3,345.25,0.08,Loja Física,Concluída
PED006095,2025-08-26,CLI00695,PRD011,V010,1,2948.17,0.05,Loja Física,Concluída
PED006096,2025-03-08,CLI00086,PRD008,V006,1,2318.53,0.08,Loja Física,Concluída
PED006097,2025-02-22,CLI00185,PRD003,V009,3,1047.9,0.05,Loja Física,Concluída
PED006098,2025-09-25,CLI00880,PRD006,V010,1,198.59,0.0,Loja Física,Concluída
PED006099,2025-01-24,CLI01566,PRD008,V005,3,2312.59,0.03,Loja Física,Concluída
PED006100,2025-06-13,CLI00895,PRD012,V003,2,5495.69,0.1,E-commerce,Concluída
PED006101,2025-04-26,CLI00206,PRD019,V009,4,1076.86,0.03,E-commerce,Concluída
PED006102,2025-01-06,CLI01799,PRD009,V008,1,2895.18,0.08,Loja Física,Concluída
PED006103,2025-07-13,CLI00276,PRD012,V007,5,5439.07,0.1,Loja Física,Concluída
PED006104,2025-12-18,CLI00916,PRD002,V010,1,2984.27,0.03,Loja Física,Concluída
PED006105,2025-01-26,CLI02445,PRD020,V003,3,622.87,0.1,Marketplace,Concluída
PED006106,2025-10-25,CLI00753,PRD006,V004,1,197.11,0.03,E-commerce,Concluída
PED006107,2025-07-16,CLI00890,PRD006,V001,2,192.26,0.0,E-commerce,Concluída
PED006108,2025-09-22,CLI00021,PRD004,V004,1,1604.07,0.05,E-commerce,Concluída
PED006109,2025-02-05,CLI00082,PRD002,V005,1,2912.38,0.08,Loja Física,Concluída
PED006110,2025-11-14,CLI01955,PRD015,V005,2,1569.34,0.03,Marketplace,Concluída
PED006111,2025-01-05,CLI00610,PRD004,V002,1,1641.5,0.0,Loja Física,Concluída
PED006112,2025-11-27,CLI00183,PRD005,V009,5,355.18,0.05,E-commerce,Concluída
PED006113,2025-08-29,CLI02252,PRD003,V005,3,1011.57,0.08,E-commerce,Concluída
PED006114,2025-05-04,CLI00857,PRD020,V005,3,658.78,0.05,E-commerce,Concluída
PED006115,2025-01-03,CLI00271,PRD015,V009,2,1605.95,0.03,E-commerce,Concluída
PED006116,2025-08-11,CLI00616,PRD020,V005,1,653.0,0.03,Marketplace,Concluída
PED006117,2025-02-01,CLI00366,PRD017,V009,1,843.73,0.05,E-commerce,Concluída
PED006118,2025-08-11,CLI02388,PRD019,V003,1,1073.76,0.0,Marketplace,Concluída
PED006119,2025-10-10,CLI01984,PRD008,V009,2,2249.62,0.08,Loja Física,Concluída
PED006120,2025-04-08,CLI01516,PRD003,V010,3,1034.21,0.0,E-commerce,Concluída
PED006121,2025-03-29,CLI01810,PRD006,V008,1,188.34,0.05,Loja Física,Concluída
PED006122,2025-03-23,CLI00073,PRD005,V009,1,351.69,0.1,E-commerce,Concluída
PED006123,2025-03-24,CLI01098,PRD013,V008,1,1119.37,0.05,E-commerce,Concluída
PED006124,2025-02-11,CLI01689,PRD001,V007,2,4389.48,0.08,Marketplace,Concluída
PED006125,2025-04-02,CLI01884,PRD003,V008,1,1067.51,0.0,Marketplace,Concluída
PED006126,2025-08-29,CLI02207,PRD012,V010,1,5650.32,0.03,E-commerce,Concluída
PED006127,2025-04-21,CLI02010,PRD002,V007,1,2970.28,0.08,E-commerce,Concluída
PED006128,2025-10-13,CLI01671,PRD001,V007,1,4334.37,0.1,Marketplace,Concluída
PED006129,2025-10-27,CLI00418,PRD002,V001,3,3066.0,0.05,Marketplace,Concluída
PED006130,2025-10-05,CLI01310,PRD013,V010,6,1106.02,0.0,Loja Física,Concluída
PED006131,2025-07-16,CLI01316,PRD003,V008,1,1061.31,0.0,E-commerce,Concluída
PED006132,2025-04-26,CLI00817,PRD003,V002,1,1035.39,0.08,Televendas,Concluída
PED006133,2025-12-06,CLI01525,PRD004,V003,1,1611.11,0.05,Loja Física,Concluída
PED006134,2025-03-16,CLI01548,PRD014,V003,3,1333.66,0.0,E-commerce,Concluída
PED006135,2025-06-19,CLI01956,PRD004,V004,2,1603.24,0.05,Loja Física,Devolvida
PED006136,2025-06-15,CLI00104,PRD001,V009,2,4291.98,0.0,Marketplace,Concluída
PED006137,2025-09-30,CLI00533,PRD019,V005,2,1088.89,0.0,Marketplace,Concluída
PED006138,2025-07-19,CLI00563,PRD018,V005,5,965.52,0.1,Televendas,Concluída
PED006139,2025-10-19,CLI00579,PRD003,V008,1,1023.86,0.05,Marketplace,Concluída
PED006140,2025-12-02,CLI02302,PRD005,V004,1,367.68,0.0,E-commerce,Concluída
PED006141,2025-05-23,CLI00787,PRD003,V009,1,999.22,0.1,E-commerce,Concluída
PED006142,2025-11-16,CLI01777,PRD013,V008,2,1094.59,0.15,Marketplace,Concluída
PED006143,2025-03-03,CLI02208,PRD005,V003,1,352.24,0.1,Marketplace,Concluída
PED006144,2025-12-01,CLI00237,PRD020,V007,4,632.45,0.08,Loja Física,Concluída
PED006145,2025-03-06,CLI01967,PRD017,V005,2,837.39,0.15,Loja Física,Concluída
PED006146,2025-11-07,CLI01677,PRD010,V004,5,1664.04,0.0,Marketplace,Cancelada
PED006147,2025-05-23,CLI02456,PRD001,V010,5,4120.36,0.1,Loja Física,Concluída
PED006148,2025-12-19,CLI02250,PRD018,V004,2,973.49,0.03,E-commerce,Concluída
PED006149,2025-02-17,CLI00733,PRD013,V002,4,1086.66,0.0,Marketplace,Concluída
PED006150,2025-06-19,CLI01677,PRD015,V005,3,1532.02,0.0,E-commerce,Cancelada
PED006151,2025-11-26,CLI00508,PRD001,V006,1,4386.72,0.0,Loja Física,Concluída
PED006152,2025-01-18,CLI01477,PRD013,V002,2,1052.51,0.08,Marketplace,Concluída
PED006153,2025-04-07,CLI02432,PRD016,V008,5,2344.0,0.1,E-commerce,Concluída
PED006154,2025-01-31,CLI01237,PRD020,V003,3,625.94,0.0,Marketplace,Devolvida
PED006155,2025-04-28,CLI02393,PRD010,V001,2,1728.98,0.08,Loja Física,Concluída
PED006156,2025-05-23,CLI01478,PRD008,V006,1,2317.27,0.08,Loja Física,Devolvida
PED006157,2025-08-14,CLI02275,PRD007,V002,3,344.09,0.0,Loja Física,Concluída
PED006158,2025-04-05,CLI02178,PRD013,V008,1,1059.51,0.08,E-commerce,Concluída
PED006159,2025-02-27,CLI00074,PRD019,V001,2,1083.42,0.0,Marketplace,Concluída
PED006160,2025-03-04,CLI00790,PRD010,V005,2,1635.05,0.0,E-commerce,Concluída
PED006161,2025-12-09,CLI00196,PRD004,V001,2,1615.1,0.05,Loja Física,Concluída
PED006162,2025-12-14,CLI01931,PRD001,V004,1,4410.34,0.1,Loja Física,Concluída
PED006163,2025-03-22,CLI01814,PRD011,V010,2,2952.98,,Marketplace,Concluída
PED006164,2025-03-13,CLI01603,PRD018,V007,1,977.7,0.03,Loja Física,Concluída
PED006165,2025-01-20,CLI00259,PRD001,V006,1,4348.29,0.05,Loja Física,Concluída
PED006166,2025-12-17,CLI00327,PRD007,V002,1,344.91,0.08,Marketplace,Concluída
PED006167,2025-09-15,CLI02106,PRD020,V004,2,635.84,0.1,Loja Física,Concluída
PED006168,2025-10-05,CLI00597,PRD008,V004,1,2208.11,0.03,E-commerce,Concluída
PED006169,2025-04-17,CLI01450,PRD004,V006,1,1679.55,0.08,E-commerce,Concluída
PED006170,2025-08-22,CLI02210,PRD006,V003,4,198.88,0.05,E-commerce,Concluída
PED006171,2025-01-22,CLI00801,PRD007,V010,2,357.42,0.0,Loja Física,Concluída
PED006172,2025-09-04,CLI00811,PRD002,V007,4,2973.1,0.05,E-commerce,Concluída
PED006173,2025-07-31,CLI00470,PRD012,V004,2,5842.5,0.03,Loja Física,Concluída
PED006174,2025-05-01,CLI01024,PRD010,V002,1,1647.95,0.08,Televendas,Concluída
PED006175,2025-09-17,CLI01510,PRD011,V006,3,3020.6,0.0,E-commerce,Concluída
PED006176,2025-08-24,CLI00832,PRD010,V005,1,1646.03,0.0,Marketplace,Concluída
PED006177,2025-06-10,CLI00603,PRD001,V007,5,4384.83,0.1,Loja Física,Concluída
PED006178,2025-03-10,CLI01390,PRD003,V006,1,1032.76,0.1,Loja Física,Concluída
PED006179,2025-01-09,CLI00135,PRD003,V007,3,1022.98,0.03,E-commerce,Concluída
PED006180,2025-12-09,CLI00166,PRD002,V009,2,3067.02,0.08,Marketplace,Concluída
PED006181,2025-04-13,CLI01617,PRD014,V006,3,1341.94,0.15,Loja Física,Concluída
PED006182,2025-04-21,CLI01105,PRD002,V008,1,3055.81,0.0,Loja Física,Concluída
PED006183,2025-09-06,CLI02433,PRD012,V004,2,5634.91,0.05,Marketplace,Concluída
PED006184,2025-04-04,CLI01250,PRD003,V010,1,1072.36,0.0,E-commerce,Concluída
PED006185,2025-05-18,CLI00826,PRD002,V005,3,3025.18,0.08,Marketplace,Concluída
PED006186,2025-09-17,CLI02036,PRD003,V007,1,996.62,0.0,Loja Física,Concluída
PED006187,2025-08-06,CLI00246,PRD008,V010,1,2250.26,0.08,Marketplace,Concluída
PED006188,2025-08-28,CLI00532,PRD011,V004,2,2934.62,0.0,E-commerce,Concluída
PED006189,2025-01-02,CLI01923,PRD016,V002,2,2347.3,0.03,Loja Física,Concluída
PED006190,2025-06-14,CLI00971,PRD002,V003,3,3092.33,0.08,Loja Física,Concluída
PED006191,2025-06-23,CLI01136,PRD010,V003,2,1691.4,0.0,Marketplace,Concluída
PED006192,2025-08-19,CLI01318,PRD015,V001,1,1564.41,0.1,Loja Física,Concluída
PED006193,2025-02-25,CLI01482,PRD006,V006,3,208.79,0.0,Loja Física,Concluída
PED006194,2025-02-28,CLI02025,PRD002,V003,1,2967.55,0.05,Loja Física,Concluída
PED006195,2025-10-06,CLI01421,PRD003,V001,2,1028.81,0.08,E-commerce,Concluída
PED006196,2025-09-03,CLI01755,PRD002,V002,1,2911.9,0.0,E-commerce,Concluída
PED006197,2025-10-24,CLI01964,PRD018,V003,1,931.61,0.05,E-commerce,Concluída
PED006198,2025-04-09,CLI00113,PRD007,V004,3,331.89,0.05,Marketplace,Concluída
PED006199,2025-12-31,CLI01294,PRD009,V010,4,2935.28,0.05,Loja Física,Concluída
PED006200,2025-04-10,CLI00874,PRD014,V008,5,1367.12,0.05,Marketplace,Concluída
PED006201,2025-08-26,CLI00953,PRD006,V008,2,192.48,0.03,Televendas,Concluída
PED006202,2025-03-01,CLI00544,PRD011,V007,1,2943.8,0.0,Loja Física,Concluída
PED006203,2025-12-02,CLI01847,PRD002,V009,2,3054.02,0.0,Marketplace,Concluída
PED006204,2025-05-02,CLI00308,PRD008,V004,1,2153.11,0.1,Loja Física,Concluída
PED006205,2025-10-20,CLI00286,PRD002,V001,2,3126.29,0.03,E-commerce,Concluída
PED006206,2025-05-01,CLI00689,PRD005,V006,1,370.04,0.0,Loja Física,Concluída
PED006207,2025-10-16,CLI02367,PRD005,V001,6,367.86,0.0,Loja Física,Concluída
PED006208,2025-06-15,CLI01429,PRD013,V003,1,1118.05,0.08,Loja Física,Devolvida
PED006209,2025-01-23,CLI01042,PRD012,V008,1,5229.16,0.05,Loja Física,Concluída
PED006210,2025-03-11,CLI02043,PRD014,V006,3,1334.91,0.0,Loja Física,Concluída
PED006211,2025-09-07,CLI00087,PRD001,V007,1,4504.21,0.1,Televendas,Concluída
PED006212,2025-03-12,CLI02213,PRD020,V006,1,646.04,0.1,Marketplace,Concluída
PED006213,2025-04-11,CLI00838,PRD001,V006,2,4447.91,0.1,E-commerce,Cancelada
PED006214,2025-07-17,CLI00839,PRD017,V004,5,884.57,0.05,E-commerce,Concluída
PED006215,2025-04-03,CLI02207,PRD014,V003,1,1365.85,0.03,Televendas,Concluída
PED006216,2025-02-17,CLI00577,PRD010,V003,1,1634.08,0.0,Televendas,Concluída
PED006217,2025-08-16,CLI00607,PRD008,V008,1,2301.07,0.03,Marketplace,Concluída
PED006218,2025-09-09,CLI01435,PRD014,V010,2,1286.17,0.05,Marketplace,Concluída
PED006219,2025-09-25,CLI00587,PRD014,V001,1,1358.69,0.0,E-commerce,Concluída
PED006220,2025-12-11,CLI01667,PRD003,V006,2,1055.15,0.03,Marketplace,Concluída
PED006221,2025-02-15,CLI01495,PRD015,V005,2,1576.03,0.05,E-commerce,Concluída
PED006222,2025-06-05,CLI01382,PRD002,V006,4,3080.59,0.08,E-commerce,Concluída
PED006223,2025-03-27,CLI01138,PRD008,V003,2,2284.22,0.0,Loja Física,Concluída
PED006224,2025-11-25,CLI02075,PRD011,V001,2,2947.26,0.1,Loja Física,Concluída
PED006225,2025-07-17,CLI01891,PRD016,V003,2,2454.06,0.03,Televendas,Concluída
PED006226,2025-02-05,CLI00990,PRD008,V002,1,2214.1,0.05,E-commerce,Concluída
PED006227,2025-09-10,CLI00496,PRD004,V001,1,1661.26,0.1,Marketplace,Concluída
PED006228,2025-01-16,CLI00830,PRD008,V004,2,2342.88,0.0,Loja Física,Concluída
PED006229,2025-04-11,CLI00372,PRD005,V007,1,368.17,0.1,E-commerce,Concluída
PED006230,2025-09-21,CLI01417,PRD009,V010,1,2833.79,0.08,Loja Física,Concluída
PED006231,2025-07-04,CLI02243,PRD008,V007,1,2287.85,0.15,Marketplace,Concluída
PED006232,2025-10-05,CLI01650,PRD015,V002,1,1538.53,0.03,E-commerce,Concluída
PED006233,2025-07-28,CLI02008,PRD004,V004,1,1582.83,0.0,E-commerce,Concluída
PED006234,2025-11-04,CLI00836,PRD004,V004,2,1610.67,0.0,Loja Física,Concluída
PED006235,2025-07-25,CLI02360,PRD008,V003,3,2218.31,0.08,E-commerce,Concluída
PED006236,2025-01-21,CLI00635,PRD001,V010,1,4341.36,0.0,E-commerce,Concluída
PED006237,2025-01-27,CLI01444,PRD004,V007,3,1561.16,0.03,Marketplace,Concluída
PED006238,2025-10-11,CLI02417,PRD006,V005,1,200.04,0.15,Marketplace,Concluída
PED006239,2025-01-15,CLI00032,PRD008,V005,6,2361.13,0.03,E-commerce,Concluída
PED006240,2025-05-18,CLI01770,PRD005,V004,2,380.35,0.0,E-commerce,Concluída
PED006241,2025-01-06,CLI01221,PRD009,V005,2,2788.77,0.08,Televendas,Concluída
PED006242,2025-04-21,CLI01533,PRD018,V007,2,948.61,0.0,E-commerce,Concluída
PED006243,2025-08-06,CLI02066,PRD009,V010,2,2859.16,0.05,E-commerce,Concluída
PED006244,2025-03-05,CLI00712,PRD005,V005,1,367.96,0.0,Loja Física,Concluída
PED006245,2025-06-20,CLI02435,PRD001,V002,1,4356.79,0.03,E-commerce,Concluída
PED006246,2025-12-30,CLI02304,PRD003,V010,6,1063.64,0.0,Loja Física,Concluída
PED006247,2025-01-26,CLI01312,PRD009,V004,4,2908.98,0.08,Loja Física,Concluída
PED006248,2025-01-24,CLI01322,PRD012,V001,2,5282.57,0.03,Loja Física,Concluída
PED006249,2025-04-10,CLI01858,PRD001,V006,3,4385.33,0.03,E-commerce,Concluída
PED006250,2025-10-29,CLI00676,PRD003,V008,1,1006.61,0.15,Loja Física,Concluída
PED006251,2025-05-29,CLI00860,PRD006,V003,2,194.61,0.08,Marketplace,Concluída
PED006252,2025-08-22,CLI00904,PRD006,V003,2,195.36,0.05,E-commerce,Concluída
PED006253,2025-01-13,CLI00222,PRD020,V003,1,659.96,0.1,Loja Física,Concluída
PED006254,2025-09-26,CLI00931,PRD004,V009,4,1608.76,0.0,E-commerce,Concluída
PED006255,2025-01-25,CLI02426,PRD001,V010,3,4328.31,0.05,Loja Física,Concluída
PED006256,2025-09-17,CLI00086,PRD006,V009,4,207.7,0.1,Loja Física,Concluída
PED006257,2025-02-23,CLI02086,PRD002,V003,2,2935.22,0.05,Loja Física,Concluída
PED006258,2025-11-10,CLI01023,PRD002,V009,1,3023.63,0.03,Marketplace,Concluída
PED006259,2025-04-19,CLI00827,PRD007,V004,3,348.64,0.08,E-commerce,Concluída
PED006260,2025-03-09,CLI00652,PRD006,V009,1,198.21,0.0,Loja Física,Concluída
PED006261,2025-05-03,CLI00521,PRD002,V010,4,2934.79,0.0,E-commerce,Concluída
PED006262,2025-01-01,CLI01131,PRD010,V008,1,1610.24,0.08,Loja Física,Concluída
PED006263,2025-03-02,CLI00645,PRD008,V010,3,2309.93,0.0,Marketplace,Concluída
PED006264,2025-08-07,CLI01402,PRD002,V002,2,3080.21,0.0,Televendas,Concluída
PED006265,2025-04-20,CLI01911,PRD017,V007,1,854.91,0.03,Loja Física,Concluída
PED006266,2025-05-10,CLI00840,PRD005,V001,1,349.68,0.03,Loja Física,Cancelada
PED006267,2025-10-22,CLI02193,PRD020,V007,2,648.11,0.03,Marketplace,Concluída
PED006268,2025-02-15,CLI00077,PRD020,V004,1,672.41,0.08,E-commerce,Concluída
PED006269,2025-05-25,CLI00349,PRD008,V010,4,2217.65,0.05,Marketplace,Concluída
PED006270,2025-03-09,CLI02319,PRD004,V005,1,1597.09,0.08,E-commerce,Concluída
PED006271,2025-06-26,CLI02097,PRD017,V008,1,857.26,0.0,Loja Física,Concluída
PED006272,2025-05-02,CLI00294,PRD006,V004,1,202.73,0.03,Marketplace,Concluída
PED006273,2025-01-17,CLI01049,PRD003,V001,1,1024.9,0.15,Loja Física,Concluída
PED006274,2025-01-26,CLI00877,PRD009,V008,1,2905.32,0.03,Loja Física,Concluída
PED006275,2025-11-08,CLI00257,PRD008,V003,4,2353.59,0.0,Televendas,Concluída
PED006276,2025-01-21,CLI01819,PRD017,V008,3,824.4,0.15,E-commerce,Concluída
PED006277,2025-10-13,CLI01083,PRD013,V005,4,1052.86,0.03,E-commerce,Concluída
PED006278,2025-12-01,CLI02199,PRD018,V010,1,969.81,0.03,Loja Física,Concluída
PED006279,2025-06-20,CLI00877,PRD014,V004,1,1378.85,0.0,Loja Física,Concluída
PED006280,2025-04-24,CLI01616,PRD011,V005,1,2969.03,0.05,E-commerce,Concluída
PED006281,2025-10-11,CLI02252,PRD008,V008,2,2335.36,0.0,Marketplace,Concluída
PED006282,2025-12-25,CLI00601,PRD020,V008,1,620.44,0.05,E-commerce,Concluída
PED006283,2025-02-13,CLI00999,PRD020,V002,1,653.52,0.08,Marketplace,Concluída
PED006284,2025-12-18,CLI01659,PRD017,V008,2,795.26,0.05,E-commerce,Cancelada
PED006285,2025-12-11,CLI01718,PRD015,V005,1,1626.53,0.0,Loja Física,Concluída
PED006286,2025-02-22,CLI01007,PRD010,V010,2,1698.11,0.0,E-commerce,Concluída
PED006287,2025-01-20,CLI00191,PRD005,V007,2,358.59,0.08,Loja Física,Concluída
PED006288,2025-09-18,CLI01862,PRD018,V008,3,916.11,0.1,Loja Física,Concluída
PED006289,2025-01-29,CLI01736,PRD001,V004,1,4356.09,0.0,Loja Física,Concluída
PED006290,2025-08-08,CLI00989,PRD004,V003,2,1654.63,0.03,Marketplace,Concluída
PED006291,2025-01-24,CLI02040,PRD007,V008,1,346.46,0.05,Loja Física,Concluída
PED006292,2025-09-10,CLI00220,PRD010,V001,1,1725.25,0.08,E-commerce,Concluída
PED006293,2025-03-26,CLI01353,PRD009,V006,1,2849.43,0.1,Marketplace,Concluída
PED006294,2025-02-05,CLI01317,PRD003,V010,1,1091.16,0.05,E-commerce,Concluída
PED006295,2025-01-25,CLI00236,PRD002,V010,2,2850.55,0.0,Loja Física,Concluída
PED006296,2025-03-10,CLI00106,PRD004,V008,3,1579.33,0.08,E-commerce,Concluída
PED006297,2025-07-17,CLI02470,PRD006,V005,3,191.0,0.1,Marketplace,Concluída
PED006298,2025-01-28,CLI01559,PRD001,V009,1,4459.16,0.03,E-commerce,Concluída
PED006299,2025-10-20,CLI02122,PRD013,V001,1,1055.53,0.05,Loja Física,Concluída
PED006300,2025-08-09,CLI00794,PRD005,V008,1,370.61,0.0,E-commerce,Concluída
PED006301,2025-04-19,CLI01293,PRD006,V002,6,200.75,0.03,E-commerce,Cancelada
PED006302,2025-12-27,CLI02206,PRD006,V008,1,198.25,0.1,E-commerce,Concluída
PED006303,2025-08-29,CLI01093,PRD009,V004,1,2862.43,0.0,Loja Física,Concluída
PED006304,2025-09-03,CLI01253,PRD017,V008,1,833.5,0.08,Televendas,Cancelada
PED006305,2025-03-05,CLI02157,PRD003,V007,3,1054.1,0.0,Televendas,Concluída
PED006306,2025-09-17,CLI00086,PRD006,V010,2,194.85,0.0,E-commerce,Concluída
PED006307,2025-07-24,CLI01378,PRD013,V008,1,1109.05,0.05,Loja Física,Concluída
PED006308,2025-12-26,CLI01597,PRD001,V010,2,4541.53,0.0,Loja Física,Concluída
PED006309,2025-06-24,CLI02140,PRD017,V002,3,849.24,0.05,E-commerce,Cancelada
PED006310,2025-09-05,CLI02078,PRD020,V004,2,669.13,0.03,Loja Física,Concluída
PED006311,2025-05-05,CLI00428,PRD010,V005,5,1656.68,0.08,E-commerce,Concluída
PED006312,2025-01-15,CLI00113,PRD020,V001,4,657.44,0.15,Televendas,Concluída
PED006313,2025-02-16,CLI00494,PRD007,V001,2,331.55,0.03,Loja Física,Devolvida
PED006314,2025-11-13,CLI01863,PRD007,V001,5,336.98,0.0,Loja Física,Concluída
PED006315,2025-09-27,CLI00571,PRD002,V008,3,2949.07,0.08,Loja Física,Concluída
PED006316,2025-05-14,CLI01904,PRD001,V005,1,4524.88,0.0,E-commerce,Concluída
PED006317,2025-09-12,CLI02345,PRD005,V008,3,358.3,0.0,Marketplace,Concluída
PED006318,2025-01-02,CLI01702,PRD008,V009,2,2309.83,0.1,Loja Física,Concluída
PED006319,2025-01-14,CLI00304,PRD008,V001,2,2269.88,0.0,E-commerce,Concluída
PED006320,2025-07-05,CLI01226,PRD004,V009,2,1595.15,0.05,E-commerce,Concluída
PED006321,2025-08-17,CLI00689,PRD010,V003,3,1588.33,0.0,E-commerce,Concluída
PED006322,2025-12-09,CLI01619,PRD003,V005,4,988.94,0.08,Loja Física,Concluída
PED006323,2025-10-05,CLI01095,PRD006,V010,1,195.66,0.05,Marketplace,Cancelada
PED006324,2025-04-04,CLI01224,PRD003,V004,2,1031.11,0.05,Marketplace,Concluída
PED006325,2025-10-25,CLI01517,PRD013,V010,2,1064.34,0.05,Loja Física,Concluída
PED006326,2025-06-29,CLI00941,PRD009,V006,4,2880.4,0.0,E-commerce,Concluída
PED006327,2025-10-29,CLI02354,PRD014,V001,2,1411.54,0.0,E-commerce,Concluída
PED006328,2025-03-05,CLI00125,PRD001,V009,1,4540.91,0.08,Loja Física,Concluída
PED006329,2025-01-10,CLI01815,PRD007,V001,1,342.71,0.1,E-commerce,Cancelada
PED006330,2025-01-22,CLI01241,PRD020,V007,1,648.08,0.08,Loja Física,Concluída
PED006331,2025-12-28,CLI01732,PRD001,V005,1,4443.45,0.08,Marketplace,Concluída
PED006332,2025-01-30,CLI01958,PRD007,V002,1,344.61,0.03,E-commerce,Concluída
PED006333,2025-12-09,CLI02164,PRD001,V006,1,4443.64,0.05,Marketplace,Concluída
PED006334,2025-09-23,CLI00128,PRD003,V004,4,1044.43,0.05,Televendas,Concluída
PED006335,2025-02-23,CLI00923,PRD008,V001,1,2277.16,0.0,E-commerce,Concluída
PED006336,2025-11-12,CLI00094,PRD003,V006,1,1020.41,0.03,E-commerce,Cancelada
PED006337,2025-02-22,CLI00837,PRD009,V001,3,2892.04,0.0,Televendas,Concluída
PED006338,2025-02-22,CLI00424,PRD020,V006,1,610.37,0.03,Loja Física,Concluída
PED006339,2025-07-30,CLI01641,PRD004,V003,3,1617.91,0.08,Loja Física,Concluída
PED006340,2025-04-16,CLI00738,PRD002,V009,3,2842.48,0.03,E-commerce,Concluída
PED006341,2025-04-17,CLI01213,PRD017,V010,1,860.33,0.08,E-commerce,Concluída
PED006342,2025-03-13,CLI01251,PRD008,V010,2,2215.59,0.15,Televendas,Concluída
PED006343,2025-08-10,CLI00194,PRD018,V010,1,1001.51,0.1,E-commerce,Concluída
PED006344,2025-01-10,CLI02072,PRD006,V002,1,197.5,0.08,E-commerce,Cancelada
PED006345,2025-03-31,CLI01166,PRD011,V006,2,2940.06,0.1,E-commerce,Devolvida
PED006346,2025-07-22,CLI00075,PRD020,V003,1,653.47,0.03,E-commerce,Concluída
PED006347,2025-06-27,CLI00251,PRD003,V001,2,1014.59,0.08,Marketplace,Concluída
PED006348,2025-09-13,CLI01955,PRD015,V004,2,1615.99,0.05,E-commerce,Concluída
PED006349,2025-03-20,CLI02342,PRD011,V005,1,2990.86,0.15,Marketplace,Concluída
PED006350,2025-08-25,CLI01787,PRD016,V003,1,2317.04,0.05,Loja Física,Concluída
PED006351,2025-10-05,CLI00739,PRD003,V002,2,1009.56,0.03,Marketplace,Concluída
PED006352,2025-05-22,CLI01249,PRD008,V005,1,2247.24,0.08,Televendas,Concluída
PED006353,2025-04-04,CLI00687,PRD002,V002,2,2985.6,0.08,Televendas,Cancelada
PED006354,2025-07-22,CLI00481,PRD020,V001,4,628.63,0.0,Televendas,Concluída
PED006355,2025-07-31,CLI02163,PRD001,V005,3,4316.95,0.05,Marketplace,Concluída
PED006356,2025-02-04,CLI00213,PRD001,V001,1,4302.25,0.05,E-commerce,Concluída
PED006357,2025-07-26,CLI01077,PRD019,V010,2,1085.41,0.05,Loja Física,Concluída
PED006358,2025-02-26,CLI00396,PRD006,V009,2,195.87,0.1,Loja Física,Concluída
PED006359,2025-07-27,CLI01229,PRD010,V010,2,1664.75,0.05,Marketplace,Concluída
PED006360,2025-12-07,CLI00833,PRD005,V002,6,360.83,0.1,E-commerce,Cancelada
PED006361,2025-07-16,CLI00977,PRD011,V005,2,2965.99,0.03,E-commerce,Concluída
PED006362,2025-10-05,CLI01328,PRD003,V009,1,1042.18,0.0,E-commerce,Concluída
PED006363,2025-04-24,CLI00801,PRD008,V006,1,2257.37,0.03,E-commerce,Concluída
PED006364,2025-12-03,CLI00874,PRD009,V004,4,2911.67,0.05,E-commerce,Devolvida
PED006365,2025-10-24,CLI00726,PRD006,V009,2,183.33,0.08,Marketplace,Concluída
PED006366,2025-12-01,CLI01397,PRD005,V004,4,357.32,0.05,Loja Física,Concluída
PED006367,2025-09-28,CLI01672,PRD003,V010,3,1020.96,0.03,Marketplace,Concluída
PED006368,2025-08-26,CLI02204,PRD013,V002,5,1088.67,0.03,Loja Física,Concluída
PED006369,2025-07-11,CLI02486,PRD003,V008,2,1019.31,0.15,Marketplace,Concluída
PED006370,2025-12-05,CLI00325,PRD005,V001,5,365.5,0.0,Marketplace,Concluída
PED006371,2025-11-06,CLI01743,PRD006,V010,4,200.4,0.0,Televendas,Concluída
PED006372,2025-06-02,CLI02237,PRD008,V004,3,2189.93,0.05,Loja Física,Concluída
PED006373,2025-02-01,CLI00305,PRD013,V001,5,1091.49,0.08,Marketplace,Concluída
PED006374,2025-01-02,CLI00486,PRD008,V009,2,2195.78,0.03,E-commerce,Devolvida
PED006375,2025-03-27,CLI00370,PRD018,V010,3,981.02,0.0,Loja Física,Concluída
PED006376,2025-01-23,CLI01232,PRD012,V010,2,5446.13,0.05,Loja Física,Concluída
PED006377,2025-03-19,CLI01998,PRD017,V005,3,836.5,0.0,Marketplace,Concluída
PED006378,2025-02-09,CLI01835,PRD013,V001,3,1039.02,0.0,Televendas,Cancelada
PED006379,2025-12-25,CLI01749,PRD003,V003,3,1033.35,0.03,E-commerce,Cancelada
PED006380,2025-02-04,CLI01743,PRD020,V001,1,627.44,0.0,Loja Física,Concluída
PED006381,2025-08-17,CLI02080,PRD015,V001,3,1511.87,0.03,E-commerce,Concluída
PED006382,2025-05-09,CLI01896,PRD010,V002,4,1652.33,0.08,Loja Física,Concluída
PED006383,2025-03-05,CLI01201,PRD003,V006,2,1060.84,0.0,Loja Física,Cancelada
PED006384,2025-09-13,CLI01785,PRD003,V008,2,1045.95,0.05,Marketplace,Concluída
PED006385,2025-12-21,CLI00102,PRD010,V006,4,1585.84,0.05,Loja Física,Concluída
PED006386,2025-10-16,CLI00041,PRD007,V003,3,340.81,0.0,E-commerce,Concluída
PED006387,2025-12-22,CLI01138,PRD012,V007,2,5604.15,0.08,E-commerce,Concluída
PED006388,2025-08-04,CLI01240,PRD006,V003,2,196.16,0.0,Loja Física,Concluída
PED006389,2025-09-03,CLI02031,PRD009,V005,2,2886.04,0.1,E-commerce,Concluída
PED006390,2025-02-23,CLI00948,PRD003,V009,2,1024.42,0.05,Loja Física,Concluída
PED006391,2025-11-08,CLI00643,PRD003,V002,1,1025.78,0.0,E-commerce,Cancelada
PED006392,2025-09-30,CLI02320,PRD002,V009,1,2944.29,0.1,E-commerce,Concluída
PED006393,2025-04-03,CLI01738,PRD016,V003,4,2382.47,0.03,Marketplace,Concluída
PED006394,2025-05-10,CLI02387,PRD009,V007,5,2911.05,0.0,Loja Física,Concluída
PED006395,2025-08-11,CLI01576,PRD020,V003,1,637.18,0.03,Loja Física,Concluída
PED006396,2025-01-05,CLI00641,PRD014,V002,4,1367.57,0.05,E-commerce,Concluída
PED006397,2025-10-26,CLI00754,PRD014,V005,2,1294.36,0.08,Marketplace,Concluída
PED006398,2025-04-13,CLI01781,PRD008,V004,1,2258.72,0.05,E-commerce,Concluída
PED006399,2025-01-28,CLI00394,PRD016,V006,3,2267.16,0.1,Televendas,Devolvida
PED006400,2025-05-01,CLI00593,PRD020,V003,1,627.87,0.15,Loja Física,Concluída
PED006401,2025-11-02,CLI01906,PRD013,V010,1,1048.37,0.0,Marketplace,Concluída
PED006402,2025-04-11,CLI01872,PRD002,V007,5,2944.58,0.1,E-commerce,Concluída
PED006403,2025-07-16,CLI01643,PRD011,V009,2,2981.97,0.0,Loja Física,Concluída
PED006404,2025-10-24,CLI00748,PRD002,V008,1,2987.8,0.15,Loja Física,Concluída
PED006405,2025-01-13,CLI00177,PRD002,V008,2,2949.96,0.0,E-commerce,Concluída
PED006406,2025-10-05,CLI01827,PRD013,V002,2,1080.72,0.0,E-commerce,Concluída
PED006407,2025-04-16,CLI00645,PRD017,V006,2,809.78,0.03,E-commerce,Concluída
PED006408,2025-09-11,CLI00068,PRD003,V009,1,1050.55,0.0,Marketplace,Concluída
PED006409,2025-03-10,CLI01415,PRD002,V001,1,2825.44,0.08,Loja Física,Concluída
PED006410,2025-02-20,CLI01757,PRD018,V005,2,952.26,0.0,Marketplace,Concluída
PED006411,2025-10-15,CLI01027,PRD002,V002,2,2987.76,0.03,E-commerce,Concluída
PED006412,2025-10-22,CLI01052,PRD001,V008,4,4415.47,0.1,Loja Física,Concluída
PED006413,2025-12-25,CLI01144,PRD013,V010,1,1091.92,0.05,E-commerce,Concluída
PED006414,2025-09-05,CLI01847,PRD017,V001,4,852.6,0.05,E-commerce,Concluída
PED006415,2025-06-20,CLI02203,PRD009,V009,6,2967.05,0.15,Loja Física,Concluída
PED006416,2025-03-13,CLI00229,PRD009,V004,1,3006.94,0.0,E-commerce,Concluída
PED006417,2025-04-18,CLI00459,PRD006,V010,1,196.86,0.03,E-commerce,Concluída
PED006418,2025-08-25,CLI02171,PRD004,V001,2,1601.37,0.0,Loja Física,Concluída
PED006419,2025-05-07,CLI00850,PRD014,V002,4,1336.88,0.0,E-commerce,Concluída
PED006420,2025-06-26,CLI01664,PRD017,V008,1,840.62,0.0,E-commerce,Concluída
PED006421,2025-03-03,CLI00082,PRD006,V008,1,198.68,0.05,Marketplace,Cancelada
PED006422,2025-06-10,CLI00928,PRD005,V001,2,372.01,0.0,E-commerce,Concluída
PED006423,2025-03-28,CLI01479,PRD005,V002,3,338.1,0.05,E-commerce,Concluída
PED006424,2025-02-10,CLI00854,PRD001,V004,1,4348.31,0.08,E-commerce,Concluída
PED006425,2025-02-18,CLI00684,PRD005,V001,1,373.97,0.03,Televendas,Devolvida
PED006426,2025-07-09,CLI00739,PRD001,V008,1,4409.75,0.05,Loja Física,Concluída
PED006427,2025-05-14,CLI01693,PRD015,V007,5,1586.34,0.0,E-commerce,Concluída
PED006428,2025-02-06,CLI01472,PRD005,V008,2,346.12,0.08,Loja Física,Concluída
PED006429,2025-07-07,CLI00734,PRD013,V005,2,1104.48,0.03,Loja Física,Concluída
PED006430,2025-03-01,CLI00099,PRD009,V007,4,2934.96,0.08,Marketplace,Concluída
PED006431,2025-01-06,CLI00662,PRD017,V006,2,857.93,0.05,E-commerce,Concluída
PED006432,2025-02-18,CLI01780,PRD020,V007,4,635.56,0.05,Loja Física,Concluída
PED006433,2025-06-13,CLI02080,PRD006,V005,1,199.01,0.03,E-commerce,Concluída
PED006434,2025-12-15,CLI01967,PRD002,V007,1,2915.99,0.03,E-commerce,Concluída
PED006435,2025-03-30,CLI02481,PRD014,V007,1,1302.97,0.03,Televendas,Devolvida
PED006436,2025-04-14,CLI00634,PRD001,V007,1,4454.4,0.05,Televendas,Concluída
PED006437,2025-03-30,CLI01848,PRD004,V009,3,1649.37,0.05,Loja Física,Concluída
PED006438,2025-05-10,CLI00350,PRD001,V004,2,4285.76,0.08,Marketplace,Concluída
PED006439,2025-09-19,CLI02250,PRD019,V009,1,1059.15,0.0,E-commerce,Concluída
PED006440,2025-04-28,CLI02429,PRD001,V001,3,4270.99,0.1,E-commerce,Concluída
PED006441,2025-08-29,CLI01234,PRD008,V005,2,2279.63,0.1,Loja Física,Concluída
PED006442,2025-11-24,CLI01585,PRD007,V005,2,332.03,0.0,Marketplace,Cancelada
PED006443,2025-12-12,CLI00734,PRD011,V009,1,3030.72,0.0,E-commerce,Cancelada
PED006444,2025-07-25,CLI01735,PRD005,V001,6,356.36,0.05,Televendas,Concluída
PED006445,2025-09-18,CLI00592,PRD018,V003,2,978.28,0.0,Marketplace,Concluída
PED006446,2025-12-02,CLI01581,PRD014,V005,4,1317.3,0.0,E-commerce,Concluída
PED006447,2025-10-15,CLI01151,PRD008,V009,3,2301.54,0.05,Marketplace,Concluída
PED006448,2025-04-20,CLI00624,PRD006,V005,2,200.11,0.05,E-commerce,Concluída
PED006449,2025-02-18,CLI01903,PRD016,V007,1,2248.14,0.0,Marketplace,Concluída
PED006450,2025-02-11,CLI02005,PRD014,V002,2,1319.43,0.1,Loja Física,Cancelada
PED006451,2025-11-18,CLI00175,PRD007,V010,1,340.64,0.0,E-commerce,Concluída
PED006452,2025-07-23,CLI01204,PRD006,V008,5,194.25,0.0,Marketplace,Concluída
PED006453,2025-04-19,CLI01648,PRD001,V001,1,4461.98,0.0,Loja Física,Concluída
PED006454,2025-05-07,CLI00659,PRD002,V008,1,2948.97,0.1,Marketplace,Concluída
PED006455,2025-04-13,CLI00659,PRD001,V002,2,4444.87,0.1,Loja Física,Concluída
PED006456,2025-10-20,CLI01484,PRD001,V006,2,4419.74,0.0,E-commerce,Concluída
PED006457,2025-08-12,CLI00979,PRD003,V008,2,1032.94,0.08,E-commerce,Concluída
PED006458,2025-11-17,CLI02210,PRD017,V010,3,869.8,0.0,Loja Física,Concluída
PED006459,2025-04-21,CLI01737,PRD015,V001,3,1509.73,0.0,Marketplace,Concluída
PED006460,2025-06-22,CLI01941,PRD017,V003,4,852.34,0.0,Loja Física,Concluída
PED006461,2025-02-14,CLI02170,PRD011,V007,2,2879.63,0.08,Marketplace,Concluída
PED006462,2025-12-21,CLI01780,PRD011,V003,2,2928.62,0.03,Televendas,Concluída
PED006463,2025-07-06,CLI01427,PRD002,V008,4,2958.53,0.05,E-commerce,Concluída
PED006464,2025-07-21,CLI00669,PRD013,V002,1,1087.06,0.0,Televendas,Concluída
PED006465,2025-05-31,CLI00653,PRD005,V002,1,360.64,0.1,E-commerce,Concluída
PED006466,2025-04-09,CLI00698,PRD009,V006,1,2872.67,0.15,Televendas,Concluída
PED006467,2025-12-13,CLI00158,PRD020,V007,3,649.03,0.0,Marketplace,Concluída
PED006468,2025-06-28,CLI02078,PRD018,V003,2,983.3,0.05,E-commerce,Concluída
PED006469,2025-09-04,CLI02344,PRD004,V009,1,1554.87,0.05,Televendas,Concluída
PED006470,2025-01-14,CLI02000,PRD014,V009,1,1359.33,0.15,E-commerce,Concluída
PED006471,2025-04-11,CLI00730,PRD002,V001,1,2880.45,0.05,E-commerce,Concluída
PED006472,2025-10-21,CLI02154,PRD001,V004,2,4061.77,0.0,Marketplace,Devolvida
PED006473,2025-02-02,CLI01521,PRD001,V006,1,4582.17,0.03,E-commerce,Concluída
PED006474,2025-02-07,CLI02372,PRD003,V005,3,1011.43,0.05,Loja Física,Concluída
PED006475,2025-10-23,CLI01885,PRD013,V003,5,1073.27,0.03,E-commerce,Concluída
PED006476,2025-04-23,CLI00914,PRD006,V006,3,187.66,0.0,E-commerce,Cancelada
PED006477,2025-04-10,CLI01423,PRD001,V010,4,4317.22,0.08,Loja Física,Concluída
PED006478,2025-07-26,CLI01500,PRD020,V004,6,649.49,0.1,E-commerce,Concluída
PED006479,2025-03-13,CLI01010,PRD009,V003,3,2880.12,0.03,Loja Física,Concluída
PED006480,2025-01-16,CLI01411,PRD007,V008,2,331.66,0.05,Loja Física,Concluída
PED006481,2025-01-02,CLI01851,PRD009,V006,3,2830.99,0.05,Marketplace,Concluída
PED006482,2025-01-29,CLI00759,PRD009,V007,2,2889.13,0.05,Loja Física,Concluída
PED006483,2025-02-27,CLI00568,PRD008,V007,2,2281.95,0.0,Marketplace,Concluída
PED006484,2025-09-12,CLI01366,PRD010,V008,1,1649.95,0.03,E-commerce,Concluída
PED006485,2025-04-19,CLI01939,PRD018,V008,2,987.83,0.03,Televendas,Concluída
PED006486,2025-01-27,CLI02461,PRD006,V007,4,196.29,0.15,Marketplace,Concluída
PED006487,2025-01-06,CLI02188,PRD008,V005,2,2347.38,0.0,E-commerce,Concluída
PED006488,2025-06-24,CLI02340,PRD001,V005,1,4334.83,0.03,Loja Física,Concluída
PED006489,2025-11-03,CLI00822,PRD017,V003,2,868.48,0.05,Marketplace,Concluída
PED006490,2025-05-04,CLI01299,PRD006,V005,3,200.42,0.08,Marketplace,Concluída
PED006491,2025-01-24,CLI00725,PRD005,V007,3,345.78,0.03,Loja Física,Concluída
PED006492,2025-03-25,CLI00612,PRD020,V008,2,653.27,0.0,Televendas,Concluída
PED006493,2025-07-02,CLI00140,PRD010,V008,1,1618.36,0.05,E-commerce,Cancelada
PED006494,2025-03-10,CLI02088,PRD002,V004,1,2918.16,0.0,Loja Física,Concluída
PED006495,2025-12-24,CLI00994,PRD005,V008,4,356.72,0.05,Loja Física,Concluída
PED006496,2025-10-06,CLI02143,PRD006,V005,1,197.63,0.05,Marketplace,Concluída
PED006497,2025-05-06,CLI00627,PRD020,V004,4,620.87,0.05,E-commerce,Concluída
PED006498,2025-12-14,CLI01408,PRD008,V002,1,2269.94,0.05,Marketplace,Concluída
PED006499,2025-04-29,CLI01010,PRD004,V003,6,1596.66,0.0,E-commerce,Concluída
PED006500,2025-02-21,CLI01170,PRD010,V007,2,1687.37,0.05,Loja Física,Concluída
PED006501,2025-12-09,CLI01615,PRD007,V003,3,336.56,0.15,Loja Física,Concluída
PED006502,2025-12-17,CLI00455,PRD001,V001,3,4496.72,0.05,Marketplace,Concluída
PED006503,2025-04-25,CLI01105,PRD017,V003,3,861.91,0.08,Loja Física,Concluída
PED006504,2025-08-06,CLI00825,PRD001,V010,3,4363.17,0.05,Televendas,Concluída
PED006505,2025-03-05,CLI02437,PRD019,V002,1,1125.67,0.08,Loja Física,Cancelada
PED006506,2025-08-23,CLI00037,PRD015,V002,1,1645.56,0.03,Televendas,Concluída
PED006507,2025-09-09,CLI02174,PRD002,V005,1,2977.9,0.15,Loja Física,Concluída
PED006508,2025-09-17,CLI01097,PRD013,V004,2,1065.35,0.0,E-commerce,Concluída
PED006509,2025-07-27,CLI02362,PRD014,V010,2,1356.64,0.0,Loja Física,Concluída
PED006510,2025-09-15,CLI00321,PRD010,V003,1,1586.17,0.0,Loja Física,Concluída
PED006511,2025-07-22,CLI00889,PRD010,V005,3,1591.19,0.05,Marketplace,Concluída
PED006512,2025-10-27,CLI01294,PRD001,V003,1,4509.5,0.05,Loja Física,Concluída
PED006513,2025-03-07,CLI00792,PRD001,V003,1,4429.26,0.05,Marketplace,Concluída
PED006514,2025-06-26,CLI00621,PRD013,V004,1,1062.14,0.0,E-commerce,Concluída
PED006515,2025-06-01,CLI00055,PRD002,V003,3,3228.29,0.05,Marketplace,Concluída
PED006516,2025-07-14,CLI02217,PRD004,V008,1,1549.92,0.0,E-commerce,Concluída
PED006517,2025-02-21,CLI01509,PRD008,V008,4,2303.56,0.08,Televendas,Concluída
PED006518,2025-04-29,CLI00309,PRD003,V002,2,1015.12,0.0,Marketplace,Cancelada
PED006519,2025-12-15,CLI02091,PRD015,V005,2,1640.01,0.03,Televendas,Concluída
PED006520,2025-02-08,CLI01100,PRD016,V003,1,2315.42,0.03,Loja Física,Concluída
PED006521,2025-08-20,CLI02421,PRD017,V009,3,847.59,0.03,Loja Física,Concluída
PED006522,2025-08-31,CLI00348,PRD001,V002,4,4169.37,0.08,Marketplace,Concluída
PED006523,2025-06-23,CLI00810,PRD008,V005,2,2386.53,0.15,E-commerce,Concluída
PED006524,2025-01-13,CLI01425,PRD017,V004,1,840.47,0.05,E-commerce,Concluída
PED006525,2025-01-13,CLI01750,PRD006,V004,1,199.19,0.03,E-commerce,Concluída
PED006526,2025-04-11,CLI00789,PRD013,V010,1,1085.56,0.0,E-commerce,Concluída
PED006527,2025-02-07,CLI00849,PRD010,V006,1,1622.01,0.05,E-commerce,Concluída
PED006528,2025-02-04,CLI00262,PRD006,V004,3,185.87,0.03,E-commerce,Concluída
PED006529,2025-02-28,CLI02113,PRD005,V009,1,358.49,0.08,E-commerce,Concluída
PED006530,2025-03-11,CLI01502,PRD011,V008,3,2916.53,0.05,E-commerce,Concluída
PED006531,2025-11-03,CLI02273,PRD002,V002,2,3017.52,0.03,E-commerce,Cancelada
PED006532,2025-08-22,CLI01346,PRD017,V005,2,899.45,0.15,Loja Física,Cancelada
PED006533,2025-01-12,CLI02082,PRD010,V005,5,1671.18,0.0,Loja Física,Cancelada
PED006534,2025-08-18,CLI00526,PRD002,V005,2,3058.01,0.05,Marketplace,Concluída
PED006535,2025-02-19,CLI00717,PRD013,V004,1,1077.15,0.03,Televendas,Concluída
PED006536,2025-06-03,CLI02417,PRD008,V009,2,2193.94,0.0,Loja Física,Concluída
PED006537,2025-01-14,CLI00433,PRD004,V010,2,1594.18,0.0,Televendas,Concluída
PED006538,2025-02-02,CLI01971,PRD020,V001,3,634.29,0.05,E-commerce,Concluída
PED006539,2025-02-18,CLI02171,PRD013,V009,4,1084.07,0.0,Televendas,Concluída
PED006540,2025-06-08,CLI01544,PRD010,V009,3,1624.36,0.1,E-commerce,concluida
PED006541,2025-06-19,CLI01730,PRD017,V004,6,817.86,0.03,Marketplace,Concluída
PED006542,2025-05-09,CLI02359,PRD009,V005,1,2953.42,0.03,E-commerce,Concluída
PED006543,2025-08-15,CLI00024,PRD008,V002,1,2260.44,0.05,Televendas,Devolvida
PED006544,2025-09-20,CLI01868,PRD003,V004,1,1027.19,0.0,Loja Física,Concluída
PED006545,2025-09-23,CLI02106,PRD003,V003,2,1007.13,0.0,Loja Física,Concluída
PED006546,2025-07-31,CLI01207,PRD008,V010,1,2241.46,0.03,Marketplace,Concluída
PED006547,2025-07-19,CLI00010,PRD008,V002,1,2219.46,0.05,Loja Física,Concluída
PED006548,2025-06-29,CLI02408,PRD014,V004,6,1302.17,0.03,Televendas,Concluída
PED006549,2025-03-28,CLI01691,PRD008,V005,1,2277.65,0.03,Loja Física,Concluída
PED006550,2025-06-27,CLI01606,PRD010,V010,1,1625.4,0.05,Loja Física,Concluída
PED006551,2025-01-04,CLI01883,PRD017,V009,1,869.64,0.08,E-commerce,Concluída
PED006552,2025-12-19,CLI00342,PRD020,V010,1,640.33,0.03,Marketplace,Concluída
PED006553,2025-05-16,CLI02129,PRD006,V004,1,197.39,0.08,E-commerce,Devolvida
PED006554,2025-10-04,CLI00247,PRD019,V003,1,1093.28,0.0,Televendas,Concluída
PED006555,2025-12-16,CLI00181,PRD016,V006,1,2369.14,,E-commerce,Concluída
PED006556,2025-07-01,CLI00231,PRD001,V004,3,4275.0,0.03,E-commerce,Concluída
PED006557,2025-11-11,CLI01884,PRD006,V001,2,201.25,0.03,E-commerce,Devolvida
PED006558,2025-06-24,CLI00889,PRD004,V009,3,1558.03,0.0,E-commerce,Concluída
PED006559,2025-02-18,CLI02192,PRD012,V001,3,5516.25,0.0,E-commerce,Concluída
PED006560,2025-01-10,CLI00021,PRD009,V002,3,2776.51,0.0,Televendas,Concluída
PED006561,2025-02-19,CLI00615,PRD008,V010,4,2261.57,0.0,Televendas,Concluída
PED006562,2025-12-11,CLI01398,PRD014,V008,2,1372.13,0.03,Loja Física,Concluída
PED006563,2025-06-23,CLI01078,PRD006,V007,1,199.56,0.03,E-commerce,Concluída
PED006564,2025-04-27,CLI01091,PRD007,V002,1,351.03,0.0,E-commerce,Concluída
PED006565,2025-06-12,CLI00285,PRD018,V003,1,962.05,0.05,Marketplace,Concluída
PED006566,2025-04-04,CLI00910,PRD020,V003,3,660.83,0.03,E-commerce,Concluída
PED006567,2025-11-14,CLI00050,PRD015,V007,2,1542.93,0.0,Televendas,Concluída
PED006568,2025-12-31,CLI01074,PRD004,V006,1,1586.99,0.0,E-commerce,Concluída
PED006569,2025-01-31,CLI00606,PRD002,V004,1,3003.39,0.05,Loja Física,Concluída
PED006570,2025-09-20,CLI01062,PRD004,V008,4,1639.5,0.05,Marketplace,Concluída
PED006571,2025-05-03,CLI01677,PRD007,V008,2,337.3,0.08,E-commerce,Concluída
PED006572,2025-01-18,CLI02471,PRD004,V008,1,1633.29,0.0,Televendas,Concluída
PED006573,2025-12-03,CLI01281,PRD019,V002,4,1097.24,0.05,Loja Física,Concluída
PED006574,2025-01-23,CLI01047,PRD012,V007,3,5556.81,0.03,Loja Física,Concluída
PED006575,2025-03-17,CLI00221,PRD007,V003,2,334.67,0.08,Televendas,Cancelada
PED006576,2025-01-10,CLI02306,PRD005,V003,2,357.08,0.08,E-commerce,Concluída
PED006577,2025-06-22,CLI02146,PRD007,V010,2,341.18,0.0,Loja Física,Concluída
PED006578,2025-08-07,CLI02135,PRD008,V005,1,2287.56,0.15,Marketplace,Concluída
PED006579,2025-04-28,CLI01594,PRD013,V008,6,1063.52,0.03,Televendas,Concluída
PED006580,2025-01-27,CLI01070,PRD002,V003,3,2896.97,0.15,Televendas,Concluída
PED006581,2025-02-12,CLI00175,PRD017,V010,2,808.14,0.0,Televendas,Concluída
PED006582,2025-12-07,CLI00106,PRD002,V003,2,3049.48,0.03,Loja Física,Concluída
PED006583,2025-10-22,CLI02185,PRD005,V002,6,369.06,0.05,Marketplace,Concluída
PED006584,2025-12-08,CLI02121,PRD020,V004,1,613.69,0.0,Loja Física,Concluída
PED006585,2025-07-13,CLI01829,PRD003,V002,1,1037.7,0.08,E-commerce,Concluída
PED006586,2025-07-19,CLI00531,PRD002,V006,3,2965.43,0.0,Loja Física,Concluída
PED006587,2025-10-14,CLI00104,PRD011,V002,1,3025.81,0.0,E-commerce,Concluída
PED006588,2025-08-14,CLI00147,PRD007,V003,2,340.18,0.0,Loja Física,Concluída
PED006589,2025-06-09,CLI02126,PRD002,V008,2,3034.49,0.15,Marketplace,Concluída
PED006590,2025-04-17,CLI02178,PRD001,V001,1,4320.41,0.15,Televendas,Concluída
PED006591,2025-06-27,CLI01515,PRD002,V005,1,2942.24,0.05,Loja Física,Concluída
PED006592,2025-01-24,CLI01646,PRD009,V007,3,2917.65,0.05,Loja Física,Concluída
PED006593,2025-03-12,CLI02039,PRD004,V005,1,1648.67,0.0,Loja Física,Concluída
PED006594,2025-09-27,CLI00446,PRD015,V001,1,1520.29,0.03,E-commerce,Concluída
PED006595,2025-11-13,CLI02117,PRD017,V002,2,878.04,0.15,Marketplace,Concluída
PED006596,2025-02-07,CLI00723,PRD003,V010,1,1010.5,0.08,Marketplace,Concluída
PED006597,2025-02-05,CLI00427,PRD006,V008,2,185.35,0.05,E-commerce,Concluída
PED006598,2025-02-01,CLI01865,PRD003,V004,6,1036.02,0.0,Televendas,Concluída
PED006599,2025-10-16,CLI02281,PRD005,V009,3,365.12,0.08,E-commerce,Concluída
PED006600,2025-04-24,CLI00309,PRD004,V001,2,1544.56,0.15,Marketplace,Concluída
PED006601,2025-04-30,CLI00777,PRD015,V001,1,1492.27,0.15,E-commerce,Concluída
PED006602,2025-01-05,CLI01807,PRD006,V009,6,194.4,0.05,E-commerce,Concluída
PED006603,2025-12-21,CLI01829,PRD008,V007,4,2232.77,0.0,E-commerce,Concluída
PED006604,2025-06-08,CLI01147,PRD012,V006,3,5699.08,0.15,Loja Física,Concluída
PED006605,2025-10-19,CLI01374,PRD016,V004,1,2347.28,0.05,E-commerce,Concluída
PED006606,2025-09-16,CLI02093,PRD006,V009,1,200.44,0.0,Loja Física,Concluída
PED006607,2025-02-21,CLI00760,PRD004,V007,1,1613.81,0.0,E-commerce,Concluída
PED006608,2025-10-20,CLI01608,PRD020,V005,1,671.49,0.05,E-commerce,Concluída
PED006609,2025-07-20,CLI00741,PRD006,V004,1,192.44,0.08,E-commerce,Concluída
PED006610,2025-08-09,CLI02456,PRD012,V004,4,5498.28,0.1,Loja Física,Concluída
PED006611,2025-03-15,CLI00114,PRD012,V006,1,5294.24,0.1,Marketplace,Concluída
PED006612,2025-11-06,CLI02143,PRD009,V007,1,2920.81,0.05,Loja Física,Concluída
PED006613,2025-12-07,CLI01066,PRD004,V009,4,1650.1,0.15,Loja Física,Concluída
PED006614,2025-05-29,CLI00860,PRD003,V005,5,1058.34,0.0,E-commerce,Concluída
PED006615,2025-02-03,CLI00556,PRD008,V003,1,2261.35,0.0,Loja Física,Concluída
PED006616,2025-11-06,CLI01204,PRD009,V006,1,2756.14,0.0,E-commerce,Concluída
PED006617,2025-11-20,CLI02172,PRD015,V006,3,1566.71,0.08,Marketplace,Concluída
PED006618,2025-07-04,CLI02349,PRD013,V003,6,1067.04,0.1,Marketplace,Concluída
PED006619,2025-07-31,CLI00813,PRD019,V001,2,1116.09,0.08,E-commerce,Devolvida
PED006620,2025-03-23,CLI00381,PRD020,V004,2,639.26,0.1,Loja Física,Cancelada
PED006621,2025-01-25,CLI00193,PRD013,V001,2,1073.27,0.05,Televendas,Concluída
PED006622,2025-12-11,CLI01043,PRD002,V001,3,3156.36,0.08,Marketplace,Concluída
PED006623,2025-06-26,CLI02320,PRD007,V010,1,348.81,0.03,Loja Física,Concluída
PED006624,2025-04-11,CLI01441,PRD010,V008,2,1688.92,0.08,E-commerce,Concluída
PED006625,2025-09-11,CLI00487,PRD010,V001,4,1623.62,0.08,Televendas,Concluída
PED006626,2025-01-10,CLI00878,PRD003,V004,2,1007.25,0.03,Televendas,Cancelada
PED006627,2025-01-30,CLI01137,PRD010,V003,1,1688.54,0.0,E-commerce,Concluída
PED006628,2025-03-30,CLI00236,PRD006,V010,3,204.17,0.0,E-commerce,Concluída
PED006629,2025-06-14,CLI02420,PRD006,V005,2,190.5,0.1,E-commerce,Concluída
PED006630,2025-05-14,CLI00517,PRD017,V003,1,842.62,0.05,Marketplace,Concluída
PED006631,2025-03-10,CLI00315,PRD007,V007,1,334.16,0.03,Televendas,Concluída
PED006632,2025-05-09,CLI01083,PRD009,V005,1,2897.19,0.1,E-commerce,Concluída
PED006633,2025-05-02,CLI01411,PRD009,V002,6,2940.49,0.03,Loja Física,Cancelada
PED006634,2025-07-11,CLI02181,PRD009,V004,1,2836.38,0.03,Marketplace,Concluída
PED006635,2025-07-25,CLI00402,PRD004,V002,3,1590.49,0.08,Televendas,Concluída
PED006636,2025-11-19,CLI01431,PRD010,V007,2,1564.22,0.03,Marketplace,Concluída
PED006637,2025-10-22,CLI01532,PRD006,V010,4,192.13,0.03,Loja Física,Concluída
PED006638,2025-04-17,CLI00747,PRD011,V009,6,3047.12,0.08,Marketplace,Concluída
PED006639,2025-11-26,CLI00575,PRD003,V004,5,1048.5,0.03,Loja Física,Concluída
PED006640,2025-07-10,CLI00421,PRD020,V005,4,661.11,0.03,Televendas,Concluída
PED006641,2025-03-10,CLI01063,PRD015,V001,1,1555.77,0.0,Marketplace,Concluída
PED006642,2025-05-05,CLI01546,PRD007,V004,1,339.65,0.1,Loja Física,Concluída
PED006643,2025-09-28,CLI01142,PRD006,V001,1,196.92,0.05,Loja Física,Devolvida
PED006644,2025-10-27,CLI00452,PRD007,V008,2,344.75,0.1,Loja Física,Concluída
PED006645,2025-05-17,CLI00735,PRD013,V010,1,1122.77,0.05,Loja Física,Cancelada
PED006646,2025-02-27,CLI00177,PRD011,V002,2,2887.08,0.0,Loja Física,Concluída
PED006647,2025-03-12,CLI00835,PRD013,V007,1,1081.68,0.03,Marketplace,Concluída
PED006648,2025-02-07,CLI00083,PRD018,V006,3,950.18,0.03,Loja Física,Concluída
PED006649,2025-09-13,CLI01906,PRD008,V005,1,2156.8,0.08,Televendas,Concluída
PED006650,2025-07-03,CLI01745,PRD012,V008,1,5637.16,0.05,Loja Física,Concluída
PED006651,2025-06-14,CLI01548,PRD008,V007,2,2367.52,0.05,E-commerce,Concluída
PED006652,2025-09-03,CLI02216,PRD011,V003,2,2992.66,0.08,Marketplace,Concluída
PED006653,2025-10-30,CLI01495,PRD008,V008,4,2281.48,0.0,E-commerce,Concluída
PED006654,2025-10-18,CLI01326,PRD015,V007,2,1642.85,0.1,E-commerce,Concluída
PED006655,2025-02-20,CLI01365,PRD001,V004,3,4416.93,0.03,Marketplace,Cancelada
PED006656,2025-08-04,CLI00698,PRD004,V008,1,1637.61,0.05,Loja Física,Concluída
PED006657,2025-11-19,CLI01213,PRD006,V007,1,197.52,0.0,E-commerce,Concluída
PED006658,2025-10-10,CLI00511,PRD020,V002,3,650.89,0.0,Marketplace,Concluída
PED006659,2025-05-01,CLI01138,PRD008,V002,1,2260.88,0.08,E-commerce,Concluída
PED006660,2025-05-24,CLI00691,PRD006,V004,3,200.93,0.03,Loja Física,Concluída
PED006661,2025-11-21,CLI00618,PRD007,V001,5,332.65,0.1,Loja Física,Concluída
PED006662,2025-01-12,CLI00763,PRD008,V005,1,2292.2,0.05,E-commerce,Concluída
PED006663,2025-07-11,CLI00245,PRD018,V005,3,948.73,0.05,Televendas,Concluída
PED006664,2025-02-12,CLI01510,PRD020,V008,2,654.39,0.03,Loja Física,Devolvida
PED006665,2025-11-23,CLI00379,PRD017,V002,1,904.75,0.1,E-commerce,Concluída
PED006666,2025-01-15,CLI02309,PRD017,V006,2,868.6,0.1,Loja Física,Concluída
PED006667,2025-01-09,CLI01267,PRD003,V007,2,1066.14,0.0,Televendas,Concluída
PED006668,2025-05-01,CLI00561,PRD005,V005,6,368.68,0.05,Televendas,Concluída
PED006669,2025-03-15,CLI02404,PRD010,V010,1,1549.05,0.1,E-commerce,Concluída
PED006670,2025-06-30,CLI00899,PRD011,V004,2,2926.8,0.0,Loja Física,Concluída
PED006671,2025-04-20,CLI01386,PRD004,V005,1,1623.37,0.0,E-commerce,Concluída
PED006672,2025-05-11,CLI01487,PRD014,V001,1,1272.15,0.15,E-commerce,Concluída
PED006673,2025-07-26,CLI02296,PRD004,V005,2,1594.0,0.05,E-commerce,Concluída
PED006674,2025-07-24,CLI01108,PRD005,V001,3,359.84,0.15,Loja Física,Concluída
PED006675,2025-12-08,CLI02019,PRD006,V010,3,190.77,0.03,Loja Física,Concluída
PED006676,2025-06-25,CLI00292,PRD017,V003,5,832.97,0.05,Loja Física,Concluída
PED006677,2025-07-25,CLI00283,PRD013,V009,1,1121.72,0.03,Marketplace,Concluída
PED006678,2025-09-05,CLI00392,PRD009,V002,2,2606.47,0.03,E-commerce,Concluída
PED006679,2025-03-05,CLI02398,PRD016,V003,1,2362.5,0.1,Loja Física,Concluída
PED006680,2025-09-01,CLI01447,PRD016,V002,3,2414.83,0.05,Televendas,Concluída
PED006681,2025-11-11,CLI01188,PRD007,V004,1,341.75,0.1,Marketplace,Concluída
PED006682,2025-04-27,CLI01522,PRD015,V007,1,1625.39,0.03,Marketplace,Concluída
PED006683,2025-03-07,CLI00892,PRD004,V005,3,1588.24,0.15,E-commerce,Concluída
PED006684,2025-05-07,CLI01472,PRD008,V007,1,2217.09,0.08,E-commerce,Concluída
PED006685,2025-04-11,CLI01378,PRD002,V009,2,2992.95,0.0,E-commerce,Concluída
PED006686,2025-08-02,CLI02038,PRD007,V001,6,338.72,0.03,Loja Física,Concluída
PED006687,2025-11-12,CLI01467,PRD009,V005,2,2821.82,0.0,Marketplace,Cancelada
PED006688,2025-08-06,CLI00482,PRD002,V006,2,2980.15,0.0,E-commerce,Concluída
PED006689,2025-02-15,CLI00791,PRD008,V006,6,2223.51,0.1,E-commerce,Concluída
PED006690,2025-04-25,CLI01128,PRD011,V002,3,2874.96,0.15,Marketplace,Concluída
PED006691,2025-09-09,CLI02358,PRD010,V003,1,1598.55,0.0,E-commerce,Concluída
PED006692,2025-05-01,CLI01164,PRD001,V004,3,4412.3,0.0,Marketplace,Concluída
PED006693,2025-08-03,CLI01149,PRD002,V007,2,2918.89,0.0,Loja Física,Concluída
PED006694,2025-09-11,CLI00538,PRD006,V010,3,190.72,0.08,Marketplace,Concluída
PED006695,2025-05-01,CLI00165,PRD017,V004,2,830.75,0.05,Televendas,Concluída
PED006696,2025-08-25,CLI01774,PRD018,V006,1,974.38,0.05,E-commerce,Concluída
PED006697,2025-05-26,CLI02332,PRD006,V004,3,200.12,0.05,E-commerce,Concluída
PED006698,2025-02-19,CLI00781,PRD013,V001,1,1105.81,0.15,Loja Física,Concluída
PED006699,2025-05-16,CLI00569,PRD010,V004,4,1653.49,0.0,Marketplace,Concluída
PED006700,2025-06-10,CLI01548,PRD020,V004,3,654.8,0.0,E-commerce,Concluída
PED006701,2025-01-01,CLI02446,PRD002,V002,6,2989.56,0.05,Marketplace,Concluída
PED006702,2025-11-22,CLI01054,PRD009,V007,1,2895.35,0.15,E-commerce,Concluída
PED006703,2025-07-12,CLI02355,PRD010,V003,2,1662.78,0.08,Marketplace,Concluída
PED006704,2025-01-14,CLI00601,PRD006,V003,1,193.24,0.1,E-commerce,Concluída
PED006705,2025-11-13,CLI02433,PRD001,V004,1,4249.4,0.1,E-commerce,Concluída
PED006706,2025-11-09,CLI00518,PRD001,V010,1,4514.45,0.0,Loja Física,Concluída
PED006707,2025-01-05,CLI00004,PRD008,V007,2,2275.53,0.05,Televendas,Concluída
PED006708,2025-03-01,CLI01230,PRD013,V005,2,1113.97,0.1,E-commerce,Concluída
PED006709,2025-05-13,CLI00466,PRD013,V009,5,1055.58,0.0,E-commerce,Concluída
PED006710,2025-07-05,CLI00602,PRD003,V001,1,1025.24,0.05,Loja Física,Concluída
PED006711,2025-09-22,CLI01222,PRD017,V004,1,824.28,0.0,Marketplace,Concluída
PED006712,2025-06-04,CLI01686,PRD007,V006,2,347.51,0.08,E-commerce,Concluída
PED006713,2025-08-12,CLI01747,PRD020,V005,1,636.22,0.0,E-commerce,Concluída
PED006714,2025-01-04,CLI01543,PRD002,V007,3,2952.18,0.03,E-commerce,Concluída
PED006715,2025-08-29,CLI00745,PRD017,V008,2,895.4,0.05,E-commerce,Concluída
PED006716,2025-12-01,CLI01975,PRD019,V005,3,1109.1,0.05,Marketplace,Concluída
PED006717,2025-07-12,CLI02429,PRD016,V010,2,2384.94,0.0,E-commerce,Concluída
PED006718,2025-06-16,CLI00334,PRD016,V010,3,2276.05,0.0,Marketplace,Concluída
PED006719,2025-04-19,CLI00465,PRD006,V005,6,187.69,0.1,Loja Física,Concluída
PED006720,2025-12-15,CLI02206,PRD013,V010,1,1111.77,0.15,E-commerce,Concluída
PED006721,2025-01-13,CLI00359,PRD010,V007,2,1552.56,0.05,E-commerce,Concluída
PED006722,2025-04-15,CLI01308,PRD007,V002,3,337.69,0.0,Televendas,Concluída
PED006723,2025-02-20,CLI01754,PRD020,V002,1,633.04,0.08,E-commerce,Concluída
PED006724,2025-11-13,CLI01629,PRD005,V001,2,352.21,0.05,E-commerce,Concluída
PED006725,2025-06-26,CLI00698,PRD007,V003,2,338.21,0.03,Marketplace,Concluída
PED006726,2025-12-03,CLI02448,PRD019,V004,1,1062.14,0.0,Marketplace,Cancelada
PED006727,2025-08-31,CLI00237,PRD005,V001,1,349.59,0.0,Televendas,Concluída
PED006728,2025-07-23,CLI01298,PRD003,V007,3,1042.34,0.0,E-commerce,Concluída
PED006729,2025-07-08,CLI01859,PRD006,V005,1,202.08,0.05,Marketplace,Concluída
PED006730,2025-03-15,CLI02200,PRD014,V007,1,1283.98,0.03,Televendas,Concluída
PED006731,2025-07-25,CLI00050,PRD017,V006,3,857.83,0.05,E-commerce,Cancelada
PED006732,2025-09-08,CLI00813,PRD002,V003,3,3034.18,0.05,Marketplace,Concluída
PED006733,2025-12-19,CLI02352,PRD011,V007,2,2969.25,0.05,E-commerce,Concluída
PED006734,2025-07-20,CLI02076,PRD009,V010,1,2846.91,0.05,Loja Física,Concluída
PED006735,2025-12-09,CLI00185,PRD012,V004,1,5428.15,0.05,Loja Física,Concluída
PED006736,2025-12-11,CLI02339,PRD012,V004,3,5614.9,0.0,Loja Física,Concluída
PED006737,2025-07-10,CLI01775,PRD020,V006,1,651.57,0.0,E-commerce,Concluída
PED006738,2025-06-10,CLI00469,PRD006,V009,4,187.51,0.05,Marketplace,Concluída
PED006739,2025-02-22,CLI00561,PRD006,V006,3,195.74,0.03,Loja Física,Concluída
PED006740,2025-04-09,CLI01247,PRD010,V009,1,1646.96,0.03,Loja Física,Concluída
PED006741,2025-11-17,CLI01782,PRD008,V001,2,2206.39,0.03,Loja Física,Concluída
PED006742,2025-02-20,CLI02238,PRD008,V001,4,2254.61,0.0,Marketplace,Concluída
PED006743,2025-05-25,CLI01107,PRD001,V005,4,4420.49,0.0,E-commerce,Concluída
PED006744,2025-09-13,CLI00891,PRD003,V003,2,1014.32,0.05,Marketplace,Concluída
PED006745,2025-03-29,CLI01788,PRD020,V001,1,649.91,0.05,Loja Física,Concluída
PED006746,2025-12-22,CLI01741,PRD001,V003,2,4258.8,0.05,E-commerce,Concluída
PED006747,2025-08-26,CLI01844,PRD010,V003,2,1593.83,0.0,Marketplace,Concluída
PED006748,2025-01-11,CLI00255,PRD014,V010,2,1362.9,0.08,Marketplace,Concluída
PED006749,2025-04-01,CLI00938,PRD001,V008,1,4495.0,0.03,Marketplace,Concluída
PED006750,2025-09-28,CLI00753,PRD004,V004,4,1557.88,0.05,Televendas,Concluída
PED006751,2025-11-12,CLI02459,PRD007,V010,2,350.13,0.03,Loja Física,Concluída
PED006752,2025-12-05,CLI01649,PRD008,V009,1,2267.68,0.03,E-commerce,Concluída
PED006753,2025-11-07,CLI01685,PRD006,V003,1,185.94,0.08,E-commerce,Concluída
PED006754,2025-01-28,CLI01105,PRD011,V005,1,2831.13,0.0,Televendas,Concluída
PED006755,2025-09-24,CLI02322,PRD004,V010,2,1629.8,0.0,E-commerce,Concluída
PED006756,2025-02-10,CLI01647,PRD001,V005,1,4189.54,0.0,Marketplace,Concluída
PED006757,2025-01-28,CLI01557,PRD001,V004,2,4299.3,0.15,Televendas,Concluída
PED006758,2025-09-10,CLI01382,PRD006,V010,1,196.43,0.1,Loja Física,Concluída
PED006759,2025-06-24,CLI00695,PRD006,V007,1,199.03,0.08,E-commerce,Concluída
PED006760,2025-08-25,CLI02324,PRD020,V005,1,649.13,0.03,E-commerce,Concluída
PED006761,2025-11-07,CLI01123,PRD001,V009,1,4538.07,0.0,Loja Física,Concluída
PED006762,2025-01-26,CLI00301,PRD009,V008,1,2804.35,0.08,E-commerce,Concluída
PED006763,2025-07-12,CLI00447,PRD010,V004,1,1648.73,0.0,E-commerce,Cancelada
PED006764,2025-11-01,CLI01559,PRD013,V005,3,1097.71,0.0,Loja Física,Concluída
PED006765,2025-06-10,CLI01961,PRD011,V001,2,2988.77,0.08,Loja Física,Concluída
PED006766,2025-07-11,CLI01141,PRD001,V002,2,4481.6,0.0,Loja Física,Concluída
PED006767,2025-07-01,CLI01485,PRD011,V010,1,2904.6,0.08,E-commerce,Concluída
PED006768,2025-11-28,CLI02317,PRD006,V001,2,200.04,0.08,E-commerce,Concluída
PED006769,2025-01-19,CLI00378,PRD015,V009,1,1533.76,0.08,Loja Física,Concluída
PED006770,2025-11-17,CLI02142,PRD003,V003,2,1033.73,0.05,Televendas,Concluída
PED006771,2025-10-25,CLI01301,PRD013,V006,2,1099.03,0.03,Loja Física,Concluída
PED006772,2025-10-24,CLI00792,PRD011,V008,3,3008.08,0.05,Loja Física,Concluída
PED006773,2025-05-31,CLI00376,PRD011,V010,2,2978.33,0.08,E-commerce,Concluída
PED006774,2025-07-08,CLI02085,PRD003,V004,1,1038.08,0.08,Loja Física,Concluída
PED006775,2025-05-15,CLI01417,PRD012,V010,1,5499.45,0.1,Televendas,Concluída
PED006776,2025-04-02,CLI01439,PRD014,V005,5,1360.66,0.15,Marketplace,Concluída
PED006777,2025-11-16,CLI01637,PRD008,V009,1,2392.57,0.05,E-commerce,Concluída
PED006778,2025-07-04,CLI00727,PRD006,V002,1,201.04,0.1,Televendas,Concluída
PED006779,2025-09-22,CLI00275,PRD003,V003,1,1045.62,0.0,E-commerce,Concluída
PED006780,2025-02-06,CLI00229,PRD005,V007,6,348.21,0.15,Marketplace,Concluída
PED006781,2025-10-15,CLI01767,PRD014,V008,4,1313.9,0.1,E-commerce,Concluída
PED006782,2025-08-29,CLI00417,PRD007,V009,1,339.21,0.0,Loja Física,Concluída
PED006783,2025-12-31,CLI00271,PRD013,V004,1,1110.12,0.05,E-commerce,Cancelada
PED006784,2025-02-18,CLI01573,PRD014,V007,3,1310.81,0.05,E-commerce,Concluída
PED006785,2025-07-17,CLI01050,PRD012,V007,1,5598.9,0.08,Televendas,Cancelada
PED006786,2025-07-06,CLI01245,PRD012,V010,1,5526.89,0.0,Loja Física,Concluída
PED006787,2025-07-16,CLI00281,PRD010,V002,2,1659.27,0.05,Loja Física,Concluída
PED006788,2025-01-20,CLI00335,PRD009,V001,1,2847.28,0.05,E-commerce,Concluída
PED006789,2025-06-22,CLI01621,PRD003,V006,1,1020.29,0.03,E-commerce,Concluída
PED006790,2025-04-20,CLI02234,PRD017,V001,2,832.88,0.15,E-commerce,Concluída
PED006791,2025-08-14,CLI00607,PRD020,V002,3,656.03,0.05,E-commerce,Concluída
PED006792,2025-03-26,CLI01446,PRD008,V006,2,2264.07,0.03,E-commerce,Concluída
PED006793,2025-06-08,CLI00486,PRD020,V003,1,628.75,0.1,Loja Física,Concluída
PED006794,2025-08-15,CLI02414,PRD020,V003,1,649.76,0.0,Marketplace,Concluída
PED006795,2025-01-24,CLI01333,PRD008,V004,4,2462.56,0.0,E-commerce,Concluída
PED006796,2025-10-15,CLI00689,PRD013,V007,1,1079.96,0.0,Marketplace,Concluída
PED006797,2025-09-19,CLI00296,PRD011,V004,1,3057.9,0.1,E-commerce,Concluída
PED006798,2025-01-21,CLI00460,PRD004,V008,1,1501.63,0.1,Televendas,Devolvida
PED006799,2025-01-24,CLI02038,PRD001,V002,1,4337.3,0.05,Televendas,Concluída
PED006800,2025-11-07,CLI02181,PRD008,V002,2,2322.57,0.03,E-commerce,Concluída
PED006801,2025-04-14,CLI01563,PRD015,V002,1,1570.71,0.03,Marketplace,Concluída
PED006802,2025-11-11,CLI01878,PRD006,V010,2,193.67,0.05,Loja Física,Concluída
PED006803,2025-07-02,CLI00510,PRD015,V003,1,1569.06,0.05,Loja Física,Concluída
PED006804,2025-05-05,CLI00530,PRD011,V001,3,3008.79,0.0,Marketplace,Concluída
PED006805,2025-04-10,CLI00320,PRD013,V004,2,1143.59,0.0,Loja Física,Concluída
PED006806,2025-08-29,CLI00879,PRD005,V007,1,370.15,0.1,Marketplace,Concluída
PED006807,2025-02-10,CLI01493,PRD008,V004,3,2239.8,0.05,Loja Física,Concluída
PED006808,2025-05-27,CLI00796,PRD003,V004,5,1029.71,0.0,Loja Física,Concluída
PED006809,2025-05-07,CLI00271,PRD005,V001,1,358.52,0.15,E-commerce,Concluída
PED006810,2025-02-26,CLI01763,PRD002,V007,2,2928.75,0.03,Televendas,Concluída
PED006811,2025-05-09,CLI00189,PRD002,V003,2,2982.05,0.08,Marketplace,Concluída
PED006812,2025-07-12,CLI00539,PRD004,,2,1594.4,0.0,Marketplace,Concluída
PED006813,2025-09-05,CLI00153,PRD010,V008,1,1595.32,0.1,Marketplace,Cancelada
PED006814,2025-02-01,CLI00193,PRD008,V010,1,2315.95,0.0,Marketplace,Concluída
PED006815,2025-11-15,CLI00134,PRD005,V007,1,364.34,0.15,Loja Física,Concluída
PED006816,2025-11-17,CLI02046,PRD017,V010,1,839.98,0.08,Televendas,Concluída
PED006817,2025-09-10,CLI00470,PRD009,V005,1,2873.32,0.0,E-commerce,Concluída
PED006818,2025-12-04,CLI00029,PRD020,V006,4,630.57,0.0,E-commerce,Concluída
PED006819,2025-06-06,CLI02005,PRD011,V004,1,2895.93,0.08,Marketplace,Concluída
PED006820,2025-10-27,CLI01521,PRD001,V006,1,4441.9,0.0,Marketplace,Concluída
PED006821,2025-09-23,CLI02389,PRD019,V009,1,1103.78,0.0,E-commerce,Concluída
PED006822,2025-07-25,CLI00772,PRD017,V007,1,842.71,0.05,E-commerce,Concluída
PED006823,2025-03-07,CLI02393,PRD011,V001,3,2959.34,0.0,E-commerce,Concluída
PED006824,2025-07-23,CLI01059,PRD009,V006,3,2857.42,0.05,Loja Física,Concluída
PED006825,2025-11-25,CLI01495,PRD008,V004,1,2211.86,0.05,E-commerce,Concluída
PED006826,2025-12-26,CLI00169,PRD008,V006,1,2258.94,0.0,E-commerce,Concluída
PED006827,2025-06-13,CLI00307,PRD014,V006,1,1356.74,0.03,E-commerce,Concluída
PED006828,2025-04-01,CLI00414,PRD009,V006,6,2884.65,0.0,Loja Física,Concluída
PED006829,2025-09-30,CLI01829,PRD003,V009,1,991.91,0.15,E-commerce,Concluída
PED006830,2025-01-28,CLI01254,PRD001,V009,1,4384.96,0.0,Loja Física,Concluída
PED006831,2025-02-25,CLI01812,PRD002,V010,1,2995.56,0.05,E-commerce,Concluída
PED006832,2025-07-25,CLI00959,PRD005,V007,1,343.44,0.05,Marketplace,Concluída
PED006833,2025-12-28,CLI00889,PRD006,V003,1,192.85,0.08,Loja Física,Concluída
PED006834,2025-05-01,CLI01127,PRD018,V002,5,981.31,0.03,Televendas,Concluída
PED006835,2025-06-11,CLI00932,PRD004,V009,1,1660.97,0.0,Marketplace,Concluída
PED006836,2025-04-28,CLI00014,PRD006,V010,1,188.76,0.05,Loja Física,Concluída
PED006837,2025-06-10,CLI00759,PRD004,V001,1,1644.69,0.05,Loja Física,Concluída
PED006838,2025-01-03,CLI02321,PRD009,V003,1,2728.16,0.08,Loja Física,Concluída
PED006839,2025-08-06,CLI01903,PRD011,V007,5,3039.06,0.0,Marketplace,Concluída
PED006840,2025-08-06,CLI01300,PRD009,V002,2,2845.66,0.08,Loja Física,Concluída
PED006841,2025-04-26,CLI01051,PRD020,V001,4,634.6,0.0,E-commerce,Concluída
PED006842,2025-04-07,CLI01088,PRD020,V010,4,651.88,0.05,Marketplace,Concluída
PED006843,2025-10-05,CLI01736,PRD017,V001,2,833.12,0.05,Loja Física,Concluída
PED006844,2025-03-10,CLI02170,PRD016,V003,2,2376.84,0.0,E-commerce,Concluída
PED006845,2025-01-18,CLI01191,PRD006,V010,2,196.22,0.15,Loja Física,Concluída
PED006846,2025-01-15,CLI00157,PRD010,V002,2,1488.02,0.05,Marketplace,Cancelada
PED006847,2025-11-18,CLI01643,PRD006,V008,2,192.84,0.0,Televendas,Concluída
PED006848,2025-05-13,CLI01117,PRD015,V006,2,1577.6,0.0,Televendas,Cancelada
PED006849,2025-02-07,CLI02155,PRD003,V006,2,1063.35,0.08,Loja Física,Concluída
PED006850,2025-11-17,CLI01441,PRD004,V009,2,1618.69,0.08,E-commerce,Concluída
PED006851,2025-02-24,CLI00039,PRD001,V001,1,4481.51,0.0,E-commerce,Concluída
PED006852,2025-05-03,CLI00694,PRD010,V001,2,1607.92,0.0,Televendas,Devolvida
PED006853,2025-01-08,CLI00677,PRD012,V002,2,5610.64,0.05,E-commerce,Concluída
PED006854,2025-09-05,CLI00649,PRD001,V005,2,4448.1,0.03,E-commerce,Cancelada
PED006855,2025-09-13,CLI01158,PRD009,V010,2,2746.01,0.03,E-commerce,Concluída
PED006856,2025-10-04,CLI00404,PRD007,V001,3,351.38,0.03,Marketplace,Concluída
PED006857,2025-04-07,CLI01943,PRD015,V005,3,1582.95,0.05,E-commerce,Concluída
PED006858,2025-04-30,CLI01766,PRD001,V005,1,4336.1,0.0,Loja Física,Concluída
PED006859,2025-12-09,CLI00883,PRD001,V002,1,4334.22,0.03,Televendas,Concluída
PED006860,2025-10-27,CLI01672,PRD011,V004,1,2860.27,0.0,E-commerce,Concluída
PED006861,2025-01-14,CLI02187,PRD010,V003,1,1670.62,0.0,Loja Física,Concluída
PED006862,2025-09-10,CLI01024,PRD017,V002,1,860.11,0.15,E-commerce,Concluída
PED006863,2025-10-24,CLI01168,PRD010,V006,3,1668.65,0.0,Loja Física,Concluída
PED006864,2025-07-24,CLI00251,PRD020,V010,3,647.43,0.0,E-commerce,Concluída
PED006865,2025-08-22,CLI01387,PRD006,V005,1,197.84,0.1,E-commerce,Concluída
PED006866,2025-01-01,CLI00464,PRD007,V007,4,339.45,0.15,Televendas,Concluída
PED006867,2025-01-11,CLI00072,PRD020,V007,1,663.54,0.08,Loja Física,Concluída
PED006868,2025-01-13,CLI01009,PRD002,V009,3,3039.04,0.0,E-commerce,Concluída
PED006869,2025-02-28,CLI01756,PRD015,V009,2,1576.88,0.05,Loja Física,Concluída
PED006870,2025-12-28,CLI00621,PRD001,V010,3,4352.14,0.05,Loja Física,Concluída
PED006871,2025-08-20,CLI00365,PRD008,V009,1,2168.16,0.08,Marketplace,Concluída
PED006872,2025-10-13,CLI01842,PRD003,V010,1,984.35,0.0,Marketplace,Concluída
PED006873,2025-04-18,CLI00454,PRD010,V010,1,1629.54,0.03,Televendas,Concluída
PED006874,2025-12-09,CLI00199,PRD015,V008,2,1619.9,0.0,E-commerce,Concluída
PED006875,2025-03-14,CLI00027,PRD001,V005,4,4289.88,0.05,Loja Física,Concluída
PED006876,2025-11-26,CLI00977,PRD003,V004,2,1018.51,0.03,E-commerce,Concluída
PED006877,2025-01-12,CLI01000,PRD006,V006,3,192.05,0.05,E-commerce,Concluída
PED006878,2025-01-08,CLI02220,PRD005,V009,1,348.92,0.05,E-commerce,Concluída
PED006879,2025-01-29,CLI01826,PRD007,V008,3,334.17,0.1,Loja Física,Concluída
PED006880,2025-10-17,CLI00846,PRD020,V006,3,650.65,0.1,Televendas,Cancelada
PED006881,2025-04-04,CLI00844,PRD002,V001,1,2956.85,0.05,Televendas,Cancelada
PED006882,2025-06-14,CLI01904,PRD007,V003,2,337.39,0.0,Marketplace,Concluída
PED006883,2025-06-22,CLI00409,PRD008,V006,1,2232.9,0.1,Loja Física,Concluída
PED006884,2025-10-16,CLI00752,PRD005,V004,1,362.69,0.0,E-commerce,Concluída
PED006885,2025-05-08,CLI01776,PRD005,V005,1,364.07,0.0,Marketplace,Concluída
PED006886,2025-01-03,CLI01615,PRD013,V004,3,1034.71,0.03,E-commerce,Concluída
PED006887,2025-05-22,CLI02309,PRD011,V001,3,2880.66,0.05,E-commerce,Concluída
PED006888,2025-04-16,CLI01396,PRD016,V005,1,2341.33,0.0,E-commerce,Cancelada
PED006889,2025-09-24,CLI00628,PRD007,V005,4,345.73,0.0,Loja Física,Concluída
PED006890,2025-10-02,CLI01305,PRD010,V008,3,1649.93,0.0,Loja Física,Concluída
PED006891,2025-02-03,CLI00771,PRD018,V002,2,989.34,0.05,Loja Física,Concluída
PED006892,2025-10-17,CLI00370,PRD017,V005,6,823.53,0.08,Loja Física,Concluída
PED006893,2025-01-26,CLI01344,PRD019,V009,4,1102.25,0.05,E-commerce,Concluída
PED006894,2025-08-15,CLI00129,PRD005,V003,1,379.04,0.03,Marketplace,Concluída
PED006895,2025-05-23,CLI00540,PRD020,V004,5,646.92,0.08,Loja Física,Concluída
PED006896,2025-04-20,CLI00334,PRD016,V001,2,2351.76,0.03,E-commerce,Concluída
PED006897,2025-06-26,CLI02083,PRD015,V006,1,1590.48,0.03,Loja Física,Concluída
PED006898,2025-04-24,CLI01887,PRD012,V009,1,5435.27,0.05,E-commerce,Concluída
PED006899,2025-10-17,CLI02248,PRD020,V005,2,630.85,0.08,Loja Física,Concluída
PED006900,2025-12-19,CLI02495,PRD008,V005,6,2271.71,0.08,E-commerce,Cancelada
PED006901,2025-10-25,CLI02209,PRD014,V008,2,1286.74,0.0,Marketplace,Concluída
PED006902,2025-06-10,CLI00650,PRD013,V005,2,1096.17,0.1,Televendas,Concluída
PED006903,2025-07-03,CLI00252,PRD013,V004,1,1100.75,0.03,E-commerce,Concluída
PED006904,2025-06-13,CLI00662,PRD014,V008,3,1288.42,0.1,Loja Física,Concluída
PED006905,2025-10-17,CLI02260,PRD003,V003,1,1039.96,0.05,Marketplace,Devolvida
PED006906,2025-07-21,CLI00961,PRD006,V009,2,195.76,0.03,Marketplace,Concluída
PED006907,2025-06-20,CLI01791,PRD007,V003,2,354.62,0.0,E-commerce,Concluída
PED006908,2025-05-30,CLI00902,PRD014,V006,1,1386.19,0.03,Televendas,Cancelada
PED006909,2025-05-17,CLI01448,PRD013,V003,5,1108.27,0.05,E-commerce,Concluída
PED006910,2025-07-21,CLI01595,PRD017,V007,6,879.5,0.1,Televendas,Concluída
PED006911,2025-09-09,CLI02250,PRD015,V005,2,1555.76,0.1,Marketplace,Concluída
PED006912,2025-06-07,CLI01119,PRD010,V003,3,1655.37,0.05,Televendas,Concluída
PED006913,2025-10-22,CLI02351,PRD003,V008,3,1029.2,,Loja Física,Concluída
PED006914,2025-10-29,CLI01563,PRD011,V010,1,2863.27,0.1,Loja Física,Concluída
PED006915,2025-06-06,CLI01062,PRD018,V001,1,971.4,0.1,E-commerce,Concluída
PED006916,2025-11-28,CLI00244,PRD011,V006,2,2930.36,0.03,Marketplace,Concluída
PED006917,2025-03-05,CLI02496,PRD018,V008,2,964.5,0.0,Loja Física,Concluída
PED006918,2025-12-07,CLI01855,PRD020,V008,2,645.19,0.1,Loja Física,Concluída
PED006919,2025-04-18,CLI02434,PRD006,V003,2,197.13,0.05,E-commerce,Concluída
PED006920,2025-07-25,CLI01928,PRD013,V002,3,1109.52,0.03,E-commerce,Concluída
PED006921,2025-04-14,CLI00864,PRD009,V006,1,2820.91,0.03,Marketplace,Concluída
PED006922,2025-06-11,CLI02376,PRD008,V007,1,2195.85,0.0,Televendas,Concluída
PED006923,2025-05-05,CLI00439,PRD004,V003,1,1632.6,0.0,E-commerce,Concluída
PED006924,2025-09-15,CLI01637,PRD005,V004,1,368.27,0.0,Loja Física,Concluída
PED006925,2025-01-30,CLI01025,PRD003,V006,3,1045.01,0.05,Marketplace,Concluída
PED006926,2025-11-02,CLI01440,PRD011,V005,3,2852.87,0.05,E-commerce,Concluída
PED006927,2025-11-26,CLI00045,PRD003,V005,1,1032.34,0.05,E-commerce,Concluída
PED006928,2025-07-25,CLI01454,PRD008,V007,2,2284.59,0.0,E-commerce,Concluída
PED006929,2025-07-19,CLI01237,PRD009,V010,1,2786.28,0.0,E-commerce,Concluída
PED006930,2025-09-13,CLI00230,PRD008,V008,2,2225.07,0.03,Loja Física,Concluída
PED006931,2025-03-14,CLI00764,PRD017,V001,5,850.53,0.0,E-commerce,Concluída
PED006932,2025-10-01,CLI00824,PRD008,V004,1,2335.51,0.1,Televendas,Concluída
PED006933,2025-03-21,CLI00443,PRD002,V001,3,3010.51,0.03,Televendas,Concluída
PED006934,2025-09-04,CLI02227,PRD020,V009,1,636.9,0.03,Marketplace,Concluída
PED006935,2025-04-22,CLI01893,PRD017,V007,1,849.36,0.05,E-commerce,Concluída
PED006936,2025-09-30,CLI02211,PRD011,V003,2,2887.56,0.05,Televendas,Concluída
PED006937,2025-10-16,CLI00282,PRD014,V009,3,1328.41,0.0,E-commerce,Concluída
PED006938,2025-03-18,CLI02387,PRD002,V006,2,3047.72,0.08,E-commerce,Concluída
PED006939,2025-08-14,CLI01265,PRD014,V001,4,1277.81,0.0,Loja Física,Concluída
PED006940,2025-07-01,CLI01679,PRD004,V002,3,1658.16,0.03,Marketplace,Concluída
PED006941,2025-04-18,CLI02430,PRD008,V009,2,2392.57,0.03,Marketplace,Concluída
PED006942,2025-08-03,CLI00559,PRD003,V003,1,1039.95,0.05,E-commerce,Concluída
PED006943,2025-12-29,CLI02150,PRD014,V006,1,1314.35,0.05,Loja Física,Concluída
PED006944,2025-01-01,CLI02078,PRD005,V009,2,371.04,0.08,E-commerce,Concluída
PED006945,2025-12-16,CLI00799,PRD005,V003,2,363.06,0.05,E-commerce,Concluída
PED006946,2025-11-09,CLI01448,PRD002,V001,1,2954.3,0.0,Loja Física,Concluída
PED006947,2025-07-13,CLI01704,PRD013,V001,1,1059.06,0.05,E-commerce,Concluída
PED006948,2025-08-11,CLI00241,PRD005,V010,1,356.89,0.03,Loja Física,Concluída
PED006949,2025-05-15,CLI00110,PRD009,V006,1,2876.52,0.05,Marketplace,Concluída
PED006950,2025-02-17,CLI00147,PRD006,V004,2,201.24,0.03,E-commerce,Concluída
PED006951,2025-07-28,CLI01937,PRD015,V001,3,1581.26,0.03,E-commerce,Concluída
PED006952,2025-10-25,CLI01559,PRD004,V007,3,1623.62,0.08,Marketplace,Concluída
PED006953,2025-03-26,CLI00859,PRD020,V001,6,640.76,0.05,E-commerce,Concluída
PED006954,2025-09-19,CLI01647,PRD006,V001,2,201.04,0.1,E-commerce,Concluída
PED006955,2025-10-01,CLI01596,PRD002,V006,1,2978.19,0.08,Loja Física,Concluída
PED006956,2025-10-04,CLI00773,PRD004,V007,2,1679.16,0.03,Marketplace,Concluída
PED006957,2025-05-05,CLI01253,PRD002,V006,3,2944.81,0.0,E-commerce,Concluída
PED006958,2025-05-24,CLI02341,PRD008,V010,2,2290.82,0.0,E-commerce,Devolvida
PED006959,2025-06-01,CLI02234,PRD005,V003,2,380.28,0.0,E-commerce,Concluída
PED006960,2025-11-08,CLI00442,PRD018,V006,2,994.65,0.0,E-commerce,Concluída
PED006961,2025-11-25,CLI00641,PRD009,V004,1,2916.09,0.0,E-commerce,Concluída
PED006962,2025-06-01,CLI00387,PRD004,V004,1,1617.3,0.05,E-commerce,Concluída
PED006963,2025-12-21,CLI02348,PRD008,V002,1,2271.42,0.03,E-commerce,Concluída
PED006964,2025-07-28,CLI00924,PRD003,V008,1,1031.24,0.0,E-commerce,Concluída
PED006965,2025-05-21,CLI01296,PRD003,V008,4,1021.19,0.03,Marketplace,Concluída
PED006966,2025-01-01,CLI01246,PRD006,V008,1,189.27,0.08,E-commerce,Concluída
PED006967,2025-08-12,CLI00112,PRD002,V002,1,3041.6,0.03,Televendas,Concluída
PED006968,2025-08-24,CLI01165,PRD003,V002,3,995.92,0.1,E-commerce,Concluída
PED006969,2025-12-20,CLI00209,PRD020,V008,4,656.67,0.1,Marketplace,Concluída
PED006970,2025-09-20,CLI01730,PRD012,V007,2,5467.8,0.1,E-commerce,Concluída
PED006971,2025-01-11,CLI00882,PRD019,V001,1,1064.87,0.05,E-commerce,Concluída
PED006972,2025-07-26,CLI00498,PRD005,V007,2,373.22,0.08,E-commerce,Concluída
PED006973,2025-09-29,CLI00476,PRD017,V010,2,822.73,0.03,E-commerce,Cancelada
PED006974,2025-07-01,CLI01298,PRD006,V008,3,193.55,0.05,E-commerce,Concluída
PED006975,2025-06-06,CLI00424,PRD003,V003,1,1020.91,0.0,Marketplace,Cancelada
PED006976,2025-10-23,CLI01256,PRD016,V004,4,2355.34,0.0,E-commerce,Concluída
PED006977,2025-08-12,CLI00116,PRD001,V008,2,4299.94,0.1,E-commerce,Concluída
PED006978,2025-09-06,CLI02263,PRD007,V005,3,354.48,0.05,Loja Física,Concluída
PED006979,2025-06-19,CLI00385,PRD016,V008,1,2266.12,0.0,E-commerce,Concluída
PED006980,2025-04-12,CLI02013,PRD011,V010,4,3236.39,0.0,E-commerce,Concluída
PED006981,2025-07-09,CLI02468,PRD009,V005,2,2786.97,0.03,E-commerce,Concluída
PED006982,2025-12-17,CLI02199,PRD006,V006,1,211.38,0.08,E-commerce,Cancelada
PED006983,2025-08-08,CLI02106,PRD002,V005,1,3075.46,0.1,Loja Física,Concluída
PED006984,2025-09-16,CLI02189,PRD020,V006,1,644.37,0.0,Loja Física,Concluída
PED006985,2025-02-15,CLI01276,PRD003,V001,1,1041.61,0.0,E-commerce,Concluída
PED006986,2025-12-27,CLI00252,PRD005,V010,1,357.14,0.0,Loja Física,Concluída
PED006987,2025-03-31,CLI01875,PRD004,V006,1,1619.32,0.05,Loja Física,Concluída
PED006988,2025-12-21,CLI01261,PRD019,V003,2,1070.83,0.05,Marketplace,Concluída
PED006989,2025-06-12,CLI00577,PRD014,V006,2,1366.03,0.08,Loja Física,Concluída
PED006990,2025-12-02,CLI02178,PRD008,V004,3,2278.74,0.05,E-commerce,Concluída
PED006991,2025-11-22,CLI01068,PRD020,V009,2,630.17,0.0,E-commerce,Concluída
PED006992,2025-10-03,CLI02063,PRD001,V008,1,4413.46,0.0,Loja Física,Concluída
PED006993,2025-12-01,CLI00779,PRD018,V004,2,978.26,0.03,Loja Física,Concluída
PED006994,2025-08-11,CLI02289,PRD001,V008,2,4288.54,0.08,Loja Física,Concluída
PED006995,2025-11-06,CLI02324,PRD007,V001,3,338.32,0.05,Loja Física,Concluída
PED006996,2025-03-04,CLI00106,PRD001,V010,1,4422.78,0.1,E-commerce,Concluída
PED006997,2025-01-26,CLI02454,PRD020,V006,4,663.77,0.0,Marketplace,Concluída
PED006998,2025-07-18,CLI01050,PRD019,V007,3,1087.05,0.1,E-commerce,Concluída
PED006999,2025-10-23,CLI00161,PRD010,V007,4,1682.95,0.0,E-commerce,Concluída
PED007000,2025-10-07,CLI00290,PRD004,V004,2,1652.23,0.03,Loja Física,Concluída
PED007001,2025-07-12,CLI00877,PRD005,V007,1,372.3,0.0,Marketplace,Concluída
PED007002,2025-07-10,CLI00307,PRD008,V004,5,2292.07,0.0,E-commerce,Concluída
PED007003,2025-08-11,CLI01978,PRD006,V007,4,192.39,0.0,Loja Física,Concluída
PED007004,2025-11-13,CLI01397,PRD001,V001,3,4464.13,0.0,E-commerce,Concluída
PED007005,2025-11-04,CLI00635,PRD011,V002,4,2922.42,0.05,Televendas,Concluída
PED007006,2025-02-10,CLI02465,PRD010,V010,4,1665.51,0.08,E-commerce,Concluída
PED007007,2025-08-06,CLI01169,PRD019,V008,3,1073.78,0.08,Loja Física,Cancelada
PED007008,2025-05-20,CLI01891,PRD008,V002,1,2234.38,0.08,Loja Física,Concluída
PED007009,2025-10-19,CLI00924,PRD006,V003,2,193.38,0.08,Marketplace,Concluída
PED007010,2025-07-04,CLI01344,PRD009,V006,2,2767.91,0.15,Marketplace,Concluída
PED007011,2025-12-28,CLI01294,PRD003,V001,3,1020.55,0.0,Loja Física,Concluída
PED007012,2025-06-07,CLI02091,PRD011,V005,2,2860.64,0.15,Loja Física,Concluída
PED007013,2025-09-05,CLI01940,PRD014,V004,2,1361.24,0.03,Loja Física,Concluída
PED007014,2025-02-09,CLI01579,PRD003,V002,6,1008.17,0.03,Loja Física,Concluída
PED007015,2025-12-07,CLI00382,PRD006,V003,2,193.54,0.05,Loja Física,Cancelada
PED007016,2025-02-26,CLI00214,PRD018,V003,1,969.48,0.0,E-commerce,Concluída
PED007017,2025-05-19,CLI00179,PRD008,V001,2,2371.2,0.0,Loja Física,Concluída
PED007018,2025-11-02,CLI01568,PRD009,V007,1,2813.21,0.03,Marketplace,Concluída
PED007019,2025-12-20,CLI02178,PRD013,V003,1,1047.92,0.08,E-commerce,Cancelada
PED007020,2025-06-26,CLI00194,PRD010,V001,2,1590.74,0.1,E-commerce,Concluída
PED007021,2025-06-26,CLI01509,PRD001,V001,5,4272.87,0.0,Televendas,Concluída
PED007022,2025-01-18,CLI00933,PRD016,V010,1,2308.04,0.0,E-commerce,Concluída
PED007023,2025-12-24,CLI02296,PRD020,V002,1,683.38,0.05,Loja Física,Concluída
PED007024,2025-01-07,CLI00919,PRD001,V010,2,4472.37,0.03,E-commerce,Concluída
PED007025,2025-01-10,CLI01832,PRD002,V002,2,2970.08,0.0,E-commerce,Concluída
PED007026,2025-06-22,CLI02466,PRD013,V001,1,1135.71,0.03,E-commerce,Concluída
PED007027,2025-01-02,CLI00876,PRD010,V006,1,1619.49,0.08,E-commerce,Concluída
PED007028,2025-03-01,CLI00319,PRD007,V009,2,338.46,0.0,E-commerce,Concluída
PED007029,2025-08-18,CLI02366,PRD009,V001,6,2829.01,0.0,E-commerce,Concluída
PED007030,2025-09-15,CLI02119,PRD013,V004,1,1113.29,0.0,Marketplace,Concluída
PED007031,2025-04-19,CLI00556,PRD008,V008,2,2264.45,0.05,E-commerce,Concluída
PED007032,2025-10-18,CLI00760,PRD003,V001,3,1074.77,0.0,E-commerce,Concluída
PED007033,2025-08-10,CLI01369,PRD002,V002,1,3026.14,0.05,Marketplace,Concluída
PED007034,2025-03-25,CLI01202,PRD008,V004,3,2319.97,0.1,E-commerce,Cancelada
PED007035,2025-09-18,CLI01235,PRD020,V009,1,616.81,0.0,Loja Física,Concluída
PED007036,2025-08-05,CLI02218,PRD009,V009,1,2741.13,0.0,E-commerce,Concluída
PED007037,2025-10-24,CLI02086,PRD006,V008,1,188.63,0.0,E-commerce,Concluída
PED007038,2025-02-26,CLI01051,PRD019,V007,1,1079.25,0.15,Marketplace,Concluída
PED007039,2025-03-26,CLI01788,PRD007,V001,3,328.82,0.05,Marketplace,Concluída
PED007040,2025-04-21,CLI01692,PRD008,V003,2,2338.76,0.08,Marketplace,Concluída
PED007041,2025-05-05,CLI01244,PRD002,V010,3,2978.75,0.1,E-commerce,Concluída
PED007042,2025-11-21,CLI02210,PRD014,V008,3,1362.89,0.15,Loja Física,Concluída
PED007043,2025-09-25,CLI01802,PRD013,V003,1,1072.07,0.1,E-commerce,Concluída
PED007044,2025-07-18,CLI00498,PRD015,V008,5,1602.48,0.0,E-commerce,Concluída
PED007045,2025-07-17,CLI00871,PRD006,V008,4,187.16,0.05,Televendas,Concluída
PED007046,2025-11-20,CLI00826,PRD008,V008,1,2265.65,0.15,Loja Física,Concluída
PED007047,2025-06-13,CLI02315,PRD003,V010,3,1048.71,0.05,E-commerce,Concluída
PED007048,2025-03-24,CLI01520,PRD020,V006,3,655.6,0.08,E-commerce,Concluída
PED007049,2025-02-19,CLI00007,PRD002,V001,2,2969.88,0.1,Marketplace,Concluída
PED007050,2025-05-01,CLI00933,PRD011,V009,1,2810.86,0.05,E-commerce,Concluída
PED007051,2025-08-27,CLI01691,PRD013,V001,1,1112.87,0.05,Loja Física,Concluída
PED007052,2025-06-21,CLI01106,PRD003,V007,6,1025.58,0.05,E-commerce,Concluída
PED007053,2025-06-03,CLI01643,PRD006,V008,3,195.33,0.03,E-commerce,Concluída
PED007054,2025-06-25,CLI01787,PRD001,V002,3,4609.1,0.0,E-commerce,Concluída
PED007055,2025-12-22,CLI00220,PRD009,V008,4,2869.65,0.05,Loja Física,Cancelada
PED007056,2025-12-31,CLI02170,PRD020,V009,1,637.77,0.15,E-commerce,Concluída
PED007057,2025-02-28,CLI01719,PRD008,V007,5,2235.6,0.1,E-commerce,Concluída
PED007058,2025-02-11,CLI00943,PRD020,V004,2,656.57,0.0,Loja Física,Concluída
PED007059,2025-03-31,CLI01171,PRD002,V003,3,2932.22,0.08,E-commerce,Concluída
PED007060,2025-11-07,CLI00666,PRD007,V008,1,346.35,0.0,Televendas,Concluída
PED007061,2025-06-17,CLI01496,PRD019,V002,1,1120.97,0.05,Loja Física,Concluída
PED007062,2025-11-12,CLI01830,PRD018,V007,1,967.26,0.1,Loja Física,Cancelada
PED007063,2025-08-25,CLI01338,PRD006,V002,1,201.69,0.15,E-commerce,Concluída
PED007064,2025-07-21,CLI01493,PRD012,V004,1,5500.92,0.05,E-commerce,Concluída
PED007065,2025-04-13,CLI01927,PRD018,V006,1,952.74,0.05,Marketplace,Concluída
PED007066,2025-05-06,CLI01858,PRD014,V002,2,1286.38,0.03,E-commerce,Concluída
PED007067,2025-02-23,CLI01944,PRD011,V008,4,2956.67,0.08,E-commerce,Concluída
PED007068,2025-07-09,CLI02351,PRD003,V007,1,1043.41,0.0,Televendas,Concluída
PED007069,2025-04-13,CLI01745,PRD002,V001,1,3067.1,0.0,E-commerce,Concluída
PED007070,2025-04-17,CLI00574,PRD010,V009,2,1681.07,0.08,Marketplace,Concluída
PED007071,2025-01-15,CLI00634,PRD008,V008,2,2385.66,0.0,Marketplace,Concluída
PED007072,2025-10-19,CLI01897,PRD004,V009,2,1582.07,0.05,Loja Física,Concluída
PED007073,2025-12-09,CLI00270,PRD005,V007,6,363.76,0.03,Loja Física,Concluída
PED007074,2025-07-01,CLI00680,PRD007,V007,1,336.1,0.0,Televendas,Concluída
PED007075,2025-07-15,CLI02077,PRD008,V004,2,2321.16,0.0,E-commerce,Concluída
PED007076,2025-12-04,CLI00615,PRD007,V003,4,334.06,0.0,E-commerce,Concluída
PED007077,2025-07-06,CLI01856,PRD007,V003,2,349.79,0.0,Loja Física,Concluída
PED007078,2025-08-16,CLI01801,PRD002,V004,2,2938.54,0.05,Marketplace,Concluída
PED007079,2025-06-06,CLI00990,PRD018,V003,5,987.98,0.05,E-commerce,Concluída
PED007080,2025-07-07,CLI00717,PRD010,V008,1,1694.29,0.03,E-commerce,Concluída
PED007081,2025-07-10,CLI00854,PRD003,V006,1,995.5,0.08,Loja Física,Concluída
PED007082,2025-09-17,CLI00032,PRD007,V005,1,330.46,0.08,Loja Física,Concluída
PED007083,2025-08-09,CLI01455,PRD007,V008,3,343.99,0.05,Marketplace,Concluída
PED007084,2025-07-03,CLI01055,PRD010,V008,4,1649.96,0.05,E-commerce,Concluída
PED007085,2025-01-28,CLI00388,PRD010,V010,1,1632.67,0.05,Marketplace,Concluída
PED007086,2025-11-27,CLI00905,PRD011,V004,2,2901.51,0.0,Loja Física,Concluída
PED007087,2025-11-21,CLI00304,PRD013,V003,2,1062.22,0.0,E-commerce,Devolvida
PED007088,2025-03-09,CLI00061,PRD002,V001,1,3018.44,0.0,Marketplace,Concluída
PED007089,2025-04-18,CLI01635,PRD006,V002,3,192.08,0.08,E-commerce,Concluída
PED007090,2025-12-22,CLI00874,PRD001,V007,1,4406.8,0.03,E-commerce,Devolvida
PED007091,2025-04-28,CLI00489,PRD008,V009,4,2235.85,0.15,Loja Física,Devolvida
PED007092,2025-10-24,CLI00904,PRD008,V007,3,2244.45,0.0,E-commerce,Concluída
PED007093,2025-10-14,CLI02018,PRD014,V010,1,1383.04,0.03,Marketplace,Concluída
PED007094,2025-11-11,CLI01330,PRD003,V007,3,1060.45,0.0,Loja Física,Concluída
PED007095,2025-01-06,CLI01799,PRD011,V009,3,2863.29,0.08,Loja Física,Concluída
PED007096,2025-06-26,CLI01231,PRD006,V003,1,192.53,0.03,Loja Física,Concluída
PED007097,2025-07-26,CLI02146,PRD007,V004,1,348.63,0.05,Televendas,Concluída
PED007098,2025-11-02,CLI00411,PRD013,V009,3,1046.52,0.05,Marketplace,Concluída
PED007099,2025-03-23,CLI02450,PRD001,V007,2,4525.56,0.0,Loja Física,Concluída
PED007100,2025-04-22,CLI01743,PRD006,V005,3,197.5,0.08,Marketplace,Concluída
PED007101,2025-03-07,CLI00769,PRD007,V010,1,337.04,0.08,E-commerce,Concluída
PED007102,2025-10-06,CLI02284,PRD013,V008,3,1085.71,0.05,Televendas,Concluída
PED007103,2025-12-31,CLI01365,PRD004,V003,3,1660.02,0.0,E-commerce,Devolvida
PED007104,2025-02-21,CLI01987,PRD020,V007,1,611.72,0.08,Loja Física,Concluída
PED007105,2025-03-27,CLI00978,PRD020,V004,1,662.73,0.08,Marketplace,Concluída
PED007106,2025-04-23,CLI00397,PRD016,V005,2,2416.65,0.1,Televendas,Concluída
PED007107,2025-11-21,CLI01149,PRD006,V009,3,195.25,0.0,E-commerce,Concluída
PED007108,2025-06-12,CLI01382,PRD012,V007,1,5500.54,0.1,E-commerce,Concluída
PED007109,2025-04-13,CLI00233,PRD002,V001,4,3003.87,0.1,Marketplace,Concluída
PED007110,2025-04-28,CLI00472,PRD018,V006,1,987.18,0.0,Loja Física,Concluída
PED007111,2025-08-07,CLI00578,PRD009,V007,3,2810.51,0.08,Marketplace,Concluída
PED007112,2025-05-22,CLI00998,PRD003,V006,1,1035.36,0.0,Marketplace,Concluída
PED007113,2025-02-21,CLI00496,PRD006,V003,3,196.34,0.0,Loja Física,Concluída
PED007114,2025-10-27,CLI02193,PRD015,V007,2,1596.75,0.05,Loja Física,Concluída
PED007115,2025-06-04,CLI01729,PRD018,V010,2,1034.24,0.0,Loja Física,Concluída
PED007116,2025-04-04,CLI00293,PRD009,V001,6,2810.22,0.0,Televendas,Concluída
PED007117,2025-09-23,CLI00814,PRD008,V007,1,2272.89,0.05,Marketplace,Concluída
PED007118,2025-09-30,CLI02353,PRD014,V010,1,1316.71,0.15,E-commerce,Concluída
PED007119,2025-02-26,CLI02062,PRD017,V005,1,843.23,0.0,Marketplace,Concluída
PED007120,2025-01-27,CLI00843,PRD014,V004,2,1306.14,0.0,Marketplace,Concluída
PED007121,2025-01-17,CLI00670,PRD007,V003,3,328.9,0.0,Televendas,Concluída
PED007122,2025-10-07,CLI01548,PRD011,V003,1,3023.31,0.0,E-commerce,Concluída
PED007123,2025-08-17,CLI01828,PRD017,V004,3,861.26,0.1,Marketplace,Concluída
PED007124,2025-10-17,CLI01235,PRD003,V008,2,1038.14,0.03,Loja Física,Concluída
PED007125,2025-08-17,CLI01311,PRD007,V002,5,334.51,0.05,Loja Física,Concluída
PED007126,2025-05-27,CLI01384,PRD001,V003,1,4358.65,0.03,E-commerce,Concluída
PED007127,2025-08-04,CLI01524,PRD007,V010,6,332.09,0.15,Loja Física,Concluída
PED007128,2025-09-21,CLI01568,PRD015,V010,2,1569.03,0.03,Loja Física,Concluída
PED007129,2025-05-26,CLI00832,PRD003,V003,6,1044.38,0.1,Loja Física,Concluída
PED007130,2025-12-01,CLI00223,PRD009,V005,2,2823.91,0.05,E-commerce,Concluída
PED007131,2025-11-25,CLI01605,PRD001,V005,1,4284.21,0.1,E-commerce,Concluída
PED007132,2025-10-20,CLI00501,PRD018,V003,3,957.47,0.05,Televendas,Concluída
PED007133,2025-12-29,CLI01572,PRD016,V002,2,2394.37,0.1,E-commerce,Concluída
PED007134,2025-05-23,CLI01883,PRD009,V001,1,2877.17,0.03,E-commerce,Concluída
PED007135,2025-02-11,CLI01906,PRD013,V007,2,1041.83,0.05,Marketplace,Concluída
PED007136,2025-06-26,CLI01876,PRD002,V001,4,3047.8,0.05,Marketplace,Concluída
PED007137,2025-09-30,CLI01268,PRD017,V007,3,865.25,0.05,E-commerce,Concluída
PED007138,2025-10-12,CLI01389,PRD013,V001,1,1090.51,0.05,Marketplace,Concluída
PED007139,2025-05-22,CLI01913,PRD002,V002,3,3116.82,0.0,Marketplace,Concluída
PED007140,2025-04-17,CLI02365,PRD020,V001,2,646.53,0.1,Marketplace,Concluída
PED007141,2025-06-12,CLI02440,PRD001,V004,1,4413.85,0.03,E-commerce,Concluída
PED007142,2025-10-21,CLI00110,PRD011,V004,1,2970.93,0.0,Marketplace,Concluída
PED007143,2025-01-23,CLI00807,PRD003,V004,1,1058.46,0.08,Marketplace,Concluída
PED007144,2025-04-30,CLI02256,PRD013,V004,2,1079.38,0.08,Loja Física,Concluída
PED007145,2025-03-25,CLI01603,PRD001,V010,1,4296.43,0.0,E-commerce,Concluída
PED007146,2025-10-22,CLI01084,PRD002,V005,1,3066.49,0.03,Loja Física,Concluída
PED007147,2025-06-21,CLI01516,PRD008,V009,1,2320.67,0.05,Loja Física,Concluída
PED007148,2025-02-01,CLI02281,PRD020,V003,4,666.74,0.08,Loja Física,Concluída
PED007149,2025-04-06,CLI01936,PRD005,V005,2,364.3,0.03,Loja Física,Concluída
PED007150,2025-01-17,CLI01166,PRD010,V001,2,1576.89,0.0,Loja Física,Concluída
PED007151,2025-06-23,CLI01813,PRD009,V003,3,2874.48,0.08,Televendas,Concluída
PED007152,2025-12-31,CLI01926,PRD017,V001,1,854.38,0.0,Loja Física,Concluída
PED007153,2025-07-27,CLI01741,PRD005,V001,4,371.63,0.1,Loja Física,Concluída
PED007154,2025-11-14,CLI02460,PRD009,V002,1,2938.49,0.08,Marketplace,Concluída
PED007155,2025-09-29,CLI01100,PRD020,V002,1,656.05,0.1,E-commerce,Concluída
PED007156,2025-11-19,CLI02186,PRD006,V004,1,186.63,0.03,E-commerce,Concluída
PED007157,2025-04-24,CLI00446,PRD008,V008,1,2221.64,0.0,Marketplace,Concluída
PED007158,2025-12-14,CLI00224,PRD018,V002,1,960.57,0.05,E-commerce,Concluída
PED007159,2025-03-29,CLI00431,PRD006,V007,3,195.15,0.0,E-commerce,Concluída
PED007160,2025-06-09,CLI01963,PRD007,V004,1,343.41,0.0,E-commerce,Concluída
PED007161,2025-09-06,CLI00508,PRD006,V005,1,204.11,0.03,E-commerce,Concluída
PED007162,2025-04-15,CLI01158,PRD016,V010,2,2392.28,0.03,Marketplace,Concluída
PED007163,2025-04-07,CLI00923,PRD020,V005,2,631.3,0.03,E-commerce,Concluída
PED007164,2025-02-17,CLI00723,PRD011,V003,4,2875.64,0.0,Loja Física,Concluída
PED007165,2025-01-02,CLI00473,PRD011,V003,1,2869.01,0.0,E-commerce,Concluída
PED007166,2025-07-02,CLI01781,PRD007,V002,4,340.98,0.05,E-commerce,Concluída
PED007167,2025-12-27,CLI01723,PRD001,V009,2,4454.77,0.03,Loja Física,Concluída
PED007168,2025-03-22,CLI01085,PRD003,V007,2,1060.7,0.05,Marketplace,Concluída
PED007169,2025-06-10,CLI01704,PRD003,V003,1,1026.0,0.08,Marketplace,Concluída
PED007170,2025-12-08,CLI01470,PRD002,V005,2,2991.4,0.08,Loja Física,Concluída
PED007171,2025-10-09,CLI00348,PRD011,V006,1,3059.37,0.1,E-commerce,Concluída
PED007172,2025-01-02,CLI01956,PRD003,V001,3,997.29,0.15,E-commerce,Cancelada
PED007173,2025-07-02,CLI00908,PRD002,V010,2,3041.41,0.0,E-commerce,Concluída
PED007174,2025-02-22,CLI02057,PRD007,V008,1,346.51,0.03,Loja Física,Concluída
PED007175,2025-04-01,CLI00078,PRD005,V006,1,357.88,0.08,Televendas,Concluída
PED007176,2025-03-31,CLI01168,PRD003,V008,4,1035.26,0.08,Loja Física,Cancelada
PED007177,2025-08-12,CLI02351,PRD003,V002,2,1046.62,0.0,Marketplace,Concluída
PED007178,2025-03-14,CLI01102,PRD005,V010,2,357.89,0.15,Loja Física,Concluída
PED007179,2025-04-02,CLI02055,PRD009,V007,5,2817.11,0.1,Marketplace,Concluída
PED007180,2025-03-24,CLI01033,PRD014,V010,1,1318.32,0.1,Loja Física,Concluída
PED007181,2025-05-11,CLI01744,PRD017,V009,2,893.4,0.0,Marketplace,Concluída
PED007182,2025-08-28,CLI01692,PRD014,V006,3,1327.47,0.05,Televendas,Concluída
PED007183,2025-05-26,CLI00617,PRD011,V003,1,2951.25,0.03,Televendas,Concluída
PED007184,2025-04-30,CLI02370,PRD019,V007,1,1112.35,0.03,Marketplace,Concluída
PED007185,2025-07-08,CLI00749,PRD009,V006,4,2847.6,0.0,E-commerce,Concluída
PED007186,2025-08-13,CLI00670,PRD011,V005,1,2939.1,0.0,E-commerce,Concluída
PED007187,2025-01-06,CLI00440,PRD007,V008,1,346.28,0.1,Televendas,Concluída
PED007188,2025-11-21,CLI00715,PRD006,V009,1,192.66,0.05,Marketplace,Concluída
PED007189,2025-12-01,CLI02473,PRD006,V002,3,189.27,0.05,E-commerce,Concluída
PED007190,2025-08-08,CLI01620,PRD003,V006,2,1016.82,0.0,E-commerce,Concluída
PED007191,2025-07-29,CLI01534,PRD015,V008,1,1637.95,0.1,Loja Física,Concluída
PED007192,2025-09-11,CLI01120,PRD001,V004,1,4304.04,0.1,E-commerce,Cancelada
PED007193,2025-06-10,CLI00594,PRD012,V004,2,5528.4,0.05,E-commerce,Concluída
PED007194,2025-05-14,CLI00119,PRD018,V001,3,937.27,0.03,Marketplace,Concluída
PED007195,2025-05-09,CLI01869,PRD008,V004,4,2344.53,0.0,E-commerce,Concluída
PED007196,2025-02-28,CLI00182,PRD001,V006,1,4333.96,0.05,E-commerce,Concluída
PED007197,2025-11-04,CLI00452,PRD008,V010,2,2242.62,0.08,Loja Física,Concluída
PED007198,2025-04-28,CLI01512,PRD006,V006,2,196.17,0.15,Loja Física,Concluída
PED007199,2025-04-14,CLI01224,PRD020,V003,3,686.74,0.0,Marketplace,Concluída
PED007200,2025-12-18,CLI00945,PRD013,V009,2,1097.41,0.03,Loja Física,Concluída
PED007201,2025-07-04,CLI01651,PRD013,V002,1,1081.18,0.03,Televendas,Concluída
PED007202,2025-08-15,CLI01561,PRD009,V002,2,2656.42,0.03,Loja Física,Concluída
PED007203,2025-03-31,CLI00747,PRD013,V006,2,1122.14,0.05,Marketplace,Concluída
PED007204,2025-04-12,CLI01883,PRD013,V009,2,1066.57,0.05,Loja Física,Devolvida
PED007205,2025-09-23,CLI02426,PRD001,V003,1,4273.75,0.1,E-commerce,Concluída
PED007206,2025-06-14,CLI00854,PRD004,V001,1,1574.76,0.0,Marketplace,Concluída
PED007207,2025-02-23,CLI02000,PRD001,V008,1,4526.77,0.03,Loja Física,Concluída
PED007208,2025-11-01,CLI01455,PRD009,V006,1,2859.72,0.05,E-commerce,Concluída
PED007209,2025-05-28,CLI01327,PRD018,V007,1,932.51,0.08,Marketplace,Concluída
PED007210,2025-09-01,CLI01057,PRD010,V004,1,1636.29,0.08,Loja Física,Concluída
PED007211,2025-05-05,CLI01592,PRD008,V002,1,2221.26,0.1,E-commerce,Concluída
PED007212,2025-07-24,CLI02307,PRD020,V004,1,651.96,0.05,E-commerce,Cancelada
PED007213,2025-10-11,CLI00414,PRD003,V005,6,1025.73,0.0,Marketplace,Concluída
PED007214,2025-11-20,CLI02413,PRD002,V005,2,2876.21,0.08,E-commerce,Concluída
PED007215,2025-03-17,CLI00515,PRD019,V009,1,1088.68,0.15,E-commerce,Concluída
PED007216,2025-09-03,CLI01690,PRD019,V003,3,1089.38,0.0,Televendas,Concluída
PED007217,2025-11-30,CLI01487,PRD012,V004,2,5337.72,0.0,Marketplace,Concluída
PED007218,2025-08-23,CLI00954,PRD005,V002,1,342.88,0.0,Loja Física,Concluída
PED007219,2025-02-22,CLI01798,PRD020,V006,2,650.72,0.05,Loja Física,Concluída
PED007220,2025-03-11,CLI02373,PRD014,V009,1,1332.82,0.05,E-commerce,Concluída
PED007221,2025-03-16,CLI02057,PRD012,V009,2,5480.76,0.0,E-commerce,Concluída
PED007222,2025-02-08,CLI00839,PRD004,V003,1,1635.32,0.0,E-commerce,Concluída
PED007223,2025-10-03,CLI01012,PRD009,V005,2,2723.99,0.05,E-commerce,Concluída
PED007224,2025-12-19,CLI01324,PRD016,V008,1,2350.11,0.03,Televendas,Concluída
PED007225,2025-07-08,CLI00536,PRD017,V001,1,867.8,0.0,Marketplace,Concluída
PED007226,2025-08-07,CLI02351,PRD009,V008,2,2849.67,0.05,Loja Física,Concluída
PED007227,2025-10-10,CLI00015,PRD009,V002,1,2761.39,0.0,E-commerce,Cancelada
PED007228,2025-06-01,CLI01522,PRD013,V001,1,1067.5,0.0,Marketplace,Concluída
PED007229,2025-06-22,CLI00675,PRD009,V002,1,2830.43,0.0,Loja Física,Concluída
PED007230,2025-08-03,CLI01003,PRD007,V009,2,328.48,0.0,Loja Física,Concluída
PED007231,2025-04-22,CLI00406,PRD002,V007,2,3021.45,0.0,Televendas,Concluída
PED007232,2025-01-23,CLI00081,PRD002,V008,3,2993.9,0.0,Marketplace,Concluída
PED007233,2025-07-27,CLI01478,PRD014,V007,2,1320.67,0.0,Marketplace,Concluída
PED007234,2025-10-28,CLI01976,PRD001,V008,6,4474.42,0.08,Marketplace,Concluída
PED007235,2025-01-27,CLI00273,PRD001,V005,1,4309.84,0.08,E-commerce,Concluída
PED007236,2025-03-21,CLI00217,PRD019,V009,3,1131.29,0.0,Marketplace,Concluída
PED007237,2025-04-06,CLI00568,PRD013,V001,2,1078.13,0.05,E-commerce,Concluída
PED007238,2025-10-21,CLI00226,PRD001,V006,1,4262.62,0.0,Loja Física,Concluída
PED007239,2025-07-04,CLI01081,PRD006,V008,3,192.28,0.1,Loja Física,Concluída
PED007240,2025-07-15,CLI00569,PRD014,V010,5,1345.3,0.0,E-commerce,Concluída
PED007241,2025-08-24,CLI01242,PRD007,V004,3,332.83,0.0,Loja Física,Concluída
PED007242,2025-04-11,CLI01577,PRD008,V002,1,2276.61,0.03,Marketplace,Concluída
PED007243,2025-09-18,CLI00788,PRD008,V008,2,2245.71,0.0,E-commerce,Concluída
PED007244,2025-01-12,CLI02234,PRD004,V001,1,1588.39,0.0,Televendas,Concluída
PED007245,2025-02-11,CLI01271,PRD013,V008,2,1084.3,0.03,E-commerce,Concluída
PED007246,2025-10-25,CLI00021,PRD002,V008,1,3068.85,0.05,E-commerce,Concluída
PED007247,2025-08-29,CLI01084,PRD008,V007,1,2237.63,0.0,Loja Física,Cancelada
PED007248,2025-03-06,CLI01696,PRD003,V003,1,1040.51,0.0,Loja Física,Concluída
PED007249,2025-06-10,CLI01138,PRD001,V002,4,4415.33,0.1,E-commerce,Devolvida
PED007250,2025-01-19,CLI01304,PRD003,V007,1,1004.41,0.0,Loja Física,Concluída
PED007251,2025-09-03,CLI01859,PRD018,V004,1,982.07,0.0,Marketplace,Concluída
PED007252,2025-10-03,CLI01553,PRD003,V004,1,1056.85,0.05,Loja Física,Concluída
PED007253,2025-04-12,CLI00351,PRD005,V002,2,369.26,0.0,Televendas,Concluída
PED007254,2025-05-08,CLI01726,PRD003,V004,1,1007.03,0.08,E-commerce,Concluída
PED007255,2025-03-28,CLI00319,PRD014,V009,3,1307.38,0.0,E-commerce,Concluída
PED007256,2025-05-23,CLI01648,PRD008,V009,1,2265.34,0.0,Televendas,Concluída
PED007257,2025-04-10,CLI01721,PRD020,V004,1,644.35,0.08,Marketplace,Concluída
PED007258,2025-04-01,CLI02077,PRD012,V002,1,5513.06,0.08,Loja Física,Cancelada
PED007259,2025-06-07,CLI02456,PRD009,V001,1,2837.22,0.08,E-commerce,Concluída
PED007260,2025-11-10,CLI00273,PRD011,V002,2,2950.11,0.0,Loja Física,Concluída
PED007261,2025-10-06,CLI02438,PRD001,V001,1,4088.0,0.05,E-commerce,Concluída
PED007262,2025-04-19,CLI00559,PRD020,V007,2,656.78,0.15,E-commerce,Concluída
PED007263,2025-12-11,CLI00043,PRD020,V007,2,669.93,0.03,Marketplace,Concluída
PED007264,2025-03-18,CLI02112,PRD005,V008,1,355.56,0.1,Loja Física,Concluída
PED007265,2025-11-29,CLI02257,PRD011,V004,1,2951.33,0.05,Loja Física,Concluída
PED007266,2025-04-23,CLI00178,PRD004,V009,2,1672.84,0.08,Loja Física,Concluída
PED007267,2025-07-17,CLI01145,PRD009,V002,1,2865.13,0.0,Televendas,Concluída
PED007268,2025-03-16,CLI02452,PRD014,V003,2,1352.49,0.1,Televendas,Concluída
PED007269,2025-10-06,CLI01782,PRD020,V010,3,675.9,0.1,E-commerce,Concluída
PED007270,2025-04-26,CLI01137,PRD006,V009,1,206.85,0.08,E-commerce,Concluída
PED007271,2025-11-15,CLI01939,PRD013,V006,1,1056.65,0.1,Marketplace,Concluída
PED007272,2025-01-31,CLI00884,PRD013,V007,1,1074.26,0.08,E-commerce,Concluída
PED007273,2025-07-03,CLI00720,PRD004,V008,1,1641.25,0.05,Televendas,Concluída
PED007274,2025-02-27,CLI01110,PRD011,V009,2,2972.96,0.05,Marketplace,Concluída
PED007275,2025-11-21,CLI02152,PRD011,V003,2,2988.3,0.08,Marketplace,Concluída
PED007276,2025-06-02,CLI00714,PRD014,V001,2,1254.27,0.08,E-commerce,Concluída
PED007277,2025-09-04,CLI01487,PRD020,V002,2,614.59,0.05,Loja Física,Concluída
PED007278,2025-11-18,CLI02065,PRD001,V004,1,4561.61,0.05,Loja Física,Devolvida
PED007279,2025-07-15,CLI00064,PRD004,V003,2,1636.45,0.1,Marketplace,Concluída
PED007280,2025-01-21,CLI01541,PRD003,V006,3,1044.9,0.0,Loja Física,Concluída
PED007281,2025-03-22,CLI02213,PRD003,V002,2,1003.57,0.08,Loja Física,Concluída
PED007282,2025-03-19,CLI00721,PRD008,V006,2,2244.89,0.05,Marketplace,Concluída
PED007283,2025-11-30,CLI00399,PRD018,V008,2,983.21,0.08,Loja Física,Concluída
PED007284,2025-11-28,CLI01950,PRD008,V001,2,2189.98,0.0,Marketplace,Concluída
PED007285,2025-06-24,CLI00847,PRD012,V003,1,5413.24,0.05,E-commerce,Concluída
PED007286,2025-11-21,CLI01772,PRD007,V006,2,345.19,0.0,Loja Física,Concluída
PED007287,2025-03-31,CLI01228,PRD006,V001,2,199.73,0.05,Loja Física,Concluída
PED007288,2025-09-05,CLI01468,PRD017,V007,1,842.5,0.08,Loja Física,Concluída
PED007289,2025-05-24,CLI00923,PRD011,V008,1,3008.58,0.05,Loja Física,Concluída
PED007290,2025-03-29,CLI01109,PRD006,V004,1,201.5,0.05,Loja Física,Concluída
PED007291,2025-04-02,CLI00120,PRD019,V001,2,1042.04,0.03,Marketplace,Concluída
PED007292,2025-06-03,CLI02120,PRD008,V006,1,2361.31,0.05,Televendas,Concluída
PED007293,2025-05-04,CLI00840,PRD003,V009,3,1065.94,0.1,Loja Física,Concluída
PED007294,2025-03-19,CLI00519,PRD008,V003,5,2280.13,0.08,E-commerce,Concluída
PED007295,2025-05-02,CLI00111,PRD012,V009,6,5491.49,0.0,E-commerce,Concluída
PED007296,2025-02-16,CLI02267,PRD006,V009,1,200.71,0.05,E-commerce,Concluída
PED007297,2025-12-20,CLI01808,PRD017,V003,2,865.05,0.08,Televendas,Concluída
PED007298,2025-05-19,CLI01492,PRD009,V006,4,2843.31,0.05,Loja Física,Concluída
PED007299,2025-02-09,CLI01341,PRD008,V001,2,2359.51,0.05,Televendas,Concluída
PED007300,2025-07-30,CLI02363,PRD017,V006,1,808.74,0.1,E-commerce,Concluída
PED007301,2025-11-19,CLI01790,PRD008,V009,3,2230.71,0.1,E-commerce,Concluída
PED007302,2025-05-12,CLI02339,PRD007,V010,2,345.81,0.0,Televendas,Concluída
PED007303,2025-11-05,CLI01256,PRD002,V002,3,2989.76,0.05,E-commerce,Concluída
PED007304,2025-08-11,CLI00209,PRD006,V007,5,200.27,0.05,Marketplace,Concluída
PED007305,2025-09-27,CLI00645,PRD007,V001,6,330.06,0.1,Loja Física,Concluída
PED007306,2025-04-19,CLI00837,PRD003,V003,2,1029.15,0.0,E-commerce,Concluída
PED007307,2025-01-14,CLI02255,PRD010,V009,1,1691.98,0.0,E-commerce,Concluída
PED007308,2025-05-07,CLI01639,PRD003,V007,2,997.06,0.05,E-commerce,Concluída
PED007309,2025-12-04,CLI00456,PRD004,V004,2,1595.74,0.03,Loja Física,Concluída
PED007310,2025-10-16,CLI00323,PRD009,V010,2,2824.75,0.0,E-commerce,Concluída
PED007311,2025-10-14,CLI01128,PRD005,V008,1,363.83,0.1,E-commerce,Concluída
PED007312,2025-11-17,CLI01368,PRD011,V001,2,2965.33,0.03,Loja Física,Concluída
PED007313,2025-05-17,CLI01055,PRD013,V001,2,1088.06,0.0,Marketplace,Concluída
PED007314,2025-04-28,CLI00854,PRD006,V007,5,195.4,0.0,Loja Física,Concluída
PED007315,2025-12-04,CLI01539,PRD002,V009,3,2998.4,0.0,E-commerce,Concluída
PED007316,2025-07-28,CLI02499,PRD008,V002,1,2259.08,0.0,Marketplace,Concluída
PED007317,2025-04-19,CLI02283,PRD002,V006,2,2991.23,0.03,E-commerce,Concluída
PED007318,2025-04-12,CLI00501,PRD009,V009,2,2967.01,0.0,E-commerce,Concluída
PED007319,2025-11-17,CLI01922,PRD013,V009,2,1052.81,0.05,Marketplace,Concluída
PED007320,2025-01-20,CLI00277,PRD011,V007,1,2961.55,0.03,E-commerce,Concluída
PED007321,2025-01-23,CLI00197,PRD008,V010,3,2214.99,0.05,Televendas,Concluída
PED007322,2025-09-27,CLI01139,PRD020,V010,3,677.73,0.15,Loja Física,Concluída
PED007323,2025-01-01,CLI00695,PRD002,V009,2,3000.33,0.15,E-commerce,Concluída
PED007324,2025-03-04,CLI00610,PRD018,V007,4,938.67,0.03,Marketplace,Concluída
PED007325,2025-12-28,CLI01551,PRD015,V010,6,1561.0,0.03,E-commerce,Concluída
PED007326,2025-06-05,CLI02023,PRD007,V001,3,329.51,0.05,Loja Física,Concluída
PED007327,2025-09-23,CLI01351,PRD003,V001,4,1019.34,0.03,E-commerce,Concluída
PED007328,2025-06-27,CLI00044,PRD003,V006,2,1051.68,0.08,Marketplace,Concluída
PED007329,2025-02-03,CLI02495,PRD019,V007,4,1128.06,0.05,Marketplace,Concluída
PED007330,2025-03-09,CLI01631,PRD004,V010,5,1648.76,0.0,E-commerce,Concluída
PED007331,2025-10-05,CLI01085,PRD018,V007,2,966.86,0.03,Marketplace,Concluída
PED007332,2025-02-04,CLI01019,PRD008,V003,1,2300.75,0.1,E-commerce,Concluída
PED007333,2025-08-06,CLI01970,PRD008,V010,1,2314.27,0.05,Marketplace,Concluída
PED007334,2025-05-08,CLI02329,PRD011,V001,2,3101.63,0.08,Loja Física,Concluída
PED007335,2025-05-16,CLI00166,PRD004,V001,3,1581.15,0.08,Televendas,Concluída
PED007336,2025-12-14,CLI02285,PRD008,V008,2,2354.02,0.05,Marketplace,Concluída
PED007337,2025-08-10,CLI01090,PRD020,V010,3,628.51,0.0,Marketplace,Concluída
PED007338,2025-08-13,CLI02002,PRD004,V006,3,1652.75,0.05,Marketplace,Concluída
PED007339,2025-05-08,CLI00104,PRD019,V002,1,1074.0,0.0,Marketplace,Concluída
PED007340,2025-05-20,CLI01075,PRD020,V001,1,635.11,0.05,Loja Física,Concluída
PED007341,2025-09-08,CLI01427,PRD001,V010,2,4335.75,0.0,Televendas,Concluída
PED007342,2025-01-15,CLI01066,PRD009,V003,1,2807.2,0.1,Loja Física,Concluída
PED007343,2025-03-28,CLI00153,PRD003,V007,5,1046.77,0.08,Marketplace,Concluída
PED007344,2025-08-08,CLI00054,PRD011,V004,4,3026.51,0.0,E-commerce,Concluída
PED007345,2025-08-16,CLI02182,PRD020,V003,2,612.04,0.08,Loja Física,Concluída
PED007346,2025-02-03,CLI02320,PRD018,V007,2,965.17,0.08,E-commerce,Concluída
PED007347,2025-10-15,CLI01756,PRD020,V008,3,628.6,0.08,Loja Física,Concluída
PED007348,2025-07-18,CLI02444,PRD004,V005,4,1641.72,0.03,Marketplace,Concluída
PED007349,2025-03-28,CLI02275,PRD009,V006,2,2964.4,0.05,Marketplace,Concluída
PED007350,2025-10-02,CLI00528,PRD004,V005,6,1598.38,0.05,E-commerce,Devolvida
PED007351,2025-12-28,CLI01404,PRD019,V006,2,1071.75,0.03,E-commerce,Concluída
PED007352,2025-06-04,CLI01183,PRD003,V009,1,993.92,0.05,Loja Física,Concluída
PED007353,2025-04-14,CLI02305,PRD003,V008,2,1086.2,0.0,E-commerce,Concluída
PED007354,2025-04-20,CLI01447,PRD001,V003,3,4510.82,0.1,E-commerce,Concluída
PED007355,2025-08-05,CLI00325,PRD003,V003,6,984.51,0.15,E-commerce,Concluída
PED007356,2025-01-18,CLI01350,PRD003,V007,1,1052.71,0.03,Loja Física,Concluída
PED007357,2025-06-26,CLI01272,PRD002,V007,2,2910.43,0.03,Marketplace,Concluída
PED007358,2025-01-10,CLI01200,PRD018,V004,2,957.08,0.0,Televendas,Concluída
PED007359,2025-01-15,CLI00896,PRD015,V009,4,1521.09,0.1,Marketplace,Concluída
PED007360,2025-06-06,CLI01516,PRD005,V005,3,342.52,0.0,Loja Física,Concluída
PED007361,2025-09-30,CLI00985,PRD015,V004,1,1568.31,0.08,Marketplace,Concluída
PED007362,2025-11-19,CLI01974,PRD007,V006,4,358.18,0.08,Loja Física,Concluída
PED007363,2025-02-01,CLI00829,PRD015,V002,2,1533.75,0.03,Loja Física,Cancelada
PED007364,2025-03-31,CLI01036,PRD006,V007,4,201.22,0.08,Loja Física,Concluída
PED007365,2025-06-03,CLI00289,PRD009,V009,3,2937.76,0.03,E-commerce,Concluída
PED007366,2025-07-29,CLI00187,PRD007,V010,1,348.15,0.03,Marketplace,Concluída
PED007367,2025-12-27,CLI01013,PRD003,V005,5,1087.44,0.1,Marketplace,Concluída
PED007368,2025-09-07,CLI00690,PRD010,V003,2,1683.96,0.03,E-commerce,Concluída
PED007369,2025-07-16,CLI01801,PRD014,V005,6,1402.8,0.0,E-commerce,Concluída
PED007370,2025-01-23,CLI00299,PRD014,V002,1,1303.75,0.05,Loja Física,Concluída
PED007371,2025-01-30,CLI00584,PRD006,V007,3,200.5,0.05,Televendas,Cancelada
PED007372,2025-02-25,CLI01510,PRD009,V005,1,2970.87,0.05,Loja Física,Concluída
PED007373,2025-08-30,CLI00084,PRD014,V002,1,1316.33,0.03,Loja Física,Concluída
PED007374,2025-05-01,CLI01273,PRD001,V006,6,3986.24,0.05,Televendas,Concluída
PED007375,2025-03-29,CLI01629,PRD001,V008,1,4228.47,0.0,Loja Física,Concluída
PED007376,2025-09-02,CLI00375,PRD007,V003,1,335.78,0.03,Loja Física,Concluída
PED007377,2025-10-25,CLI00446,PRD004,V005,4,1627.91,0.0,Televendas,Concluída
PED007378,2025-06-10,CLI00850,PRD007,V009,2,337.14,0.05,Loja Física,Concluída
PED007379,2025-11-18,CLI00150,PRD002,V008,2,2993.89,0.08,Loja Física,Concluída
PED007380,2025-09-25,CLI02283,PRD010,V008,6,1619.83,0.0,E-commerce,Concluída
PED007381,2025-09-19,CLI01653,PRD012,V005,2,5492.69,0.0,Loja Física,Concluída
PED007382,2025-11-13,CLI02180,PRD015,V005,1,1567.5,0.08,Marketplace,Concluída
PED007383,2025-03-09,CLI00899,PRD011,V005,2,2890.05,0.03,Marketplace,Concluída
PED007384,2025-10-04,CLI01467,PRD007,V005,3,349.0,0.03,E-commerce,Concluída
PED007385,2025-12-16,CLI01109,PRD020,V002,1,668.45,0.05,Loja Física,Concluída
PED007386,2025-12-29,CLI00043,PRD013,V001,2,1054.25,0.05,Loja Física,Concluída
PED007387,2025-07-30,CLI01009,PRD009,V009,1,2878.29,0.0,Marketplace,Concluída
PED007388,2025-10-03,CLI01973,PRD004,V006,1,1548.02,0.08,Loja Física,Concluída
PED007389,2025-11-21,CLI00282,PRD011,V006,1,2807.8,0.0,Loja Física,Concluída
PED007390,2025-11-08,CLI00130,PRD010,V006,4,1687.3,0.08,Loja Física,Concluída
PED007391,2025-11-24,CLI00075,PRD012,V005,1,5786.94,0.08,Marketplace,Concluída
PED007392,2025-10-31,CLI02289,PRD015,V009,1,1557.21,0.0,Marketplace,Concluída
PED007393,2025-05-20,CLI01206,PRD019,V005,5,1140.93,0.08,Loja Física,Concluída
PED007394,2025-09-24,CLI01457,PRD020,V006,1,635.68,0.05,Loja Física,Concluída
PED007395,2025-05-30,CLI01597,PRD011,V006,5,2919.26,0.15,Marketplace,Concluída
PED007396,2025-10-20,CLI00637,PRD020,V002,4,673.09,0.08,Loja Física,Concluída
PED007397,2025-10-23,CLI01416,PRD019,V002,2,1066.04,0.03,E-commerce,Concluída
PED007398,2025-12-08,CLI00239,PRD001,V002,1,4466.9,0.05,E-commerce,Concluída
PED007399,2025-08-03,CLI00588,PRD011,V003,1,2910.9,0.05,E-commerce,Cancelada
PED007400,2025-06-23,CLI01843,PRD003,V002,1,1017.08,0.08,Loja Física,Concluída
PED007401,2025-03-02,CLI02036,PRD005,V003,1,355.96,0.03,Marketplace,Concluída
PED007402,2025-08-21,CLI00333,PRD006,V010,2,186.16,0.08,Loja Física,Devolvida
PED007403,2025-07-26,CLI00646,PRD008,V004,1,2339.94,0.0,E-commerce,Concluída
PED007404,2025-07-07,CLI01165,PRD001,V008,3,4391.54,0.15,E-commerce,Concluída
PED007405,2025-09-04,CLI01569,PRD004,V004,1,1599.45,0.03,Marketplace,Concluída
PED007406,2025-11-07,CLI00054,PRD001,V009,1,4291.18,0.0,E-commerce,Concluída
PED007407,2025-02-24,CLI01577,PRD011,V008,1,2959.36,0.0,E-commerce,Concluída
PED007408,2025-06-07,CLI02284,PRD018,V009,1,990.81,0.1,Loja Física,Concluída
PED007409,2025-09-21,CLI02164,PRD020,V003,3,641.72,0.08,E-commerce,Concluída
PED007410,2025-10-27,CLI01932,PRD008,V001,2,2323.07,0.03,E-commerce,Concluída
PED007411,2025-10-12,CLI01535,PRD005,V004,1,363.03,0.1,E-commerce,Concluída
PED007412,2025-10-19,CLI00396,PRD017,V008,2,851.67,0.0,E-commerce,Concluída
PED007413,2025-11-09,CLI01481,PRD002,V007,2,3061.94,0.0,Marketplace,Concluída
PED007414,2025-12-18,CLI01597,PRD020,V008,4,637.95,0.0,Loja Física,Concluída
PED007415,2025-08-10,CLI00571,PRD013,V010,1,1051.47,0.03,Marketplace,Concluída
PED007416,2025-04-01,CLI01194,PRD008,V003,3,2265.41,0.05,E-commerce,Concluída
PED007417,2025-07-25,CLI01287,PRD002,V005,1,2996.3,0.0,E-commerce,Concluída
PED007418,2025-09-17,CLI00217,PRD001,V005,2,4342.56,0.0,Marketplace,Concluída
PED007419,2025-02-06,CLI00426,PRD009,V002,2,2947.9,0.03,Marketplace,Concluída
PED007420,2025-10-04,CLI01165,PRD007,V007,1,346.26,0.0,Marketplace,Concluída
PED007421,2025-07-18,CLI02144,PRD017,V001,2,851.2,0.05,E-commerce,Concluída
PED007422,2025-12-08,CLI00927,PRD011,V009,2,2936.07,0.05,E-commerce,Concluída
PED007423,2025-03-19,CLI02104,PRD008,V001,1,2272.99,0.0,E-commerce,Concluída
PED007424,2025-11-28,CLI00577,PRD004,V002,6,1626.5,0.0,E-commerce,Concluída
PED007425,2025-06-13,CLI00500,PRD008,V002,1,2271.4,0.05,Loja Física,Concluída
PED007426,2025-07-29,CLI02341,PRD003,V009,4,1031.74,0.08,Televendas,Devolvida
PED007427,2025-08-29,CLI01155,PRD012,V009,2,5326.6,0.05,Loja Física,Concluída
PED007428,2025-07-31,CLI00568,PRD010,V010,1,1615.5,0.05,E-commerce,Concluída
PED007429,2025-11-26,CLI01825,PRD016,V009,1,2362.82,0.15,E-commerce,Concluída
PED007430,2025-03-03,CLI01664,PRD008,V010,2,2279.08,0.08,Marketplace,Concluída
PED007431,2025-09-24,CLI00255,PRD005,V005,3,347.16,0.03,E-commerce,Concluída
PED007432,2025-12-22,CLI02434,PRD017,V001,2,841.67,0.1,Loja Física,Concluída
PED007433,2025-03-22,CLI00300,PRD013,V005,1,1060.2,0.05,Loja Física,Concluída
PED007434,2025-04-04,CLI00052,PRD013,V003,1,1122.46,0.05,E-commerce,Concluída
PED007435,2025-06-23,CLI02117,PRD009,V003,3,2880.71,0.05,E-commerce,Concluída
PED007436,2025-09-22,CLI00350,PRD018,V007,4,979.83,0.03,E-commerce,Concluída
PED007437,2025-12-17,CLI01199,PRD004,V002,1,1602.71,0.1,Marketplace,Concluída
PED007438,2025-10-18,CLI01755,PRD007,V004,3,336.63,0.0,E-commerce,Concluída
PED007439,2025-10-17,CLI01830,PRD015,V004,2,1552.62,0.03,Marketplace,Concluída
PED007440,2025-06-11,CLI01373,PRD002,V001,2,3030.54,0.0,Loja Física,Concluída
PED007441,2025-08-24,CLI00426,PRD016,V008,2,2331.31,0.08,Marketplace,Concluída
PED007442,2025-03-19,CLI02037,PRD006,V008,1,199.31,0.0,Loja Física,Concluída
PED007443,2025-06-19,CLI01664,PRD002,V006,1,3004.36,0.03,Marketplace,Concluída
PED007444,2025-03-10,CLI01198,PRD002,V001,3,3015.78,0.1,Loja Física,Concluída
PED007445,2025-01-10,CLI01533,PRD017,V008,5,861.06,0.0,E-commerce,Cancelada
PED007446,2025-11-09,CLI02290,PRD015,V005,2,1549.45,0.0,E-commerce,Concluída
PED007447,2025-10-21,CLI01715,PRD005,V003,1,357.75,,E-commerce,Concluída
PED007448,2025-07-06,CLI00530,PRD002,V010,1,3061.68,0.03,Televendas,Concluída
PED007449,2025-01-06,CLI02125,PRD005,V009,2,377.01,0.0,E-commerce,Concluída
PED007450,2025-02-02,CLI01217,PRD004,V005,2,1642.23,0.0,Loja Física,Concluída
PED007451,2025-02-10,CLI02329,PRD014,V005,1,1248.65,0.0,E-commerce,Concluída
PED007452,2025-09-19,CLI02148,PRD004,V010,1,1574.97,0.0,Loja Física,Concluída
PED007453,2025-03-16,CLI02439,PRD004,V002,3,1609.99,0.08,E-commerce,Concluída
PED007454,2025-04-02,CLI00340,PRD001,V005,1,4246.94,0.03,Loja Física,Concluída
PED007455,2025-11-11,CLI02385,PRD010,V006,2,1597.6,0.05,E-commerce,Concluída
PED007456,2025-11-16,CLI01446,PRD012,V004,3,5452.72,0.0,Televendas,Concluída
PED007457,2025-10-06,CLI02046,PRD011,V004,1,2961.82,0.15,Loja Física,Concluída
PED007458,2025-04-23,CLI01019,PRD010,V002,2,1670.07,0.08,Marketplace,Concluída
PED007459,2025-07-31,CLI01696,PRD020,V003,1,640.22,0.03,Marketplace,Concluída
PED007460,2025-03-15,CLI01474,PRD008,V004,1,2243.23,0.08,E-commerce,Concluída
PED007461,2025-11-10,CLI00635,PRD017,V009,4,835.65,0.03,Marketplace,Concluída
PED007462,2025-01-31,CLI00381,PRD011,V004,2,2973.7,0.0,Marketplace,Concluída
PED007463,2025-09-29,CLI02011,PRD002,V002,1,3026.58,0.03,E-commerce,Concluída
PED007464,2025-07-06,CLI01448,PRD016,V009,1,2399.78,0.05,Televendas,Concluída
PED007465,2025-10-04,CLI01939,PRD010,V004,1,1650.02,0.03,E-commerce,Concluída
PED007466,2025-06-14,CLI01465,PRD011,V010,4,2840.21,0.03,Loja Física,Concluída
PED007467,2025-02-27,CLI00465,PRD003,V002,3,1026.71,0.08,Marketplace,Concluída
PED007468,2025-10-02,CLI01468,PRD008,V001,2,2317.02,0.1,E-commerce,Concluída
PED007469,2025-08-19,CLI00005,PRD018,V010,1,927.34,0.1,Loja Física,Concluída
PED007470,2025-06-19,CLI00446,PRD004,V001,4,1601.99,0.05,Loja Física,Concluída
PED007471,2025-05-17,CLI01450,PRD001,V001,3,4397.96,0.05,E-commerce,Concluída
PED007472,2025-05-06,CLI00976,PRD005,V007,1,378.61,0.05,Loja Física,Concluída
PED007473,2025-06-25,CLI01957,PRD008,V004,1,2234.33,0.03,Loja Física,Concluída
PED007474,2025-04-06,CLI01136,PRD016,V005,1,2339.43,0.08,Loja Física,Concluída
PED007475,2025-04-14,CLI01700,PRD011,V005,2,3060.36,0.0,E-commerce,Concluída
PED007476,2025-04-12,CLI01643,PRD019,V003,1,1074.88,0.1,Loja Física,Concluída
PED007477,2025-01-05,CLI00146,PRD008,V005,1,2329.37,0.0,Marketplace,Concluída
PED007478,2025-12-05,CLI02373,PRD007,V003,2,345.34,0.0,Marketplace,Concluída
PED007479,2025-03-28,CLI01041,PRD004,V003,2,1596.52,0.0,Marketplace,Concluída
PED007480,2025-03-02,CLI00206,PRD004,V003,2,1623.52,0.08,Loja Física,Concluída
PED007481,2025-02-25,CLI01669,PRD014,V002,2,1337.29,0.0,E-commerce,Concluída
PED007482,2025-12-27,CLI02372,PRD002,V006,1,3162.64,0.05,Loja Física,Concluída
PED007483,2025-06-24,CLI02140,PRD004,V006,2,1522.49,0.03,Televendas,Concluída
PED007484,2025-04-30,CLI02147,PRD018,V001,3,962.55,0.05,Loja Física,Concluída
PED007485,2025-05-28,CLI00491,PRD010,V005,2,1634.27,0.05,Loja Física,Concluída
PED007486,2025-02-02,CLI00973,PRD001,V008,4,4352.2,0.15,Loja Física,Concluída
PED007487,2025-04-25,CLI01307,PRD013,V001,3,1114.75,0.03,Televendas,Concluída
PED007488,2025-04-01,CLI01400,PRD008,V004,3,2243.07,0.03,Loja Física,Cancelada
PED007489,2025-10-21,CLI00240,PRD017,V010,2,864.16,0.0,Loja Física,Concluída
PED007490,2025-01-22,CLI00659,PRD012,V005,1,5542.29,0.03,Loja Física,Concluída
PED007491,2025-06-05,CLI00498,PRD001,V001,4,4458.37,0.08,Marketplace,Concluída
PED007492,2025-10-16,CLI01240,PRD004,V006,2,1599.88,0.0,E-commerce,Concluída
PED007493,2025-11-01,CLI00616,PRD005,V005,4,363.45,0.15,Televendas,Concluída
PED007494,2025-07-07,CLI02041,PRD013,V003,2,1082.08,0.0,Televendas,Concluída
PED007495,2025-03-23,CLI01258,PRD008,V001,2,2212.5,0.08,Marketplace,Concluída
PED007496,2025-05-04,CLI00019,PRD014,V009,1,1395.9,0.05,Loja Física,Concluída
PED007497,2025-03-23,CLI01997,PRD009,V009,1,2808.19,0.1,Televendas,Concluída
PED007498,2025-08-30,CLI02229,PRD006,V007,2,194.48,0.05,E-commerce,Concluída
PED007499,2025-04-17,CLI00762,PRD002,V001,5,2929.53,0.05,E-commerce,Cancelada
PED007500,2025-08-19,CLI01329,PRD004,V009,3,1621.53,0.0,E-commerce,Concluída
PED007501,2025-08-28,CLI00539,PRD007,V005,2,337.89,0.03,Marketplace,Concluída
PED007502,2025-12-10,CLI01535,PRD009,V005,2,2971.18,0.08,Televendas,Concluída
PED007503,2025-05-16,CLI01279,PRD020,V009,1,654.78,0.0,Televendas,Concluída
PED007504,2025-12-17,CLI01191,PRD004,V005,1,1594.28,0.08,E-commerce,Concluída
PED007505,2025-05-27,CLI00457,PRD012,V003,6,5385.07,0.03,Loja Física,Concluída
PED007506,2025-09-06,CLI00609,PRD003,V003,3,1032.87,0.03,Televendas,Cancelada
PED007507,2025-08-30,CLI00350,PRD013,V010,2,1099.54,0.05,Loja Física,Concluída
PED007508,2025-10-26,CLI00945,PRD001,V006,4,4361.82,0.0,E-commerce,Concluída
PED007509,2025-06-21,CLI00001,PRD011,V006,1,2926.17,0.05,Loja Física,Concluída
PED007510,2025-10-17,CLI01256,PRD003,V006,5,1009.32,0.1,E-commerce,Concluída
PED007511,2025-05-10,CLI00889,PRD003,V003,2,1093.82,0.0,E-commerce,Concluída
PED007512,2025-06-29,CLI01068,PRD009,V005,1,2848.35,0.0,Marketplace,Concluída
PED007513,2025-07-02,CLI01954,PRD007,V010,2,330.23,0.0,Televendas,Cancelada
PED007514,2025-09-15,CLI01462,PRD008,V002,1,2207.45,0.05,Televendas,Concluída
PED007515,2025-08-14,CLI02394,PRD006,V010,2,195.14,0.08,E-commerce,Concluída
PED007516,2025-01-29,CLI00079,PRD020,V003,1,677.57,0.1,E-commerce,Concluída
PED007517,2025-10-23,CLI00119,PRD005,V003,1,359.01,0.03,E-commerce,Cancelada
PED007518,2025-10-04,CLI01784,PRD009,V001,2,2835.92,0.0,E-commerce,Concluída
PED007519,2025-02-08,CLI02071,PRD017,V007,2,871.69,0.0,E-commerce,Concluída
PED007520,2025-12-18,CLI01369,PRD012,V004,1,5636.82,0.03,Televendas,Concluída
PED007521,2025-08-30,CLI00924,PRD006,V005,3,200.07,0.05,E-commerce,Concluída
PED007522,2025-02-01,CLI02282,PRD009,V006,1,2877.04,0.1,Loja Física,Concluída
PED007523,2025-06-29,CLI00686,PRD002,V007,2,2911.01,0.0,Marketplace,Concluída
PED007524,2025-11-02,CLI01236,PRD009,V010,2,2808.99,0.08,Loja Física,Concluída
PED007525,2025-04-13,CLI02443,PRD008,V006,1,2178.2,0.05,Loja Física,Concluída
PED007526,2025-12-07,CLI00093,PRD014,V002,6,1334.72,0.1,Marketplace,Concluída
PED007527,2025-06-02,CLI02003,PRD017,V008,2,844.6,0.1,Loja Física,Devolvida
PED007528,2025-03-24,CLI02031,PRD004,V001,1,1584.18,0.1,E-commerce,Concluída
PED007529,2025-05-11,CLI01243,PRD002,V009,2,3014.56,0.03,Marketplace,Concluída
PED007530,2025-07-11,CLI02354,PRD007,V003,2,336.36,0.03,E-commerce,Concluída
PED007531,2025-09-09,CLI00433,PRD009,V008,1,2838.37,0.0,E-commerce,Concluída
PED007532,2025-12-05,CLI01534,PRD007,V002,1,337.82,0.0,E-commerce,Concluída
PED007533,2025-03-13,CLI02179,PRD011,V005,2,2934.13,0.05,E-commerce,Concluída
PED007534,2025-12-17,CLI00956,PRD008,V007,2,2289.1,0.15,Televendas,Concluída
PED007535,2025-07-12,CLI00657,PRD020,V007,1,624.43,0.05,Marketplace,Concluída
PED007536,2025-02-16,CLI01372,PRD007,V001,1,345.85,0.03,Loja Física,Concluída
PED007537,2025-12-05,CLI01385,PRD002,V001,1,3013.44,0.0,E-commerce,Concluída
PED007538,2025-05-08,CLI02172,PRD006,V010,1,198.89,0.05,Loja Física,Concluída
PED007539,2025-08-15,CLI00865,PRD010,V006,2,1650.16,0.0,Loja Física,Concluída
PED007540,2025-09-12,CLI00211,PRD005,V009,1,363.81,0.0,E-commerce,Concluída
PED007541,2025-01-05,CLI02085,PRD005,V001,1,356.8,0.0,E-commerce,Concluída
PED007542,2025-03-22,CLI00140,PRD006,V005,1,199.01,0.1,E-commerce,Concluída
PED007543,2025-09-08,CLI00458,PRD014,V006,2,1380.65,0.03,E-commerce,Concluída
PED007544,2025-04-29,CLI02085,PRD020,V010,2,638.15,0.1,E-commerce,Concluída
PED007545,2025-01-04,CLI01827,PRD006,V008,1,194.57,0.05,Marketplace,Concluída
PED007546,2025-01-09,CLI00421,PRD003,V007,2,1052.07,0.05,Marketplace,Concluída
PED007547,2025-10-29,CLI00297,PRD007,V003,2,337.24,0.08,Marketplace,Concluída
PED007548,2025-02-26,CLI01761,PRD006,V010,1,193.29,0.1,E-commerce,Cancelada
PED007549,2025-02-06,CLI01574,PRD020,V004,1,652.97,0.0,Loja Física,Concluída
PED007550,2025-07-25,CLI02286,PRD008,V003,1,2244.01,0.0,Loja Física,Concluída
PED007551,2025-02-13,CLI01218,PRD012,V008,3,5678.71,0.0,Loja Física,Concluída
PED007552,2025-08-27,CLI00603,PRD019,V010,1,1078.21,0.03,Televendas,Devolvida
PED007553,2025-07-18,CLI00128,PRD011,V009,1,2876.34,0.0,E-commerce,Concluída
PED007554,2025-08-25,CLI02341,PRD005,V002,2,360.51,0.05,E-commerce,Cancelada
PED007555,2025-06-29,CLI00255,PRD010,V009,2,1662.58,0.03,E-commerce,Concluída
PED007556,2025-10-12,CLI02024,PRD007,V004,3,344.72,0.15,E-commerce,Concluída
PED007557,2025-08-24,CLI01561,PRD007,V003,1,346.59,0.08,Televendas,Concluída
PED007558,2025-06-01,CLI01712,PRD020,V010,1,637.21,0.08,Loja Física,Concluída
PED007559,2025-01-06,CLI01539,PRD005,V010,2,370.79,0.05,Marketplace,Concluída
PED007560,2025-04-10,CLI01334,PRD008,V004,3,2174.54,0.0,E-commerce,Concluída
PED007561,2025-02-17,CLI01676,PRD003,V001,6,1015.52,0.0,Loja Física,Concluída
PED007562,2025-01-06,CLI00557,PRD003,V003,2,1036.73,0.03,E-commerce,Concluída
PED007563,2025-04-10,CLI02380,PRD010,V006,2,1616.02,0.1,E-commerce,Concluída
PED007564,2025-03-17,CLI01457,PRD014,V001,1,1331.85,0.0,Loja Física,Concluída
PED007565,2025-01-29,CLI00504,PRD011,V003,6,2864.4,0.03,Loja Física,Concluída
PED007566,2025-04-25,CLI00115,PRD006,V002,2,195.81,0.08,E-commerce,Concluída
PED007567,2025-07-04,CLI01841,PRD001,V010,1,4417.38,0.03,Marketplace,Concluída
PED007568,2025-03-07,CLI01028,PRD008,V004,2,2238.05,0.1,E-commerce,Concluída
PED007569,2025-04-10,CLI01981,PRD008,V004,2,2218.57,0.1,E-commerce,Concluída
PED007570,2025-01-08,CLI01606,PRD014,V005,1,1326.77,0.0,E-commerce,Devolvida
PED007571,2025-01-19,CLI02369,PRD011,V001,3,3017.51,0.05,Televendas,Concluída
PED007572,2025-02-27,CLI02221,PRD018,V006,2,995.95,0.0,Televendas,Concluída
PED007573,2025-06-15,CLI01874,PRD015,V010,1,1551.33,0.03,Loja Física,Concluída
PED007574,2025-09-01,CLI00488,PRD006,V009,6,199.33,0.1,Loja Física,Concluída
PED007575,2025-10-15,CLI01737,PRD011,V003,5,2935.12,0.0,E-commerce,Concluída
PED007576,2025-08-18,CLI00105,PRD014,V001,1,1385.33,0.1,Loja Física,Concluída
PED007577,2025-08-14,CLI00471,PRD020,V008,2,649.24,0.15,Marketplace,Concluída
PED007578,2025-12-08,CLI00009,PRD007,V009,4,340.26,0.05,Loja Física,Concluída
PED007579,2025-04-04,CLI02219,PRD011,V010,1,3053.92,0.03,Loja Física,Cancelada
PED007580,2025-10-19,CLI02039,PRD007,V006,5,334.08,0.0,Marketplace,Concluída
PED007581,2025-12-08,CLI00867,PRD014,V005,1,1352.95,0.03,Loja Física,Concluída
PED007582,2025-07-27,CLI00905,PRD019,V008,3,1128.19,0.0,Loja Física,Concluída
PED007583,2025-11-03,CLI00783,PRD019,V007,2,1109.1,0.0,Marketplace,Concluída
PED007584,2025-02-20,CLI00291,PRD003,V008,1,1015.99,0.0,Loja Física,Concluída
PED007585,2025-11-17,CLI00757,PRD004,V003,3,1572.61,0.05,E-commerce,Concluída
PED007586,2025-07-25,CLI02011,PRD014,V010,1,1294.98,0.0,E-commerce,Concluída
PED007587,2025-03-22,CLI00275,PRD011,V001,1,3045.33,0.03,Loja Física,Concluída
PED007588,2025-01-23,CLI00250,PRD019,V001,1,1060.03,0.05,Loja Física,Concluída
PED007589,2025-09-20,CLI00588,PRD006,V007,1,200.34,0.0,Loja Física,Devolvida
PED007590,2025-06-07,CLI01394,PRD017,V006,1,823.22,0.03,E-commerce,Concluída
PED007591,2025-04-24,CLI02258,PRD012,V006,1,5862.66,0.0,Televendas,Concluída
PED007592,2025-05-23,CLI01619,PRD003,V010,1,1000.71,0.0,Marketplace,Concluída
PED007593,2025-12-28,CLI00798,PRD002,V009,1,2996.84,0.0,Marketplace,Concluída
PED007594,2025-06-06,CLI02255,PRD013,V008,1,1118.32,0.0,E-commerce,Concluída
PED007595,2025-01-29,CLI01222,PRD003,V002,3,1017.53,0.03,Marketplace,Concluída
PED007596,2025-04-13,CLI01084,PRD015,V001,1,1592.23,0.0,E-commerce,Concluída
PED007597,2025-02-23,CLI02395,PRD009,V002,3,2842.57,0.03,Televendas,Concluída
PED007598,2025-09-08,CLI01698,PRD008,V007,1,2290.43,0.08,E-commerce,Cancelada
PED007599,2025-10-20,CLI01408,PRD005,V008,1,370.29,0.05,E-commerce,Concluída
PED007600,2025-11-03,CLI00037,PRD020,V008,2,639.23,0.03,Loja Física,Concluída
PED007601,2025-08-20,CLI00593,PRD013,V002,1,1126.05,0.1,Marketplace,Concluída
PED007602,2025-10-08,CLI01300,PRD015,V003,2,1583.93,0.08,E-commerce,Concluída
PED007603,2025-06-02,CLI01500,PRD014,V004,2,1407.62,0.05,Marketplace,Concluída
PED007604,2025-08-18,CLI01110,PRD010,V007,1,1610.47,0.03,Marketplace,Concluída
PED007605,2025-02-09,CLI01128,PRD020,V001,1,635.78,0.0,Loja Física,Concluída
PED007606,2025-07-16,CLI00743,PRD010,V009,3,1635.13,0.03,E-commerce,Concluída
PED007607,2025-07-23,CLI00014,PRD009,V001,1,2775.95,0.05,Televendas,Cancelada
PED007608,2025-01-12,CLI02300,PRD005,V006,3,368.9,0.15,Loja Física,Concluída
PED007609,2025-07-20,CLI00295,PRD005,V010,2,359.87,0.15,Marketplace,Concluída
PED007610,2025-09-21,CLI01648,PRD014,V002,1,1303.78,0.0,E-commerce,Concluída
PED007611,2025-05-15,CLI01642,PRD006,V007,1,192.78,0.15,E-commerce,Concluída
PED007612,2025-07-18,CLI01414,PRD013,V006,1,1061.82,0.08,Televendas,Concluída
PED007613,2025-04-15,CLI01713,PRD020,V009,2,661.07,0.05,E-commerce,Concluída
PED007614,2025-04-09,CLI00328,PRD008,V006,6,2294.35,0.1,E-commerce,Concluída
PED007615,2025-02-17,CLI00914,PRD002,V009,1,2983.74,0.03,Marketplace,Concluída
PED007616,2025-04-30,CLI01702,PRD012,V005,5,5460.08,0.03,Loja Física,Concluída
PED007617,2025-10-21,CLI01452,PRD001,V002,1,4340.77,0.1,Loja Física,Concluída
PED007618,2025-12-08,CLI01144,PRD015,V007,1,1640.01,0.0,E-commerce,Concluída
PED007619,2025-08-21,CLI00606,PRD009,V010,2,2846.0,0.08,Marketplace,Concluída
PED007620,2025-08-16,CLI01752,PRD008,V005,6,2317.05,0.08,Marketplace,Concluída
PED007621,2025-08-13,CLI00038,PRD010,V009,2,1631.14,0.1,E-commerce,Concluída
PED007622,2025-06-23,CLI01841,PRD009,V009,3,2983.15,0.0,Loja Física,Concluída
PED007623,2025-06-04,CLI02025,PRD006,V007,2,190.83,0.05,Loja Física,Concluída
PED007624,2025-08-15,CLI02059,PRD005,V008,4,367.82,0.0,Loja Física,Cancelada
PED007625,2025-10-14,CLI01341,PRD007,V006,3,335.49,0.1,Televendas,Concluída
PED007626,2025-06-01,CLI01114,PRD018,V009,2,1023.04,0.05,E-commerce,Concluída
PED007627,2025-07-26,CLI00445,PRD002,V004,2,3045.85,0.05,Marketplace,Concluída
PED007628,2025-06-21,CLI02193,PRD006,V006,2,188.45,0.1,Loja Física,Concluída
PED007629,2025-04-15,CLI01797,PRD003,V001,5,1011.62,0.05,E-commerce,Concluída
PED007630,2025-04-16,CLI00914,PRD007,V002,2,347.84,0.05,Loja Física,Concluída
PED007631,2025-01-29,CLI00917,PRD002,V006,1,3042.89,0.03,Televendas,Concluída
PED007632,2025-06-10,CLI01659,PRD014,V008,4,1361.81,0.05,Loja Física,Concluída
PED007633,2025-09-18,CLI00520,PRD002,V001,2,3005.38,0.08,Loja Física,Concluída
PED007634,2025-09-08,CLI00896,PRD012,V001,2,5466.47,0.08,Loja Física,Concluída
PED007635,2025-12-26,CLI01530,PRD005,V001,2,370.35,0.0,Loja Física,Concluída
PED007636,2025-01-15,CLI02232,PRD008,V006,1,2219.41,0.03,E-commerce,Concluída
PED007637,2025-10-05,CLI02234,PRD004,V004,1,1607.53,0.03,Televendas,Concluída
PED007638,2025-10-18,CLI01061,PRD013,V001,1,1068.6,0.0,Televendas,Concluída
PED007639,2025-06-09,CLI01347,PRD020,V008,4,634.84,0.08,E-commerce,Concluída
PED007640,2025-04-14,CLI00525,PRD004,V006,2,1586.97,0.05,Marketplace,Concluída
PED007641,2025-05-11,CLI00420,PRD020,V001,3,634.27,0.0,E-commerce,Concluída
PED007642,2025-09-07,CLI02460,PRD006,V007,1,199.54,0.05,Marketplace,Concluída
PED007643,2025-11-11,CLI00083,PRD009,V010,6,2757.1,0.03,Loja Física,Cancelada
PED007644,2025-08-23,CLI00753,PRD013,V005,1,1097.13,0.08,E-commerce,Concluída
PED007645,2025-07-07,CLI01570,PRD004,V010,1,1579.93,0.0,Loja Física,Cancelada
PED007646,2025-08-27,CLI02273,PRD008,V005,5,2270.14,0.0,Televendas,Concluída
PED007647,2025-01-26,CLI01872,PRD001,V001,2,4348.62,0.0,E-commerce,Concluída
PED007648,2025-08-10,CLI02099,PRD013,V002,5,1071.88,0.03,Loja Física,Concluída
PED007649,2025-01-16,CLI00060,PRD007,V001,2,352.35,0.08,Loja Física,Concluída
PED007650,2025-12-17,CLI01344,PRD018,V004,1,960.41,0.05,E-commerce,Concluída
PED007651,2025-11-21,CLI00964,PRD005,V004,1,366.89,0.0,E-commerce,Cancelada
PED007652,2025-07-05,CLI00712,PRD020,V005,4,657.72,0.05,E-commerce,Concluída
PED007653,2025-05-17,CLI01403,PRD003,V005,2,1028.68,0.05,Marketplace,Concluída
PED007654,2025-09-25,CLI00174,PRD010,V009,2,1592.96,0.08,Marketplace,Concluída
PED007655,2025-08-21,CLI00725,PRD006,V001,1,192.49,0.0,E-commerce,Concluída
PED007656,2025-09-15,CLI00633,PRD003,V009,1,1068.85,0.08,E-commerce,Concluída
PED007657,2025-07-08,CLI00865,PRD002,V003,3,3030.52,0.05,Televendas,Concluída
PED007658,2025-03-28,CLI02219,PRD011,V010,5,2946.66,0.05,E-commerce,Concluída
PED007659,2025-01-27,CLI01572,PRD004,V002,1,1582.63,0.03,E-commerce,Concluída
PED007660,2025-04-14,CLI00709,PRD010,V002,1,1715.89,0.0,E-commerce,Concluída
PED007661,2025-07-13,CLI02149,PRD020,V002,1,632.13,0.0,E-commerce,Concluída
PED007662,2025-06-04,CLI00584,PRD006,V003,1,197.52,0.08,Televendas,Concluída
PED007663,2025-07-04,CLI02390,PRD001,V010,3,4421.61,0.05,E-commerce,Concluída
PED007664,2025-04-12,CLI00143,PRD003,V005,2,1001.93,0.05,E-commerce,Concluída
PED007665,2025-12-09,CLI02254,PRD002,V002,1,2936.89,0.05,E-commerce,Concluída
PED007666,2025-05-14,CLI01294,PRD008,V007,3,2242.47,0.0,Marketplace,Concluída
PED007667,2025-11-05,CLI00598,PRD014,V006,3,1371.16,0.03,Loja Física,Concluída
PED007668,2025-05-23,CLI01363,PRD006,V008,1,194.68,0.05,Televendas,Concluída
PED007669,2025-06-11,CLI01983,PRD003,V008,4,998.55,0.0,Loja Física,Concluída
PED007670,2025-08-09,CLI01720,PRD011,V008,2,2823.98,0.1,Loja Física,Concluída
PED007671,2025-04-07,CLI02468,PRD006,V002,1,193.06,0.0,Marketplace,Concluída
PED007672,2025-03-22,CLI02168,PRD010,V005,4,1583.41,0.05,Loja Física,concluida
PED007673,2025-05-19,CLI00667,PRD020,V007,1,658.57,0.03,Loja Física,Concluída
PED007674,2025-10-21,CLI00263,PRD005,V006,6,367.83,0.1,Televendas,Concluída
PED007675,2025-02-22,CLI01742,PRD009,V010,2,2863.24,0.08,E-commerce,Concluída
PED007676,2025-06-09,CLI00932,PRD016,V010,4,2331.13,0.03,Televendas,Concluída
PED007677,2025-09-03,CLI01413,PRD013,V009,1,1105.55,0.03,Loja Física,Concluída
PED007678,2025-09-15,CLI01539,PRD014,V003,1,1365.74,0.15,Loja Física,Concluída
PED007679,2025-06-08,CLI00221,PRD015,V006,4,1531.37,0.05,Loja Física,Concluída
PED007680,2025-01-30,CLI00478,PRD009,V009,3,2802.01,0.0,Loja Física,Concluída
PED007681,2025-01-06,CLI02111,PRD009,V003,4,2913.31,0.08,E-commerce,Concluída
PED007682,2025-06-21,CLI00678,PRD013,V008,1,1092.77,0.03,Televendas,Cancelada
PED007683,2025-10-23,CLI00947,PRD013,V003,2,1101.93,0.0,E-commerce,Cancelada
PED007684,2025-01-11,CLI01989,PRD012,V002,1,5387.25,0.08,Marketplace,Concluída
PED007685,2025-11-20,CLI00573,PRD007,V003,1,335.55,0.15,E-commerce,Concluída
PED007686,2025-09-04,CLI00086,PRD017,V010,2,863.56,0.0,Loja Física,Concluída
PED007687,2025-01-03,CLI01227,PRD004,V010,3,1578.02,0.03,Loja Física,Concluída
PED007688,2025-05-06,CLI02234,PRD003,V009,2,996.38,0.0,E-commerce,Concluída
PED007689,2025-03-22,CLI01339,PRD006,V003,1,193.55,0.1,Loja Física,Concluída
PED007690,2025-12-13,CLI01962,PRD005,V008,3,358.7,0.1,E-commerce,Concluída
PED007691,2025-07-22,CLI01379,PRD012,V003,6,5744.78,0.1,E-commerce,Concluída
PED007692,2025-04-29,CLI00812,PRD004,V002,1,1571.74,0.0,E-commerce,Concluída
PED007693,2025-04-12,CLI02176,PRD011,V003,3,2931.94,0.0,E-commerce,Concluída
PED007694,2025-07-25,CLI00868,PRD009,V002,4,3008.95,0.05,Marketplace,Cancelada
PED007695,2025-01-02,CLI00632,PRD003,V007,1,1007.43,0.0,E-commerce,Concluída
PED007696,2025-04-04,CLI00609,PRD005,V007,2,366.5,0.0,E-commerce,Concluída
PED007697,2025-03-02,CLI00630,PRD009,V001,5,2811.86,0.0,Loja Física,Concluída
PED007698,2025-08-15,CLI00019,PRD014,V002,3,1355.72,0.08,Marketplace,Concluída
PED007699,2025-09-02,CLI02174,PRD007,V005,1,361.94,0.05,E-commerce,Concluída
PED007700,2025-06-20,CLI01767,PRD004,V002,2,1637.16,0.08,Televendas,Concluída
PED007701,2025-02-21,CLI00171,PRD005,V009,3,361.92,0.0,Marketplace,Concluída
PED007702,2025-05-16,CLI01990,PRD002,V005,2,2922.48,0.08,E-commerce,Concluída
PED007703,2025-11-04,CLI01979,PRD001,V005,1,4347.68,0.05,E-commerce,Concluída
PED007704,2025-03-16,CLI00459,PRD020,V001,1,637.02,0.03,E-commerce,Concluída
PED007705,2025-03-01,CLI00683,PRD002,V008,3,2885.1,0.05,E-commerce,Concluída
PED007706,2025-02-10,CLI00997,PRD002,V008,2,2834.33,0.08,E-commerce,Concluída
PED007707,2025-10-26,CLI01549,PRD018,V008,5,949.27,0.0,E-commerce,Concluída
PED007708,2025-02-13,CLI01136,PRD012,V006,1,5506.05,0.08,Televendas,Concluída
PED007709,2025-08-01,CLI00644,PRD008,V003,3,2331.9,0.05,E-commerce,Concluída
PED007710,2025-12-31,CLI00224,PRD011,V001,1,2882.28,0.05,Loja Física,Concluída
PED007711,2025-08-23,CLI02355,PRD020,V004,3,649.25,0.1,Loja Física,Concluída
PED007712,2025-05-31,CLI00725,PRD002,V006,4,2866.34,0.08,Loja Física,Concluída
PED007713,2025-03-17,CLI01968,PRD005,V002,1,353.34,0.05,Televendas,Concluída
PED007714,2025-01-01,CLI00724,PRD017,V001,1,801.43,0.03,E-commerce,Concluída
PED007715,2025-02-26,CLI02430,PRD015,V003,4,1657.79,0.05,Marketplace,Concluída
PED007716,2025-12-14,CLI02143,PRD020,V001,3,649.35,0.08,E-commerce,Concluída
PED007717,2025-02-22,CLI00558,PRD006,V001,2,197.65,0.15,Televendas,Devolvida
PED007718,2025-01-08,CLI00266,PRD020,V005,2,654.8,0.08,E-commerce,Concluída
PED007719,2025-10-25,CLI01844,PRD006,V008,4,209.29,0.08,Marketplace,Concluída
PED007720,2025-06-02,CLI00592,PRD013,V005,3,1073.62,0.05,E-commerce,Concluída
PED007721,2025-05-11,CLI01490,PRD018,V001,1,945.63,0.08,Loja Física,Concluída
PED007722,2025-09-19,CLI01136,PRD003,V004,2,1087.53,0.0,E-commerce,Concluída
PED007723,2025-07-10,CLI01228,PRD004,V001,1,1555.99,0.03,Loja Física,Concluída
PED007724,2025-11-30,CLI00347,PRD010,V007,3,1698.06,0.05,Loja Física,Concluída
PED007725,2025-06-20,CLI00212,PRD017,V003,3,852.08,0.05,E-commerce,Concluída
PED007726,2025-09-18,CLI00506,PRD002,V004,1,3026.09,0.05,Loja Física,Concluída
PED007727,2025-11-17,CLI01451,PRD017,V010,1,823.0,0.15,E-commerce,Concluída
PED007728,2025-06-19,CLI02388,PRD006,V006,1,209.59,0.1,E-commerce,Concluída
PED007729,2025-04-14,CLI00654,PRD007,V008,1,338.71,0.08,Televendas,Concluída
PED007730,2025-12-22,CLI02172,PRD006,V004,5,193.38,0.08,E-commerce,Concluída
PED007731,2025-03-24,CLI01445,PRD019,V010,3,1105.89,0.08,Marketplace,Concluída
PED007732,2025-01-15,CLI00320,PRD002,V008,2,2945.39,0.05,E-commerce,Concluída
PED007733,2025-07-31,CLI01552,PRD010,V006,1,1662.13,0.0,E-commerce,Concluída
PED007734,2025-12-27,CLI00680,PRD003,V006,1,1003.09,0.1,E-commerce,Concluída
PED007735,2025-02-01,CLI01273,PRD020,V007,2,648.5,0.0,Marketplace,Concluída
PED007736,2025-11-07,CLI02176,PRD015,V002,1,1546.42,0.08,Loja Física,Concluída
PED007737,2025-10-31,CLI02108,PRD004,V003,1,1573.95,0.0,Loja Física,Cancelada
PED007738,2025-12-06,CLI00878,PRD006,V007,5,192.2,0.05,Marketplace,Concluída
PED007739,2025-06-03,CLI00709,PRD007,V005,2,349.55,0.03,Loja Física,Concluída
PED007740,2025-04-03,CLI01105,PRD007,V008,3,338.98,0.08,Loja Física,Concluída
PED007741,2025-07-06,CLI01529,PRD016,V006,1,2335.78,0.1,Loja Física,Concluída
PED007742,2025-02-21,CLI00457,PRD009,V001,1,2893.3,0.0,Loja Física,Concluída
PED007743,2025-11-04,CLI02241,PRD008,V007,4,2333.08,0.0,Loja Física,Concluída
PED007744,2025-08-31,CLI01368,PRD013,V007,3,1060.38,0.1,E-commerce,Concluída
PED007745,2025-06-26,CLI00573,PRD008,V004,3,2280.93,0.0,Televendas,Concluída
PED007746,2025-07-08,CLI00363,PRD002,V008,2,2925.58,0.08,Marketplace,Concluída
PED007747,2025-09-17,CLI01548,PRD002,V004,1,2978.05,0.08,Loja Física,Concluída
PED007748,2025-07-10,CLI01310,PRD006,V002,2,202.07,0.08,Loja Física,Concluída
PED007749,2025-11-03,CLI00580,PRD010,V002,1,1548.22,0.0,Televendas,Concluída
PED007750,2025-12-04,CLI02297,PRD002,V010,1,2924.59,0.08,E-commerce,Concluída
PED007751,2025-12-13,CLI01491,PRD009,V004,2,2846.18,0.15,E-commerce,Concluída
PED007752,2025-08-15,CLI01194,PRD005,V005,1,363.98,0.03,E-commerce,Concluída
PED007753,2025-09-29,CLI00723,PRD013,V004,1,1118.53,0.08,Loja Física,Concluída
PED007754,2025-04-24,CLI02054,PRD001,V008,1,4181.54,0.0,Loja Física,Concluída
PED007755,2025-01-14,CLI02174,PRD008,V007,1,2348.69,0.15,E-commerce,Concluída
PED007756,2025-05-27,CLI01436,PRD001,V009,4,4423.69,0.0,E-commerce,Concluída
PED007757,2025-11-15,CLI02366,PRD006,V009,5,195.65,0.03,Televendas,Concluída
PED007758,2025-02-18,CLI00919,PRD001,V010,1,4206.45,0.0,Loja Física,Concluída
PED007759,2025-07-19,CLI00145,PRD008,V004,1,2235.96,0.15,Loja Física,Concluída
PED007760,2025-03-12,CLI02356,PRD014,V006,3,1376.64,0.05,Televendas,Concluída
PED007761,2025-06-06,CLI01742,PRD002,V004,1,2995.64,0.0,Marketplace,Concluída
PED007762,2025-02-22,CLI02493,PRD014,V008,3,1336.17,0.0,Loja Física,Concluída
PED007763,2025-09-26,CLI01852,PRD010,V008,1,1604.74,0.1,E-commerce,Concluída
PED007764,2025-10-23,CLI00814,PRD008,V003,2,2310.08,0.0,E-commerce,Concluída
PED007765,2025-10-04,CLI01720,PRD010,V009,1,1638.52,0.05,Loja Física,Concluída
PED007766,2025-09-15,CLI02472,PRD006,V003,3,195.67,0.05,Marketplace,Concluída
PED007767,2025-03-27,CLI01114,PRD013,V010,2,1082.85,0.08,Loja Física,Concluída
PED007768,2025-07-13,CLI02461,PRD015,V009,1,1544.77,0.05,Loja Física,Concluída
PED007769,2025-02-08,CLI00916,PRD015,V001,1,1538.1,0.08,E-commerce,Concluída
PED007770,2025-05-17,CLI00798,PRD005,V004,2,346.85,0.0,Marketplace,Concluída
PED007771,2025-07-04,CLI00964,PRD011,V004,6,2890.99,0.03,Televendas,Concluída
PED007772,2025-09-02,CLI01140,PRD003,V009,2,989.13,0.0,E-commerce,Concluída
PED007773,2025-02-05,CLI02335,PRD008,V008,1,2295.96,0.03,Loja Física,Concluída
PED007774,2025-10-24,CLI00103,PRD001,V001,2,4293.94,0.05,E-commerce,Concluída
PED007775,2025-06-17,CLI00380,PRD003,V009,1,1025.58,0.05,Loja Física,Concluída
PED007776,2025-11-18,CLI00041,PRD011,V003,4,2933.74,0.1,Loja Física,Concluída
PED007777,2025-07-12,CLI01401,PRD018,V004,3,949.96,0.1,Loja Física,Concluída
PED007778,2025-07-19,CLI00396,PRD001,V002,1,4238.55,0.03,Loja Física,Concluída
PED007779,2025-09-10,CLI02424,PRD009,V002,2,2878.62,0.05,E-commerce,Concluída
PED007780,2025-10-27,CLI00672,PRD011,V006,2,3075.15,0.08,Marketplace,Concluída
PED007781,2025-02-27,CLI00948,PRD020,V001,1,660.85,0.15,Loja Física,Concluída
PED007782,2025-07-06,CLI02230,PRD011,V001,2,3030.43,0.0,E-commerce,Concluída
PED007783,2025-01-11,CLI01658,PRD002,V008,2,2896.48,0.05,Loja Física,Concluída
PED007784,2025-06-23,CLI00819,PRD003,V004,2,1030.78,0.03,E-commerce,Concluída
PED007785,2025-10-24,CLI02347,PRD011,V007,2,2921.93,0.03,E-commerce,Concluída
PED007786,2025-11-12,CLI01793,PRD004,V010,2,1662.72,0.05,Loja Física,Concluída
PED007787,2025-04-14,CLI00060,PRD020,V001,2,660.96,0.0,Marketplace,Concluída
PED007788,2025-05-22,CLI02367,PRD019,V008,2,1086.45,0.0,E-commerce,Concluída
PED007789,2025-07-21,CLI00066,PRD020,V002,3,609.18,0.08,Televendas,Concluída
PED007790,2025-05-25,CLI01316,PRD005,V008,2,350.1,0.0,Televendas,Concluída
PED007791,2025-03-06,CLI00261,PRD013,V004,2,1102.61,0.03,Loja Física,Concluída
PED007792,2025-04-22,CLI02099,PRD012,V002,1,5466.21,0.05,Marketplace,Concluída
PED007793,2025-05-28,CLI02057,PRD001,V003,2,4354.8,0.05,Marketplace,Devolvida
PED007794,2025-07-09,CLI01040,PRD005,V004,2,366.08,0.05,E-commerce,Cancelada
PED007795,2025-12-03,CLI00830,PRD004,V008,1,1650.81,0.15,Marketplace,Cancelada
PED007796,2025-07-18,CLI00639,PRD006,V007,1,193.0,0.03,E-commerce,Concluída
PED007797,2025-05-22,CLI02320,PRD020,V008,2,655.71,0.0,E-commerce,Concluída
PED007798,2025-08-30,CLI01931,PRD017,V001,1,888.05,0.0,E-commerce,Concluída
PED007799,2025-10-10,CLI00277,PRD005,V010,1,373.42,0.05,Marketplace,Concluída
PED007800,2025-06-07,CLI01609,PRD009,V005,1,2824.75,0.03,Televendas,Concluída
PED007801,2025-06-28,CLI02334,PRD003,V002,2,1043.38,0.1,Loja Física,Concluída
PED007802,2025-03-21,CLI01653,PRD005,V010,6,367.32,0.05,E-commerce,Concluída
PED007803,2025-11-12,CLI00825,PRD001,V008,4,4369.03,0.03,Loja Física,Concluída
PED007804,2025-11-13,CLI00826,PRD011,V001,6,2918.18,0.1,Marketplace,Cancelada
PED007805,2025-03-05,CLI02194,PRD011,V005,5,2809.43,0.08,Loja Física,Concluída
PED007806,2025-05-07,CLI01242,PRD017,V010,1,835.2,0.08,Loja Física,Concluída
PED007807,2025-04-10,CLI00710,PRD018,V007,1,952.55,0.05,Marketplace,Concluída
PED007808,2025-12-03,CLI00975,PRD003,V002,1,1003.08,0.0,E-commerce,Concluída
PED007809,2025-01-24,CLI00665,PRD014,V008,1,1345.91,0.05,E-commerce,Concluída
PED007810,2025-03-17,CLI02259,PRD002,V002,3,3058.51,0.0,E-commerce,Concluída
PED007811,2025-04-25,CLI00176,PRD006,V004,4,194.77,0.05,Marketplace,Concluída
PED007812,2025-07-24,CLI02329,PRD009,V002,2,2705.02,0.1,Loja Física,Concluída
PED007813,2025-04-01,CLI01365,PRD001,V007,4,4353.91,0.05,E-commerce,Concluída
PED007814,2025-07-15,CLI00283,PRD003,V010,3,1042.83,0.0,E-commerce,Concluída
PED007815,2025-09-30,CLI01433,PRD005,V001,2,362.41,0.0,E-commerce,Concluída
PED007816,2025-10-30,CLI01771,PRD002,V007,1,2939.69,0.1,E-commerce,Concluída
PED007817,2025-02-06,CLI02102,PRD020,V003,5,626.68,0.0,E-commerce,Concluída
PED007818,2025-02-20,CLI00657,PRD005,V008,2,368.54,0.05,E-commerce,Concluída
PED007819,2025-02-04,CLI01474,PRD008,V002,1,2288.37,0.08,Loja Física,Concluída
PED007820,2025-11-29,CLI01788,PRD020,V004,1,635.15,0.0,E-commerce,Concluída
PED007821,2025-08-27,CLI01980,PRD009,V003,3,2755.3,0.08,E-commerce,Concluída
PED007822,2025-07-13,CLI00640,PRD007,V009,3,343.88,0.0,E-commerce,Concluída
PED007823,2025-10-16,CLI00218,PRD020,V001,2,631.65,0.08,Televendas,Concluída
PED007824,2025-08-02,CLI01113,PRD004,V006,6,1620.75,0.0,Televendas,Concluída
PED007825,2025-03-27,CLI00689,PRD003,V002,1,1039.83,0.0,E-commerce,Concluída
PED007826,2025-07-06,CLI01026,PRD009,V006,5,3011.38,0.0,Loja Física,Concluída
PED007827,2025-09-14,CLI02045,PRD008,V008,2,2264.0,0.1,Loja Física,Concluída
PED007828,2025-01-14,CLI02042,PRD015,V008,3,1648.63,0.05,E-commerce,Cancelada
PED007829,2025-08-10,CLI00560,PRD001,V001,4,4375.77,0.08,Televendas,Concluída
PED007830,2025-07-01,CLI00881,PRD011,V008,3,2887.51,0.05,Loja Física,Concluída
PED007831,2025-01-26,CLI00583,PRD013,V003,1,1056.79,0.08,E-commerce,Concluída
PED007832,2025-04-07,CLI02284,PRD020,V007,4,631.98,0.05,E-commerce,Concluída
PED007833,2025-06-13,CLI02292,PRD003,V010,2,1046.85,0.03,E-commerce,Concluída
PED007834,2025-05-06,CLI00260,PRD005,V002,1,361.71,0.05,E-commerce,Concluída
PED007835,2025-04-16,CLI01429,PRD020,V004,2,616.45,0.0,Marketplace,Concluída
PED007836,2025-08-25,CLI00588,PRD011,V009,2,3011.36,0.1,Marketplace,Concluída
PED007837,2025-05-28,CLI02304,PRD001,V002,2,4528.06,0.1,E-commerce,Concluída
PED007838,2025-07-01,CLI00591,PRD002,V003,1,2855.29,0.0,Loja Física,Concluída
PED007839,2025-10-19,CLI00753,PRD015,V006,1,1609.82,0.1,E-commerce,Concluída
PED007840,2025-02-04,CLI00640,PRD009,V010,1,2983.2,0.0,E-commerce,Concluída
PED007841,2025-05-12,CLI01169,PRD009,V003,3,2734.2,0.05,Loja Física,Concluída
PED007842,2025-01-27,CLI01496,PRD018,V004,1,958.08,0.08,Marketplace,Concluída
PED007843,2025-12-05,CLI01133,PRD004,V008,2,1571.29,0.0,Marketplace,Concluída
PED007844,2025-03-09,CLI00974,PRD003,V002,2,1060.96,0.0,E-commerce,Concluída
PED007845,2025-10-27,CLI02233,PRD010,V004,1,1627.63,0.08,Televendas,Concluída
PED007846,2025-03-11,CLI01145,PRD018,V004,1,958.38,0.03,E-commerce,Concluída
PED007847,2025-04-29,CLI02030,PRD005,V005,1,364.35,0.05,Televendas,Concluída
PED007848,2025-08-11,CLI02472,PRD012,V006,4,5725.25,0.08,Marketplace,Concluída
PED007849,2025-10-31,CLI02259,PRD003,V003,5,1034.14,0.0,Marketplace,Concluída
PED007850,2025-03-06,CLI02063,PRD003,V004,1,1023.55,0.0,Loja Física,Devolvida
PED007851,2025-03-19,CLI00357,PRD019,V010,1,1083.17,0.15,E-commerce,Concluída
PED007852,2025-11-18,CLI01082,PRD002,V009,2,3042.92,0.05,E-commerce,Concluída
PED007853,2025-04-28,CLI00912,PRD001,V010,1,4221.48,0.05,Marketplace,Concluída
PED007854,2025-03-18,CLI01871,PRD015,V007,2,1569.45,0.03,Televendas,Concluída
PED007855,2025-09-29,CLI00280,PRD006,V006,2,192.22,0.15,Loja Física,Concluída
PED007856,2025-02-03,CLI00324,PRD007,V003,2,331.69,0.0,Marketplace,Concluída
PED007857,2025-11-13,CLI01432,PRD015,V002,1,1493.77,0.0,Loja Física,Concluída
PED007858,2025-11-16,CLI00806,PRD003,V006,4,1022.41,0.03,Marketplace,Concluída
PED007859,2025-11-09,CLI02028,PRD011,V005,1,3015.66,0.08,E-commerce,Concluída
PED007860,2025-04-18,CLI02333,PRD006,V008,1,187.07,0.0,E-commerce,Concluída
PED007861,2025-02-11,CLI00006,PRD002,V001,4,3034.28,0.03,E-commerce,Concluída
PED007862,2025-06-05,CLI02448,PRD012,V009,1,5421.02,0.05,Marketplace,Concluída
PED007863,2025-05-03,CLI01514,PRD006,V002,1,191.6,0.05,E-commerce,Cancelada
PED007864,2025-12-17,CLI02152,PRD018,V004,1,977.73,0.0,Loja Física,Concluída
PED007865,2025-08-19,CLI01986,PRD019,V004,3,1126.67,0.05,E-commerce,Concluída
PED007866,2025-12-11,CLI01612,PRD017,V010,2,885.63,0.03,E-commerce,Concluída
PED007867,2025-10-02,CLI01503,PRD006,V008,2,198.23,0.03,E-commerce,Concluída
PED007868,2025-09-18,CLI02030,PRD004,V001,1,1602.57,0.0,Loja Física,Concluída
PED007869,2025-02-10,CLI00159,PRD018,V009,1,978.89,0.15,Televendas,Concluída
PED007870,2025-01-26,CLI00356,PRD008,V007,1,2408.89,0.05,Loja Física,Concluída
PED007871,2025-01-17,CLI00807,PRD013,V001,2,1077.49,0.0,Loja Física,Concluída
PED007872,2025-08-05,CLI01007,PRD017,V008,1,877.88,0.03,E-commerce,Cancelada
PED007873,2025-03-15,CLI01647,PRD005,V001,2,355.21,0.0,E-commerce,Concluída
PED007874,2025-12-28,CLI01493,PRD002,V005,3,2931.49,0.05,E-commerce,Concluída
PED007875,2025-02-18,CLI02236,PRD011,V002,2,3066.33,0.08,Loja Física,Concluída
PED007876,2025-12-12,CLI01488,PRD010,V001,2,1644.79,0.0,E-commerce,Concluída
PED007877,2025-09-01,CLI01055,PRD005,V006,2,362.57,0.1,E-commerce,Concluída
PED007878,2025-02-08,CLI00681,PRD010,,1,1667.17,0.03,E-commerce,Concluída
PED007879,2025-01-22,CLI02185,PRD015,V005,2,1535.06,0.0,Loja Física,Concluída
PED007880,2025-05-25,CLI01579,PRD006,V004,1,194.67,0.0,E-commerce,Concluída
PED007881,2025-05-04,CLI01228,PRD004,V006,3,1579.62,0.0,Marketplace,Concluída
PED007882,2025-04-26,CLI00711,PRD013,V002,2,1094.44,0.08,Marketplace,Concluída
PED007883,2025-07-12,CLI01338,PRD015,V001,2,1584.49,0.05,Loja Física,Concluída
PED007884,2025-02-17,CLI01882,PRD020,V002,4,636.45,0.08,E-commerce,Concluída
PED007885,2025-02-17,CLI00284,PRD003,V001,1,1088.25,0.0,E-commerce,Concluída
PED007886,2025-09-11,CLI01197,PRD018,V008,1,968.74,0.03,Loja Física,Concluída
PED007887,2025-12-28,CLI02043,PRD014,V007,4,1345.69,0.03,E-commerce,Concluída
PED007888,2025-04-10,CLI01352,PRD013,V002,1,1121.89,0.03,E-commerce,Concluída
PED007889,2025-12-07,CLI00121,PRD006,V006,1,192.52,0.0,Televendas,Concluída
PED007890,2025-05-06,CLI02361,PRD001,V005,1,4309.97,0.0,Loja Física,Concluída
PED007891,2025-05-03,CLI00649,PRD008,V002,1,2284.61,0.15,E-commerce,Concluída
PED007892,2025-02-02,CLI02441,PRD005,V010,2,347.25,0.05,Televendas,Concluída
PED007893,2025-06-04,CLI00505,PRD005,V010,3,358.41,0.0,E-commerce,Concluída
PED007894,2025-07-01,CLI02015,PRD020,V008,3,679.28,0.08,Marketplace,Concluída
PED007895,2025-08-31,CLI00795,PRD003,V009,2,1083.1,0.03,Marketplace,Concluída
PED007896,2025-02-27,CLI01087,PRD020,V006,3,660.64,0.08,Marketplace,Concluída
PED007897,2025-03-10,CLI00874,PRD008,V009,3,2335.49,0.1,Marketplace,Concluída
PED007898,2025-06-07,CLI01128,PRD017,V006,1,864.19,0.0,Loja Física,Concluída
PED007899,2025-01-26,CLI01984,PRD005,V002,2,356.66,0.15,Marketplace,Concluída
PED007900,2025-02-22,CLI01291,PRD011,V002,1,3057.13,0.0,Loja Física,Concluída
PED007901,2025-08-18,CLI00169,PRD009,V009,1,2794.83,0.0,Marketplace,Concluída
PED007902,2025-12-15,CLI01922,PRD020,V005,3,661.79,0.05,E-commerce,Concluída
PED007903,2025-07-29,CLI00283,PRD003,V008,3,1022.56,0.08,Marketplace,Concluída
PED007904,2025-02-22,CLI01827,PRD004,V002,4,1587.37,0.0,Loja Física,Cancelada
PED007905,2025-12-28,CLI02079,PRD020,V005,2,654.85,0.0,Loja Física,Concluída
PED007906,2025-07-10,CLI00696,PRD002,V001,1,3145.89,0.0,Loja Física,Concluída
PED007907,2025-09-19,CLI00745,PRD011,V003,1,3041.35,0.03,E-commerce,Concluída
PED007908,2025-03-13,CLI01137,PRD001,V002,1,4403.81,0.03,Loja Física,Concluída
PED007909,2025-07-31,CLI01823,PRD002,V003,1,2998.37,0.0,Loja Física,Concluída
PED007910,2025-01-28,CLI01693,PRD010,V007,2,1676.81,0.15,Marketplace,Concluída
PED007911,2025-08-17,CLI01568,PRD009,V001,2,2960.44,0.08,Marketplace,Concluída
PED007912,2025-03-15,CLI00188,PRD010,V002,1,1572.29,0.15,E-commerce,Concluída
PED007913,2025-11-28,CLI02292,PRD008,V007,1,2261.22,0.0,Marketplace,Concluída
PED007914,2025-01-20,CLI00268,PRD014,V002,1,1306.92,0.0,E-commerce,Concluída
PED007915,2025-08-27,CLI01633,PRD020,V006,3,642.62,0.05,Marketplace,Concluída
PED007916,2025-02-20,CLI02061,PRD005,V009,1,349.21,0.05,E-commerce,Concluída
PED007917,2025-09-08,CLI01814,PRD006,V008,1,187.94,0.05,Loja Física,Cancelada
PED007918,2025-06-30,CLI02324,PRD006,V002,2,190.34,0.0,E-commerce,Concluída
PED007919,2025-12-20,CLI00297,PRD014,V002,1,1323.67,0.08,Televendas,Concluída
PED007920,2025-08-26,CLI00448,PRD006,V008,1,199.72,0.05,Loja Física,Concluída
PED007921,2025-05-16,CLI00487,PRD012,V004,3,5398.28,0.03,Loja Física,Concluída
PED007922,2025-02-01,CLI02292,PRD008,V005,1,2219.33,0.05,Marketplace,Concluída
PED007923,2025-08-06,CLI02418,PRD010,V005,1,1660.95,0.0,Loja Física,Concluída
PED007924,2025-06-10,CLI02139,PRD017,,1,859.78,0.0,E-commerce,Concluída
PED007925,2025-01-20,CLI01673,PRD009,V005,1,2984.56,0.15,Loja Física,Concluída
PED007926,2025-08-01,CLI00367,PRD008,V001,4,2321.43,0.05,Loja Física,Concluída
PED007927,2025-03-18,CLI01062,PRD005,V001,2,351.3,0.0,Marketplace,Concluída
PED007928,2025-03-27,CLI00366,PRD009,V001,2,2814.75,0.0,Televendas,Concluída
PED007929,2025-01-04,CLI00253,PRD005,V003,2,367.28,0.0,E-commerce,Concluída
PED007930,2025-05-16,CLI01228,PRD017,V009,1,834.74,0.1,Marketplace,Concluída
PED007931,2025-03-21,CLI01904,PRD007,V010,1,339.21,0.08,Loja Física,Concluída
PED007932,2025-01-27,CLI01968,PRD002,V005,1,2865.65,0.05,Loja Física,Concluída
PED007933,2025-06-08,CLI01572,PRD004,V001,3,1552.95,0.15,E-commerce,Concluída
PED007934,2025-03-22,CLI01229,PRD009,V001,3,2952.87,0.03,Loja Física,Concluída
PED007935,2025-02-18,CLI02442,PRD019,V009,1,1095.49,0.1,E-commerce,Concluída
PED007936,2025-06-20,CLI02055,PRD006,V004,3,193.73,0.03,Televendas,Concluída
PED007937,2025-01-24,CLI01936,PRD005,V009,1,356.15,0.08,Loja Física,Concluída
PED007938,2025-12-28,CLI00332,PRD007,V006,1,356.64,0.1,Televendas,Concluída
PED007939,2025-06-21,CLI00158,PRD020,V009,1,635.54,0.03,E-commerce,Concluída
PED007940,2025-12-30,CLI00619,PRD017,V002,1,863.76,0.0,Loja Física,Concluída
PED007941,2025-11-18,CLI02231,PRD003,V009,1,1058.31,0.0,E-commerce,Concluída
PED007942,2025-12-24,CLI01822,PRD010,V006,4,1704.09,0.0,E-commerce,Concluída
PED007943,2025-07-18,CLI00646,PRD015,V005,1,1536.69,0.0,Marketplace,Concluída
PED007944,2025-06-04,CLI01273,PRD014,V006,1,1295.28,0.03,Marketplace,Concluída
PED007945,2025-09-20,CLI00020,PRD008,V004,1,2205.83,0.05,E-commerce,Concluída
PED007946,2025-01-30,CLI01025,PRD013,V007,1,1105.27,0.0,E-commerce,Concluída
PED007947,2025-11-03,CLI01377,PRD010,V008,1,1726.58,0.1,E-commerce,Concluída
PED007948,2025-04-29,CLI02090,PRD004,V009,1,1636.12,0.0,Loja Física,Concluída
PED007949,2025-01-03,CLI01692,PRD001,V010,1,4294.83,0.0,Televendas,Concluída
PED007950,2025-03-28,CLI00350,PRD006,V005,1,202.67,0.0,Loja Física,Concluída
PED007951,2025-03-30,CLI00147,PRD001,V008,1,4315.62,0.15,E-commerce,Concluída
PED007952,2025-01-06,CLI01021,PRD007,V009,2,334.87,0.03,Marketplace,Concluída
PED007953,2025-09-02,CLI02360,PRD017,V001,5,846.59,0.0,Loja Física,Concluída
PED007954,2025-02-04,CLI02259,PRD017,V005,1,841.26,0.0,E-commerce,Concluída
PED007955,2025-11-06,CLI00007,PRD001,V008,2,4290.2,0.03,Loja Física,Concluída
PED007956,2025-06-15,CLI02276,PRD001,V005,2,4500.21,0.15,Loja Física,Concluída
PED007957,2025-09-20,CLI00062,PRD012,V002,2,5439.35,0.05,E-commerce,Concluída
PED007958,2025-05-04,CLI00918,PRD008,V007,2,2178.4,0.03,Televendas,Concluída
PED007959,2025-02-18,CLI00036,PRD003,V005,2,1050.91,0.03,E-commerce,Concluída
PED007960,2025-03-07,CLI01067,PRD016,V007,4,2290.57,0.0,Marketplace,Concluída
PED007961,2025-08-24,CLI01833,PRD004,V001,1,1568.37,0.05,E-commerce,Concluída
PED007962,2025-09-19,CLI00191,PRD002,V001,2,3046.14,0.03,Marketplace,Concluída
PED007963,2025-04-08,CLI02469,PRD014,V007,2,1317.9,0.08,Marketplace,Concluída
PED007964,2025-05-11,CLI00536,PRD010,V010,4,1626.06,0.0,E-commerce,Concluída
PED007965,2025-12-11,CLI02072,PRD007,V007,2,342.34,0.0,E-commerce,Concluída
PED007966,2025-11-07,CLI00045,PRD013,V010,6,1077.66,0.05,E-commerce,Concluída
PED007967,2025-05-31,CLI00505,PRD019,V009,2,1079.22,0.08,Marketplace,Concluída
PED007968,2025-03-29,CLI01334,PRD001,V003,2,4111.05,0.05,Marketplace,Concluída
PED007969,2025-04-20,CLI00192,PRD011,V002,3,2923.78,0.08,E-commerce,Concluída
PED007970,2025-07-16,CLI02471,PRD004,V006,3,1670.15,0.08,Marketplace,Concluída
PED007971,2025-07-26,CLI02029,PRD008,V007,2,2304.13,0.1,E-commerce,Concluída
PED007972,2025-03-09,CLI00367,PRD007,V008,3,338.77,0.03,Marketplace,Concluída
PED007973,2025-01-25,CLI00771,PRD007,V006,1,346.0,0.1,E-commerce,Concluída
PED007974,2025-06-30,CLI02376,PRD003,V010,5,1051.98,0.08,Loja Física,Concluída
PED007975,2025-10-19,CLI01879,PRD016,V009,3,2297.17,0.05,E-commerce,Concluída
PED007976,2025-02-25,CLI01018,PRD007,V006,2,352.73,0.05,Marketplace,Concluída
PED007977,2025-05-30,CLI00719,PRD018,V006,1,973.35,0.0,E-commerce,Concluída
PED007978,2025-02-28,CLI00126,PRD006,V001,1,195.29,0.05,E-commerce,Concluída
PED007979,2025-03-30,CLI02419,PRD017,V008,1,887.6,0.08,Marketplace,Concluída
PED007980,2025-08-12,CLI00401,PRD009,V007,1,2714.71,0.15,Televendas,Concluída
PED007981,2025-04-15,CLI00179,PRD007,V009,2,331.93,0.03,Loja Física,Concluída
PED007982,2025-04-07,CLI01133,PRD013,V001,4,1102.84,0.15,Loja Física,Concluída
PED007983,2025-12-30,CLI01203,PRD015,V002,2,1596.56,0.0,Televendas,Concluída
PED007984,2025-03-04,CLI00512,PRD008,V007,1,2361.81,0.15,Loja Física,Concluída
PED007985,2025-03-11,CLI00586,PRD007,V005,5,322.69,0.05,Marketplace,Concluída
PED007986,2025-12-06,CLI01672,PRD010,V006,4,1679.99,0.05,E-commerce,Cancelada
PED007987,2025-07-20,CLI01327,PRD010,V005,2,1593.47,0.05,E-commerce,Concluída
PED007988,2025-01-16,CLI00592,PRD007,V007,1,345.56,0.15,Marketplace,Concluída
PED007989,2025-06-05,CLI01000,PRD014,V007,2,1340.06,0.0,Marketplace,Concluída
PED007990,2025-07-26,CLI01938,PRD007,V002,1,349.25,0.03,Loja Física,Concluída
PED007991,2025-04-03,CLI02476,PRD008,V008,1,2255.07,0.1,Loja Física,Concluída
PED007992,2025-07-20,CLI00524,PRD010,V005,2,1686.25,0.0,Marketplace,Concluída
PED007993,2025-08-25,CLI00478,PRD020,V006,2,632.77,0.05,Marketplace,Concluída
PED007994,2025-04-02,CLI01469,PRD005,V007,1,359.82,0.05,Loja Física,Concluída
PED007995,2025-10-24,CLI00967,PRD004,V008,4,1613.13,0.08,Loja Física,Concluída
PED007996,2025-06-15,CLI01307,PRD003,V004,4,1079.16,0.1,E-commerce,Concluída
PED007997,2025-12-18,CLI01241,PRD013,V001,2,1108.03,0.0,E-commerce,Concluída
PED007998,2025-02-02,CLI02009,PRD008,V002,1,2280.01,0.05,Marketplace,Concluída
PED007999,2025-04-29,CLI00108,PRD007,V010,1,347.45,0.05,Marketplace,Concluída
PED008000,2025-09-21,CLI01521,PRD004,V003,2,1648.98,0.05,E-commerce,Concluída
PED008001,2025-11-23,CLI02471,PRD018,V003,3,978.48,0.0,E-commerce,Concluída
PED008002,2025-03-22,CLI01288,PRD008,V009,2,2210.28,0.0,E-commerce,Concluída
PED008003,2025-12-24,CLI00418,PRD010,V003,1,1670.52,0.05,E-commerce,Concluída
PED008004,2025-03-12,CLI02264,PRD002,V005,1,2991.54,0.0,Televendas,Concluída
PED008005,2025-06-01,CLI00391,PRD002,V004,1,2967.24,0.08,Loja Física,Concluída
PED008006,2025-04-25,CLI02204,PRD001,V007,2,4281.1,0.0,E-commerce,Concluída
PED008007,2025-06-04,CLI01505,PRD006,V006,2,199.68,0.1,Loja Física,Concluída
PED008008,2025-11-26,CLI02206,PRD008,V006,1,2297.46,0.1,Marketplace,Concluída
PED008009,2025-09-25,CLI00212,PRD005,V006,2,351.94,0.05,Marketplace,Concluída
PED008010,2025-10-18,CLI00593,PRD006,V009,4,191.39,0.1,Loja Física,Concluída
PED008011,2025-04-03,CLI02064,PRD001,V006,2,4573.34,0.15,Marketplace,Concluída
PED008012,2025-12-12,CLI01797,PRD006,V006,1,201.06,0.08,E-commerce,Concluída
PED008013,2025-06-08,CLI01592,PRD002,V009,2,3000.15,0.05,Televendas,Cancelada
PED008014,2025-08-26,CLI01601,PRD002,V001,4,3039.03,0.03,Marketplace,Devolvida
PED008015,2025-09-12,CLI02405,PRD001,V009,1,4315.77,0.08,Marketplace,Concluída
PED008016,2025-08-30,CLI02123,PRD013,V002,1,1080.75,0.08,Loja Física,Concluída
PED008017,2025-08-08,CLI00576,PRD020,V004,2,646.5,0.03,Televendas,Concluída
PED008018,2025-06-25,CLI01580,PRD011,V001,1,3007.26,0.05,Marketplace,Concluída
PED008019,2025-08-25,CLI01639,PRD002,V006,4,2887.88,0.0,Marketplace,Concluída
PED008020,2025-11-27,CLI00480,PRD020,V009,3,629.67,0.08,Marketplace,Devolvida
PED008021,2025-05-23,CLI00679,PRD020,V004,1,626.37,0.1,Marketplace,Concluída
PED008022,2025-07-06,CLI00719,PRD008,V007,4,2316.8,0.0,E-commerce,Concluída
PED008023,2025-03-07,CLI01804,PRD002,V004,2,2986.11,0.0,Loja Física,Concluída
PED008024,2025-05-10,CLI01212,PRD013,V008,2,1060.56,0.15,E-commerce,Concluída
PED008025,2025-10-09,CLI01262,PRD020,V010,1,642.57,0.0,Loja Física,Concluída
PED008026,2025-08-22,CLI01384,PRD015,V008,2,1545.3,0.08,E-commerce,Concluída
PED008027,2025-03-19,CLI00332,PRD011,V004,4,2831.16,0.05,Loja Física,Cancelada
PED008028,2025-07-19,CLI01068,PRD010,V009,1,1696.5,0.05,E-commerce,Devolvida
PED008029,2025-10-24,CLI00925,PRD020,V001,1,643.74,0.0,Marketplace,Concluída
PED008030,2025-02-15,CLI02155,PRD002,V010,5,3089.72,0.0,Marketplace,Concluída
PED008031,2025-01-23,CLI00203,PRD003,V009,1,998.23,0.05,Marketplace,Concluída
PED008032,2025-05-24,CLI02131,PRD017,V007,1,864.42,0.03,Loja Física,Concluída
PED008033,2025-08-28,CLI02316,PRD003,V007,1,998.39,0.08,Marketplace,Concluída
PED008034,2025-04-25,CLI01873,PRD007,V003,2,362.89,0.15,Televendas,Concluída
PED008035,2025-10-27,CLI02376,PRD005,V005,2,344.96,0.08,Marketplace,Concluída
PED008036,2025-11-06,CLI01114,PRD005,V002,1,376.74,0.03,Loja Física,Concluída
PED008037,2025-07-14,CLI00430,PRD001,V004,1,4364.67,0.05,Televendas,Concluída
PED008038,2025-05-19,CLI01906,PRD009,V006,2,2849.66,0.0,E-commerce,Cancelada
PED008039,2025-01-16,CLI00303,PRD007,V004,2,347.02,0.05,E-commerce,Concluída
PED008040,2025-10-27,CLI02148,PRD009,V008,1,2795.61,0.03,Loja Física,Concluída
PED008041,2025-11-23,CLI01438,PRD006,V009,2,200.69,0.1,Marketplace,Concluída
PED008042,2025-06-11,CLI01515,PRD020,V006,2,660.02,0.05,Marketplace,Concluída
PED008043,2025-07-08,CLI01327,PRD010,V004,1,1645.17,0.0,Marketplace,Concluída
PED008044,2025-10-03,CLI01515,PRD020,V004,1,650.19,0.03,Loja Física,Concluída
PED008045,2025-09-11,CLI02186,PRD006,V006,4,206.33,0.05,Loja Física,Concluída
PED008046,2025-02-19,CLI00587,PRD001,V008,4,4437.92,0.1,Televendas,Concluída
PED008047,2025-09-03,CLI01207,PRD015,V002,1,1539.4,0.03,Marketplace,Concluída
PED008048,2025-12-04,CLI00888,PRD017,V005,4,869.68,0.05,Marketplace,Concluída
PED008049,2025-10-02,CLI00433,PRD001,V005,2,4308.1,0.0,Marketplace,Concluída
PED008050,2025-06-25,CLI01713,PRD011,V003,6,2882.77,0.1,Loja Física,Concluída
PED008051,2025-07-10,CLI01221,PRD012,V003,5,5581.02,0.05,E-commerce,Concluída
PED008052,2025-04-05,CLI02256,PRD003,V009,2,1009.6,0.08,Loja Física,Concluída
PED008053,2025-08-30,CLI00562,PRD009,V005,2,2866.06,0.03,E-commerce,Concluída
PED008054,2025-03-30,CLI01719,PRD005,V006,1,366.62,0.1,Loja Física,Cancelada
PED008055,2025-05-05,CLI01878,PRD001,V001,2,4575.31,0.08,E-commerce,Concluída
PED008056,2025-04-07,CLI00856,PRD018,V003,1,984.87,0.0,E-commerce,Concluída
PED008057,2025-05-03,CLI01626,PRD008,V003,2,2185.06,0.05,Marketplace,Concluída
PED008058,2025-05-14,CLI01967,PRD015,V004,1,1518.53,0.0,Loja Física,Concluída
PED008059,2025-01-31,CLI00663,PRD013,V009,3,1132.28,0.08,Marketplace,Concluída
PED008060,2025-09-19,CLI01203,PRD020,V006,5,635.9,0.08,Loja Física,Concluída
PED008061,2025-06-10,CLI01001,PRD008,V010,1,2182.42,0.05,Televendas,Cancelada
PED008062,2025-12-13,CLI00900,PRD008,V005,2,2211.44,0.03,E-commerce,Concluída
PED008063,2025-03-08,CLI01197,PRD005,V008,3,367.71,0.1,Loja Física,Concluída
PED008064,2025-09-02,CLI00880,PRD011,V002,2,2944.75,0.1,Marketplace,Concluída
PED008065,2025-03-07,CLI02486,PRD008,V009,5,2305.13,0.05,Loja Física,Concluída
PED008066,2025-07-19,CLI02000,PRD013,V007,2,1084.53,0.08,E-commerce,Concluída
PED008067,2025-06-29,CLI00873,PRD006,V001,1,191.4,0.0,Marketplace,Concluída
PED008068,2025-06-13,CLI02140,PRD002,V007,2,2859.9,0.03,E-commerce,Concluída
PED008069,2025-08-27,CLI00991,PRD017,V005,2,835.85,0.1,Marketplace,Concluída
PED008070,2025-10-30,CLI00818,PRD017,V001,1,856.26,0.08,E-commerce,Concluída
PED008071,2025-04-26,CLI01553,PRD006,V009,3,191.01,0.0,Loja Física,Concluída
PED008072,2025-11-07,CLI00514,PRD013,V006,2,1112.1,0.03,Marketplace,Concluída
PED008073,2025-03-09,CLI00345,PRD008,V007,1,2211.71,0.03,Televendas,Concluída
PED008074,2025-04-17,CLI01342,PRD014,V006,1,1286.81,0.0,E-commerce,Concluída
PED008075,2025-04-24,CLI00529,PRD007,V001,1,341.99,0.15,Loja Física,Concluída
PED008076,2025-12-14,CLI02110,PRD009,V004,2,2917.18,0.0,Loja Física,Concluída
PED008077,2025-02-13,CLI00907,PRD001,V008,2,4529.77,0.03,E-commerce,Concluída
PED008078,2025-05-25,CLI00266,PRD003,V004,1,994.0,0.08,Televendas,Concluída
PED008079,2025-06-04,CLI01271,PRD015,V009,3,1625.98,0.0,Marketplace,Concluída
PED008080,2025-10-20,CLI01220,PRD007,V004,4,343.56,0.03,Marketplace,Concluída
PED008081,2025-06-27,CLI00498,PRD001,V005,2,4299.03,0.05,E-commerce,Concluída
PED008082,2025-12-19,CLI00002,PRD003,V005,3,1053.37,0.03,E-commerce,Concluída
PED008083,2025-09-28,CLI00458,PRD007,V001,5,353.57,0.03,E-commerce,Concluída
PED008084,2025-09-14,CLI01481,PRD013,V009,1,1039.87,0.05,Loja Física,Cancelada
PED008085,2025-10-02,CLI01180,PRD006,V002,1,194.71,0.15,E-commerce,Concluída
PED008086,2025-02-28,CLI00648,PRD014,V005,1,1323.96,0.1,E-commerce,Concluída
PED008087,2025-06-13,CLI01284,PRD017,V010,2,867.02,0.0,Marketplace,Concluída
PED008088,2025-08-02,CLI00931,PRD006,V010,1,204.01,0.05,Marketplace,Concluída
PED008089,2025-03-18,CLI00891,PRD015,V003,2,1572.98,0.05,E-commerce,Concluída
PED008090,2025-02-13,CLI00803,PRD002,V004,2,2971.79,0.03,E-commerce,Concluída
PED008091,2025-02-19,CLI01188,PRD007,V006,1,345.79,0.0,Marketplace,Concluída
PED008092,2025-10-16,CLI01230,PRD002,V007,1,2976.11,0.05,Loja Física,Concluída
PED008093,2025-08-28,CLI00367,PRD001,V003,1,4129.98,0.03,E-commerce,Concluída
PED008094,2025-04-13,CLI01702,PRD001,V006,2,4423.27,0.1,Televendas,Concluída
PED008095,2025-09-27,CLI00844,PRD002,V009,1,3067.43,0.0,Marketplace,Concluída
PED008096,2025-09-11,CLI00250,PRD017,V008,1,876.57,0.0,Televendas,Concluída
PED008097,2025-10-26,CLI00501,PRD009,V009,1,2780.01,0.1,Marketplace,Concluída
PED008098,2025-11-29,CLI01636,PRD020,V009,3,655.96,0.1,Marketplace,Concluída
PED008099,2025-11-19,CLI01399,PRD009,V009,1,2972.44,0.03,Loja Física,Concluída
PED008100,2025-03-08,CLI00697,PRD011,V006,2,3122.25,0.08,E-commerce,Concluída
PED008101,2025-10-08,CLI01304,PRD003,V010,3,1048.14,0.08,E-commerce,Concluída
PED008102,2025-05-24,CLI01876,PRD009,V005,2,2933.15,0.0,E-commerce,Concluída
PED008103,2025-05-28,CLI01655,PRD007,V008,1,333.49,0.05,Marketplace,Concluída
PED008104,2025-08-25,CLI00267,PRD020,V010,2,628.0,0.08,E-commerce,Concluída
PED008105,2025-08-08,CLI01722,PRD020,V001,1,662.1,0.03,Loja Física,Concluída
PED008106,2025-06-03,CLI01992,PRD003,V010,3,983.02,0.1,E-commerce,Concluída
PED008107,2025-12-31,CLI00585,PRD011,V009,3,2947.87,0.15,Marketplace,Cancelada
PED008108,2025-03-05,CLI01728,PRD011,V010,1,3041.49,0.05,E-commerce,Concluída
PED008109,2025-02-05,CLI01243,PRD009,V008,1,2913.74,0.0,Loja Física,Concluída
PED008110,2025-01-11,CLI00246,PRD002,V002,2,3046.5,0.1,E-commerce,Concluída
PED008111,2025-10-25,CLI02237,PRD011,V004,2,2932.84,0.05,Loja Física,Concluída
PED008112,2025-05-29,CLI02219,PRD015,V001,1,1554.01,0.0,Loja Física,Concluída
PED008113,2025-06-09,CLI02067,PRD006,V007,3,207.43,0.08,E-commerce,Devolvida
PED008114,2025-08-25,CLI00188,PRD009,V005,1,2951.03,0.05,Marketplace,Concluída
PED008115,2025-06-08,CLI02241,PRD002,V005,4,3057.0,0.0,Loja Física,Concluída
PED008116,2025-07-29,CLI00343,PRD020,V008,3,646.6,0.0,Loja Física,Concluída
PED008117,2025-01-22,CLI01124,PRD002,V009,1,2949.94,0.1,Loja Física,Concluída
PED008118,2025-02-27,CLI00469,PRD004,V001,1,1648.72,0.15,Marketplace,Concluída
PED008119,2025-12-07,CLI01309,PRD006,V010,1,195.32,0.03,Loja Física,Concluída
PED008120,2025-06-14,CLI00478,PRD017,V004,3,855.34,0.0,E-commerce,Concluída
PED008121,2025-03-03,CLI01133,PRD013,V008,1,1102.14,0.03,Loja Física,Concluída
PED008122,2025-05-15,CLI02290,PRD001,V006,1,4389.7,0.05,Marketplace,Concluída
PED008123,2025-05-03,CLI01606,PRD003,V005,2,1075.87,0.03,Loja Física,Concluída
PED008124,2025-04-11,CLI01024,PRD014,V003,1,1297.95,0.05,E-commerce,Concluída
PED008125,2025-04-18,CLI00729,PRD007,V002,1,342.56,0.0,E-commerce,Concluída
PED008126,2025-09-24,CLI00404,PRD001,V008,3,4600.24,0.08,E-commerce,Concluída
PED008127,2025-02-08,CLI02305,PRD020,V004,2,660.64,0.08,Loja Física,Concluída
PED008128,2025-04-24,CLI01371,PRD003,V003,2,1030.64,0.08,Loja Física,Concluída
PED008129,2025-06-20,CLI02359,PRD009,V001,1,2919.91,0.03,E-commerce,Concluída
PED008130,2025-07-17,CLI01859,PRD005,V009,2,360.12,0.05,Televendas,Concluída
PED008131,2025-11-18,CLI00252,PRD014,V004,2,1391.45,0.03,Marketplace,Concluída
PED008132,2025-12-03,CLI02447,PRD015,V004,1,1602.34,0.03,Televendas,Concluída
PED008133,2025-04-19,CLI01878,PRD007,V004,5,334.57,0.08,E-commerce,Concluída
PED008134,2025-07-16,CLI01496,PRD011,V006,1,2953.97,0.08,E-commerce,Concluída
PED008135,2025-01-09,CLI01415,PRD019,V005,1,1102.35,0.08,Marketplace,Concluída
PED008136,2025-08-14,CLI00297,PRD016,V006,4,2374.03,0.0,E-commerce,Concluída
PED008137,2025-02-25,CLI01459,PRD007,V003,1,344.71,0.05,Loja Física,Cancelada
PED008138,2025-01-27,CLI00316,PRD008,V003,5,2300.45,0.0,Loja Física,Concluída
PED008139,2025-09-03,CLI01742,PRD018,V009,1,979.56,0.05,Televendas,Concluída
PED008140,2025-03-07,CLI02316,PRD001,V005,1,4288.1,0.03,Marketplace,Concluída
PED008141,2025-06-24,CLI01157,PRD001,V010,1,4317.0,0.08,Loja Física,Cancelada
PED008142,2025-02-06,CLI01916,PRD004,V009,1,1595.19,0.1,Marketplace,Concluída
PED008143,2025-09-30,CLI01338,PRD017,V008,4,855.7,0.0,Marketplace,Concluída
PED008144,2025-10-07,CLI00370,PRD003,V006,5,1029.24,0.1,E-commerce,Concluída
PED008145,2025-07-29,CLI01165,PRD005,V009,2,370.49,0.08,Loja Física,Concluída
PED008146,2025-11-02,CLI01980,PRD011,V001,1,2865.99,0.05,Marketplace,Concluída
PED008147,2025-06-09,CLI02403,PRD003,V005,2,990.82,0.05,Loja Física,Concluída
PED008148,2025-03-10,CLI00244,PRD006,V008,1,206.51,0.03,Loja Física,Concluída
PED008149,2025-02-25,CLI01524,PRD008,V002,1,2222.06,0.0,E-commerce,Concluída
PED008150,2025-03-22,CLI00937,PRD004,V002,1,1649.55,0.0,Loja Física,Concluída
PED008151,2025-03-15,CLI00442,PRD020,V001,1,655.98,0.08,Marketplace,Concluída
PED008152,2025-04-28,CLI00053,PRD003,V005,1,1015.48,0.0,Loja Física,Concluída
PED008153,2025-03-20,CLI01154,PRD017,V006,2,850.82,0.05,Marketplace,Concluída
PED008154,2025-08-04,CLI02438,PRD008,V005,1,2252.43,0.1,E-commerce,Concluída
PED008155,2025-02-24,CLI02465,PRD002,V001,1,3020.33,0.05,E-commerce,Concluída
PED008156,2025-08-15,CLI00850,PRD002,V005,1,2936.22,0.0,Loja Física,Concluída
PED008157,2025-05-02,CLI02279,PRD008,V009,2,2258.41,0.08,Loja Física,Concluída
PED008158,2025-09-08,CLI00312,PRD006,V001,2,196.65,0.0,Loja Física,Concluída
PED008159,2025-07-07,CLI01788,PRD004,V008,1,1649.61,0.08,E-commerce,Concluída
PED008160,2025-11-27,CLI02029,PRD020,V003,4,639.51,0.0,Loja Física,Concluída
PED008161,2025-06-10,CLI01178,PRD008,V001,2,2213.09,0.0,E-commerce,Concluída
PED008162,2025-04-18,CLI01044,PRD020,V001,1,637.35,0.1,E-commerce,Concluída
PED008163,2025-08-04,CLI00785,PRD003,V001,1,1045.24,0.0,Marketplace,Concluída
PED008164,2025-08-29,CLI01552,PRD003,V005,6,989.87,0.0,E-commerce,Concluída
PED008165,2025-06-10,CLI01707,PRD010,V005,1,1693.91,0.0,E-commerce,Concluída
PED008166,2025-07-24,CLI02155,PRD005,V007,1,360.73,0.03,Televendas,Concluída
PED008167,2025-06-21,CLI01245,PRD003,V001,2,1046.96,0.08,E-commerce,Concluída
PED008168,2025-04-22,CLI00652,PRD002,V007,1,3010.06,0.0,Loja Física,Concluída
PED008169,2025-04-25,CLI01768,PRD002,V008,3,2943.71,0.0,Loja Física,Concluída
PED008170,2025-11-28,CLI01346,PRD014,V001,3,1305.93,0.1,Loja Física,Concluída
PED008171,2025-09-04,CLI01692,PRD005,V007,3,354.24,0.0,Marketplace,Concluída
PED008172,2025-02-04,CLI00415,PRD020,V002,2,621.82,0.0,Loja Física,Concluída
PED008173,2025-12-18,CLI01070,PRD003,V005,2,1044.76,0.0,E-commerce,Concluída
PED008174,2025-09-17,CLI02128,PRD006,V007,1,196.03,0.1,Loja Física,Concluída
PED008175,2025-01-19,CLI00082,PRD007,V009,4,328.86,0.05,E-commerce,Concluída
PED008176,2025-09-23,CLI00802,PRD008,V006,1,2233.46,0.05,E-commerce,Concluída
PED008177,2025-08-04,CLI01314,PRD018,V005,1,985.2,0.05,Loja Física,Cancelada
PED008178,2025-12-01,CLI01218,PRD017,V009,6,881.26,0.05,Loja Física,Concluída
PED008179,2025-06-28,CLI01419,PRD001,V003,5,4226.67,0.08,Marketplace,Concluída
PED008180,2025-07-09,CLI01811,PRD007,V003,2,360.46,0.1,Marketplace,Concluída
PED008181,2025-04-25,CLI01527,PRD017,V005,2,833.18,0.05,Televendas,Concluída
PED008182,2025-04-28,CLI02260,PRD001,V002,1,4180.72,0.08,Loja Física,Concluída
PED008183,2025-08-14,CLI01563,PRD009,V001,2,2988.52,0.0,E-commerce,Concluída
PED008184,2025-10-30,CLI00870,PRD005,V004,1,351.17,0.05,Loja Física,Concluída
PED008185,2025-11-22,CLI01569,PRD007,V002,1,355.01,0.05,E-commerce,Concluída
PED008186,2025-10-09,CLI00213,PRD007,V007,1,336.3,0.0,Marketplace,Concluída
PED008187,2025-08-11,CLI02070,PRD007,V006,4,339.47,0.0,Loja Física,Concluída
PED008188,2025-07-02,CLI01310,PRD018,V005,5,937.77,0.0,E-commerce,Concluída
PED008189,2025-05-04,CLI01442,PRD009,V005,6,2954.16,0.0,Loja Física,Concluída
PED008190,2025-10-08,CLI00034,PRD019,V001,3,1122.02,0.08,Loja Física,Concluída
PED008191,2025-04-27,CLI00114,PRD013,V005,1,1067.51,0.0,Marketplace,Concluída
PED008192,2025-04-08,CLI00982,PRD006,V001,1,196.46,0.05,Loja Física,Concluída
PED008193,2025-11-13,CLI00249,PRD008,V004,1,2305.97,0.0,E-commerce,Devolvida
PED008194,2025-08-04,CLI01021,PRD007,V007,1,337.95,0.05,Marketplace,Concluída
PED008195,2025-05-10,CLI02217,PRD017,V010,2,882.77,0.0,E-commerce,Concluída
PED008196,2025-11-12,CLI01165,PRD003,V003,1,1033.0,0.0,Loja Física,Devolvida
PED008197,2025-12-18,CLI01823,PRD020,V003,4,637.76,0.03,Loja Física,Concluída
PED008198,2025-04-27,CLI01021,PRD010,V007,1,1579.6,0.0,E-commerce,Concluída
PED008199,2025-07-10,CLI01077,PRD010,V010,1,1591.49,0.03,Televendas,Concluída
PED008200,2025-06-26,CLI01846,PRD009,V003,3,2904.86,0.05,Televendas,Concluída
PED008201,2025-09-14,CLI02253,PRD009,V009,2,2879.59,0.1,E-commerce,Concluída
PED008202,2025-12-14,CLI00593,PRD012,V004,1,5622.77,0.05,E-commerce,Concluída
PED008203,2025-07-20,CLI02489,PRD011,V007,2,2895.15,0.05,E-commerce,Concluída
PED008204,2025-10-19,CLI01299,PRD004,V003,2,1539.52,0.05,Marketplace,Concluída
PED008205,2025-08-06,CLI00608,PRD010,V003,1,1624.27,0.03,E-commerce,Concluída
PED008206,2025-11-20,CLI00813,PRD006,V010,2,206.86,0.05,Marketplace,Concluída
PED008207,2025-05-28,CLI00288,PRD011,V004,4,2865.64,0.05,Loja Física,Concluída
PED008208,2025-05-21,CLI01554,PRD009,V001,1,2860.13,0.05,Marketplace,Concluída
PED008209,2025-06-04,CLI00260,PRD003,V008,1,973.24,0.08,E-commerce,Concluída
PED008210,2025-12-30,CLI01055,PRD014,V002,1,1324.8,0.03,E-commerce,Concluída
PED008211,2025-08-12,CLI00069,PRD008,V002,2,2244.95,0.0,Loja Física,Concluída
PED008212,2025-02-25,CLI00516,PRD009,V009,6,2886.49,0.05,Loja Física,Concluída
PED008213,2025-01-15,CLI01185,PRD012,V004,1,5466.6,0.08,E-commerce,Concluída
PED008214,2025-07-09,CLI01485,PRD011,V002,3,2824.99,0.08,Televendas,Devolvida
PED008215,2025-10-22,CLI01747,PRD014,V010,3,1319.96,0.0,E-commerce,Concluída
PED008216,2025-06-24,CLI00620,PRD004,V003,1,1597.2,0.05,E-commerce,Concluída
PED008217,2025-07-24,CLI00818,PRD002,V007,3,2919.11,0.15,Loja Física,Concluída
PED008218,2025-10-19,CLI00992,PRD012,V003,6,5393.19,0.0,Loja Física,Concluída
PED008219,2025-07-08,CLI01072,PRD004,V006,5,1645.73,0.05,E-commerce,Concluída
PED008220,2025-11-28,CLI01040,PRD002,V007,2,2946.89,0.03,Televendas,Concluída
PED008221,2025-08-21,CLI00330,PRD002,V008,1,3026.59,0.08,E-commerce,Concluída
PED008222,2025-09-24,CLI02246,PRD006,V005,1,195.96,0.03,Loja Física,Cancelada
PED008223,2025-10-13,CLI00759,PRD020,V007,1,626.28,0.08,E-commerce,Concluída
PED008224,2025-08-17,CLI01849,PRD003,V009,2,1027.12,0.0,E-commerce,Concluída
PED008225,2025-01-19,CLI01578,PRD006,V009,1,198.26,0.0,Marketplace,Concluída
PED008226,2025-06-06,CLI01574,PRD019,V008,2,1138.3,0.0,E-commerce,Concluída
PED008227,2025-02-21,CLI02466,PRD020,V004,3,633.68,0.0,Televendas,Concluída
PED008228,2025-07-06,CLI00281,PRD004,V006,1,1601.97,0.08,E-commerce,Concluída
PED008229,2025-02-22,CLI00851,PRD018,V010,4,991.43,0.0,Loja Física,Concluída
PED008230,2025-07-05,CLI00773,PRD003,V003,1,1068.38,0.0,Loja Física,Cancelada
PED008231,2025-05-06,CLI02487,PRD014,V007,1,1320.47,0.1,E-commerce,Concluída
PED008232,2025-01-08,CLI00125,PRD001,V008,3,4349.82,0.03,Marketplace,Concluída
PED008233,2025-02-15,CLI00753,PRD007,V005,1,351.49,0.05,E-commerce,Concluída
PED008234,2025-07-03,CLI01348,PRD005,V009,1,365.16,0.0,Marketplace,Concluída
PED008235,2025-01-29,CLI00014,PRD013,V005,6,1113.47,0.1,Loja Física,Concluída
PED008236,2025-11-09,CLI00295,PRD001,V009,4,4494.72,0.05,E-commerce,Concluída
PED008237,2025-10-04,CLI02233,PRD008,V007,3,2299.82,0.0,Loja Física,Concluída
PED008238,2025-09-16,CLI00073,PRD013,V001,1,1089.33,0.05,E-commerce,Concluída
PED008239,2025-03-04,CLI00454,PRD001,V009,1,4293.58,0.03,E-commerce,Concluída
PED008240,2025-10-18,CLI00892,PRD018,V007,1,963.48,0.03,Televendas,Concluída
PED008241,2025-08-20,CLI00926,PRD006,V003,1,195.95,0.03,E-commerce,Concluída
PED008242,2025-05-23,CLI01861,PRD003,V008,6,1066.79,0.05,E-commerce,Concluída
PED008243,2025-01-01,CLI00771,PRD004,V006,1,1612.47,0.05,E-commerce,Concluída
PED008244,2025-07-13,CLI01065,PRD006,V010,3,197.74,0.0,Marketplace,Concluída
PED008245,2025-10-18,CLI01281,PRD003,V004,1,1010.0,0.08,Loja Física,Concluída
PED008246,2025-01-13,CLI00217,PRD009,V003,2,2948.94,0.0,Marketplace,Concluída
PED008247,2025-01-20,CLI00896,PRD011,V001,1,2880.14,0.05,E-commerce,Concluída
PED008248,2025-05-20,CLI01350,PRD008,V008,1,2252.27,0.0,E-commerce,Concluída
PED008249,2025-07-06,CLI00701,PRD007,V010,1,353.17,0.03,Televendas,Concluída
PED008250,2025-06-23,CLI01124,PRD015,V007,4,1604.9,0.05,Marketplace,Concluída
PED008251,2025-06-05,CLI01355,PRD006,V004,2,192.65,0.05,Marketplace,Concluída
PED008252,2025-04-04,CLI02403,PRD011,V009,2,2857.27,0.08,Marketplace,Concluída
PED008253,2025-01-22,CLI01455,PRD018,V003,1,964.46,0.05,E-commerce,Concluída
PED008254,2025-01-12,CLI00344,PRD004,V007,3,1582.26,0.1,Loja Física,Concluída
PED008255,2025-02-06,CLI01840,PRD011,V006,2,2828.74,0.15,E-commerce,Concluída
PED008256,2025-09-09,CLI01708,PRD020,V009,2,633.98,0.15,Marketplace,Concluída
PED008257,2025-10-14,CLI00838,PRD009,V010,2,2666.07,0.03,Loja Física,Concluída
PED008258,2025-06-08,CLI01802,PRD020,V004,4,660.75,0.0,Televendas,Concluída
PED008259,2025-01-29,CLI00311,PRD006,V001,5,200.97,0.08,Loja Física,Concluída
PED008260,2025-06-01,CLI02122,PRD009,V002,6,2963.63,0.0,E-commerce,Concluída
PED008261,2025-12-26,CLI00399,PRD006,V008,2,198.57,0.08,Loja Física,Concluída
PED008262,2025-04-02,CLI02117,PRD001,V004,1,4317.89,0.0,Marketplace,Concluída
PED008263,2025-06-29,CLI00794,PRD020,V002,1,662.68,0.08,E-commerce,Concluída
PED008264,2025-07-16,CLI01011,PRD004,V009,1,1577.24,0.0,E-commerce,Concluída
PED008265,2025-05-01,CLI00663,PRD020,V007,1,624.72,0.1,Loja Física,Concluída
PED008266,2025-06-09,CLI01869,PRD011,V002,1,2925.66,0.05,E-commerce,Concluída
PED008267,2025-06-22,CLI01595,PRD019,V008,2,1102.14,0.0,E-commerce,Concluída
PED008268,2025-06-23,CLI00980,PRD020,V007,2,633.03,0.05,Loja Física,Concluída
PED008269,2025-09-19,CLI01914,PRD009,V010,2,2787.77,0.05,Loja Física,Cancelada
PED008270,2025-08-01,CLI02237,PRD020,V010,6,639.42,0.1,Marketplace,Concluída
PED008271,2025-01-20,CLI01041,PRD014,V010,1,1356.06,0.05,E-commerce,Concluída
PED008272,2025-01-03,CLI01763,PRD009,V009,1,2852.33,0.05,Loja Física,Concluída
PED008273,2025-05-30,CLI02256,PRD011,V008,2,3130.02,0.03,Loja Física,Concluída
PED008274,2025-11-28,CLI00106,PRD003,V007,2,1032.22,0.08,E-commerce,Concluída
PED008275,2025-01-14,CLI00715,PRD001,V006,2,4448.78,0.0,E-commerce,Concluída
PED008276,2025-01-26,CLI00472,PRD005,V008,4,347.49,0.15,Loja Física,Concluída
PED008277,2025-09-05,CLI01477,PRD008,V010,1,2301.7,0.05,Loja Física,Concluída
PED008278,2025-06-14,CLI02261,PRD004,V002,2,1586.83,0.08,Loja Física,Concluída
PED008279,2025-03-26,CLI02430,PRD009,V002,5,2862.08,0.08,Marketplace,Concluída
PED008280,2025-03-17,CLI01409,PRD011,V005,2,3060.3,0.0,Marketplace,Concluída
PED008281,2025-08-31,CLI02318,PRD011,V003,2,2909.14,0.0,Marketplace,Concluída
PED008282,2025-07-11,CLI01943,PRD018,V006,1,937.7,0.0,E-commerce,Concluída
PED008283,2025-08-21,CLI01922,PRD020,V004,1,627.54,0.0,E-commerce,Concluída
PED008284,2025-04-13,CLI02128,PRD018,V008,1,973.59,0.0,E-commerce,Concluída
PED008285,2025-07-12,CLI02059,PRD011,V009,2,2945.18,0.08,Marketplace,Concluída
PED008286,2025-11-10,CLI00120,PRD004,V003,2,1608.48,0.05,Marketplace,Concluída
PED008287,2025-04-26,CLI01465,PRD020,V008,5,625.38,0.05,Televendas,Cancelada
PED008288,2025-05-25,CLI00273,PRD003,V002,2,1088.21,0.05,Televendas,Concluída
PED008289,2025-03-01,CLI00349,PRD003,V008,1,1073.66,0.0,Marketplace,Concluída
PED008290,2025-08-22,CLI02344,PRD006,V007,3,197.47,0.03,Loja Física,Concluída
PED008291,2025-01-12,CLI01694,PRD010,V008,1,1582.14,0.0,Televendas,Concluída
PED008292,2025-04-01,CLI01522,PRD012,V005,3,5728.67,0.1,Loja Física,Concluída
PED008293,2025-09-18,CLI02366,PRD001,V002,1,4490.94,0.08,Loja Física,Concluída
PED008294,2025-01-08,CLI01799,PRD015,V009,3,1574.14,0.0,Marketplace,Concluída
PED008295,2025-12-28,CLI01261,PRD003,V002,4,1066.78,0.08,E-commerce,Cancelada
PED008296,2025-05-28,CLI00987,PRD006,V005,1,194.4,0.05,Loja Física,Concluída
PED008297,2025-05-26,CLI00764,PRD006,V002,2,192.1,0.0,E-commerce,Concluída
PED008298,2025-07-15,CLI00605,PRD006,V009,2,197.6,0.0,Marketplace,Concluída
PED008299,2025-08-22,CLI00920,PRD014,V006,1,1290.14,0.0,Loja Física,Concluída
PED008300,2025-06-17,CLI00250,PRD001,V006,1,4245.64,0.08,E-commerce,Concluída
PED008301,2025-11-19,CLI00034,PRD003,V004,2,1049.82,0.08,Loja Física,Concluída
PED008302,2025-12-18,CLI00536,PRD001,V008,1,4393.03,0.05,E-commerce,Concluída
PED008303,2025-03-15,CLI01148,PRD015,V003,1,1515.87,0.0,Loja Física,Concluída
PED008304,2025-09-15,CLI00257,PRD020,V008,3,639.54,0.03,Marketplace,Devolvida
PED008305,2025-04-20,CLI00823,PRD011,V010,2,2838.24,0.03,E-commerce,Concluída
PED008306,2025-12-30,CLI02320,PRD010,V003,1,1624.59,0.0,E-commerce,Concluída
PED008307,2025-04-03,CLI01427,PRD019,V007,5,1074.62,0.05,Marketplace,Concluída
PED008308,2025-04-18,CLI02179,PRD005,V004,4,369.49,0.0,Loja Física,Concluída
PED008309,2025-09-18,CLI00452,PRD001,V010,5,4349.71,0.0,E-commerce,Concluída
PED008310,2025-10-16,CLI01887,PRD009,V009,2,2845.33,0.05,E-commerce,Concluída
PED008311,2025-02-16,CLI00298,PRD005,V004,1,357.01,0.0,E-commerce,Concluída
PED008312,2025-07-22,CLI00056,PRD008,V003,1,2170.84,0.05,Marketplace,Concluída
PED008313,2025-05-07,CLI00003,PRD008,V001,5,2262.83,0.08,Televendas,Concluída
PED008314,2025-08-12,CLI01304,PRD006,V007,4,199.21,0.05,Marketplace,Concluída
PED008315,2025-07-23,CLI00010,PRD008,V010,3,2281.55,0.15,Televendas,Concluída
PED008316,2025-12-26,CLI00600,PRD007,V002,2,347.9,0.05,Loja Física,Concluída
PED008317,2025-12-07,CLI01731,PRD002,V009,1,3049.14,0.08,E-commerce,Concluída
PED008318,2025-08-27,CLI00189,PRD018,V008,2,1022.67,0.05,Marketplace,Concluída
PED008319,2025-09-05,CLI02211,PRD013,V005,1,1054.8,0.08,Marketplace,Concluída
PED008320,2025-11-25,CLI00053,PRD001,V003,2,4392.45,0.03,E-commerce,Concluída
PED008321,2025-03-08,CLI02070,PRD002,V007,2,3019.61,0.03,Loja Física,Concluída
PED008322,2025-09-22,CLI01792,PRD002,V006,3,2969.73,0.03,E-commerce,Concluída
PED008323,2025-10-09,CLI02113,PRD001,V009,2,4297.78,0.05,Marketplace,Concluída
PED008324,2025-02-16,CLI00948,PRD001,V006,3,4421.28,0.03,Marketplace,Concluída
PED008325,2025-11-18,CLI00149,PRD003,V001,1,1046.17,0.15,Loja Física,Concluída
PED008326,2025-09-13,CLI01472,PRD017,V003,1,831.19,0.05,Loja Física,Concluída
PED008327,2025-05-07,CLI02381,PRD017,V004,1,815.3,0.03,Marketplace,Concluída
PED008328,2025-06-26,CLI01937,PRD015,V005,1,1550.8,0.05,E-commerce,Concluída
PED008329,2025-06-28,CLI01635,PRD010,V004,1,1616.99,0.08,Marketplace,Concluída
PED008330,2025-12-02,CLI01121,PRD013,V009,1,1101.79,0.08,Marketplace,Concluída
PED008331,2025-12-20,CLI00594,PRD014,V003,2,1311.23,0.05,Televendas,Devolvida
PED008332,2025-10-22,CLI00324,PRD018,V007,2,965.1,0.0,E-commerce,Concluída
PED008333,2025-08-27,CLI00129,PRD013,V004,2,1039.11,0.1,E-commerce,Concluída
PED008334,2025-02-08,CLI02359,PRD014,V010,3,1290.18,0.1,E-commerce,Concluída
PED008335,2025-11-30,CLI02350,PRD016,V010,1,2301.43,0.1,Loja Física,Concluída
PED008336,2025-02-18,CLI01618,PRD009,V008,1,2844.81,0.05,E-commerce,Concluída
PED008337,2025-03-02,CLI01078,PRD004,V008,1,1572.49,0.0,E-commerce,Concluída
PED008338,2025-01-26,CLI00498,PRD002,V007,1,3004.34,0.15,Loja Física,Concluída
PED008339,2025-12-12,CLI02402,PRD007,V006,2,327.44,0.0,E-commerce,Concluída
PED008340,2025-06-30,CLI01707,PRD002,V006,4,2977.57,0.0,E-commerce,Concluída
PED008341,2025-03-28,CLI00155,PRD003,V001,1,1030.47,0.05,Marketplace,Cancelada
PED008342,2025-01-30,CLI01071,PRD001,V010,1,4208.77,0.03,Marketplace,Concluída
PED008343,2025-05-31,CLI00868,PRD006,V010,1,197.95,0.08,Marketplace,Concluída
PED008344,2025-09-22,CLI01982,PRD020,V006,1,611.11,0.05,Marketplace,Concluída
PED008345,2025-12-30,CLI01831,PRD007,V009,4,336.12,0.0,Loja Física,Concluída
PED008346,2025-07-21,CLI01801,PRD004,V005,2,1637.0,0.05,E-commerce,Concluída
PED008347,2025-08-10,CLI01953,PRD007,V002,2,322.96,0.1,Loja Física,Concluída
PED008348,2025-11-02,CLI00653,PRD006,V009,4,200.13,0.1,E-commerce,Concluída
PED008349,2025-11-26,CLI01063,PRD012,V006,2,5349.78,0.0,Marketplace,Concluída
PED008350,2025-04-13,CLI01852,PRD011,V010,1,2893.12,0.03,Televendas,Concluída
PED008351,2025-12-29,CLI00634,PRD001,V003,3,4520.39,0.0,E-commerce,Concluída
PED008352,2025-07-09,CLI01377,PRD009,V005,3,2817.87,0.08,E-commerce,Concluída
PED008353,2025-12-06,CLI02029,PRD001,V007,1,4543.01,0.05,Loja Física,Concluída
PED008354,2025-02-12,CLI01682,PRD012,V002,2,5468.35,0.05,Marketplace,Concluída
PED008355,2025-02-05,CLI00847,PRD020,V010,2,644.78,0.0,Loja Física,Concluída
PED008356,2025-11-19,CLI00989,PRD019,V007,1,1113.9,0.08,E-commerce,Concluída
PED008357,2025-09-03,CLI01594,PRD004,V002,2,1627.23,0.08,E-commerce,Concluída
PED008358,2025-03-05,CLI00259,PRD014,V008,1,1347.41,0.05,Loja Física,Concluída
PED008359,2025-11-23,CLI01976,PRD015,V009,1,1551.91,0.0,Marketplace,Concluída
PED008360,2025-02-07,CLI00090,PRD018,V004,1,931.81,0.03,E-commerce,Concluída
PED008361,2025-09-07,CLI01986,PRD005,V007,2,347.01,0.1,Marketplace,Concluída
PED008362,2025-03-16,CLI01980,PRD008,V008,4,2342.89,0.05,Televendas,Concluída
PED008363,2025-01-26,CLI01601,PRD004,V002,2,1673.6,0.08,E-commerce,Concluída
PED008364,2025-10-22,CLI00703,PRD001,V006,3,4380.98,0.0,Marketplace,Concluída
PED008365,2025-11-06,CLI01022,PRD011,V006,1,2806.26,0.03,E-commerce,Concluída
PED008366,2025-02-08,CLI01474,PRD008,V004,2,2224.62,0.0,E-commerce,Concluída
PED008367,2025-02-03,CLI02359,PRD005,V003,1,353.14,0.03,Marketplace,Concluída
PED008368,2025-08-13,CLI02103,PRD017,V007,2,841.8,0.0,Marketplace,Concluída
PED008369,2025-01-11,CLI00150,PRD008,V008,2,2218.25,0.05,E-commerce,Concluída
PED008370,2025-09-30,CLI02376,PRD020,V004,1,654.56,0.03,Marketplace,Concluída
PED008371,2025-12-01,CLI01737,PRD015,V002,4,1579.81,0.08,Marketplace,Concluída
PED008372,2025-10-02,CLI02425,PRD018,V008,1,1007.69,0.03,Loja Física,Concluída
PED008373,2025-03-26,CLI00906,PRD015,V002,2,1554.82,0.0,E-commerce,Concluída
PED008374,2025-03-11,CLI02014,PRD002,V001,2,3008.64,0.0,E-commerce,Concluída
PED008375,2025-09-06,CLI00289,PRD001,V004,3,4447.74,0.0,Loja Física,Concluída
PED008376,2025-01-23,CLI01306,PRD019,V009,2,1118.79,0.05,E-commerce,Concluída
PED008377,2025-07-16,CLI01070,PRD003,V008,1,1003.76,0.05,Televendas,Concluída
PED008378,2025-06-13,CLI00666,PRD007,V004,4,345.44,0.05,Marketplace,Concluída
PED008379,2025-09-29,CLI00815,PRD010,V006,2,1650.71,0.1,Loja Física,Concluída
PED008380,2025-03-15,CLI00044,PRD004,V010,2,1617.54,0.0,Loja Física,Concluída
PED008381,2025-10-06,CLI01659,PRD004,V008,2,1607.78,0.03,E-commerce,Concluída
PED008382,2025-09-13,CLI00565,PRD008,V008,1,2365.56,0.0,Loja Física,Concluída
PED008383,2025-03-29,CLI00047,PRD006,V001,3,192.45,0.0,Loja Física,Concluída
PED008384,2025-05-11,CLI00592,PRD012,V003,1,5379.53,0.03,Marketplace,Concluída
PED008385,2025-01-25,CLI01951,PRD002,V002,3,2932.22,0.08,E-commerce,Concluída
PED008386,2025-06-14,CLI01316,PRD008,V010,1,2251.96,0.08,Marketplace,Concluída
PED008387,2025-04-06,CLI00554,PRD003,V004,3,1043.34,0.03,Marketplace,Concluída
PED008388,2025-02-11,CLI01569,PRD010,V005,4,1625.92,0.03,Loja Física,Concluída
PED008389,2025-07-24,CLI00506,PRD002,V006,6,3068.97,0.1,Televendas,Cancelada
PED008390,2025-07-27,CLI02451,PRD003,V006,3,1035.65,0.08,Televendas,Concluída
PED008391,2025-02-01,CLI00271,PRD016,V001,2,2340.92,0.05,Loja Física,Concluída
PED008392,2025-03-09,CLI00977,PRD004,V010,2,1552.0,0.03,Loja Física,Concluída
PED008393,2025-01-31,CLI01328,PRD014,V004,1,1403.35,0.03,Marketplace,Concluída
PED008394,2025-09-05,CLI02347,PRD005,V010,2,360.12,0.08,E-commerce,Concluída
PED008395,2025-05-04,CLI00210,PRD004,V008,2,1671.09,0.0,Televendas,Concluída
PED008396,2025-01-26,CLI02019,PRD006,V007,1,193.77,0.05,Loja Física,Concluída
PED008397,2025-03-11,CLI00630,PRD018,V008,2,989.53,0.0,Marketplace,Concluída
PED008398,2025-12-23,CLI01768,PRD007,V010,1,337.17,0.05,E-commerce,Cancelada
PED008399,2025-04-04,CLI00305,PRD005,V004,2,376.95,0.05,E-commerce,Concluída
PED008400,2025-09-07,CLI00438,PRD009,V004,2,2942.95,0.0,Loja Física,Concluída
PED008401,2025-06-20,CLI02496,PRD007,V007,4,349.24,0.03,E-commerce,Concluída
PED008402,2025-03-08,CLI01545,PRD015,V003,1,1541.65,0.0,E-commerce,Concluída
PED008403,2025-04-23,CLI00064,PRD020,V009,1,676.95,0.08,Loja Física,Concluída
PED008404,2025-01-06,CLI01483,PRD009,V001,2,3008.59,0.1,Marketplace,Concluída
PED008405,2025-09-30,CLI01791,PRD008,V009,2,2246.89,0.03,Loja Física,Concluída
PED008406,2025-05-03,CLI01977,PRD006,V004,1,197.63,0.0,E-commerce,Concluída
PED008407,2025-07-02,CLI00647,PRD020,V001,2,661.12,0.1,Loja Física,Concluída
PED008408,2025-02-25,CLI01449,PRD008,V007,4,2156.58,0.08,E-commerce,Concluída
PED008409,2025-10-28,CLI00388,PRD003,V003,3,1065.41,0.08,Loja Física,Concluída
PED008410,2025-03-21,CLI02409,PRD020,V004,1,662.69,0.03,Televendas,Concluída
PED008411,2025-07-26,CLI00551,PRD020,V005,1,637.05,0.0,Marketplace,Concluída
PED008412,2025-11-15,CLI00498,PRD008,V006,2,2144.09,0.15,Televendas,Concluída
PED008413,2025-09-18,CLI01716,PRD006,V002,2,198.47,0.05,Loja Física,Concluída
PED008414,2025-08-09,CLI00414,PRD012,V001,6,5354.23,0.03,E-commerce,Concluída
PED008415,2025-11-21,CLI00340,PRD017,V005,1,819.77,0.08,Marketplace,Cancelada
PED008416,2025-03-06,CLI01817,PRD008,V004,2,2289.44,0.05,Televendas,Concluída
PED008417,2025-12-18,CLI00367,PRD006,V006,6,203.32,0.0,E-commerce,Concluída
PED008418,2025-07-23,CLI02490,PRD006,V008,1,195.75,0.15,Televendas,Concluída
PED008419,2025-05-30,CLI02035,PRD006,V007,6,202.66,0.05,Loja Física,Concluída
PED008420,2025-04-04,CLI00595,PRD002,V002,2,3043.36,0.0,Loja Física,Concluída
PED008421,2025-09-29,CLI00182,PRD015,V010,3,1516.2,0.0,E-commerce,Concluída
PED008422,2025-12-23,CLI00135,PRD002,V008,1,2952.19,0.05,E-commerce,Concluída
PED008423,2025-09-09,CLI01388,PRD007,V001,3,351.21,0.05,Televendas,Devolvida
PED008424,2025-01-12,CLI01644,PRD017,V008,4,841.66,0.0,Loja Física,Concluída
PED008425,2025-06-21,CLI00915,PRD007,V009,1,348.98,0.05,E-commerce,Concluída
PED008426,2025-09-25,CLI01869,PRD005,V006,3,356.85,0.03,E-commerce,Concluída
PED008427,2025-05-26,CLI01465,PRD020,V009,1,657.8,0.03,Marketplace,Concluída
PED008428,2025-10-10,CLI01277,PRD002,V009,1,3025.77,0.15,Loja Física,Concluída
PED008429,2025-09-16,CLI00020,PRD018,V010,2,963.38,0.0,Marketplace,Concluída
PED008430,2025-01-25,CLI00570,PRD001,V010,2,4442.49,0.1,Televendas,Concluída
PED008431,2025-07-23,CLI00659,PRD007,V002,1,323.51,0.03,E-commerce,Concluída
PED008432,2025-03-04,CLI01241,PRD011,V001,1,2856.77,0.0,Loja Física,Concluída
PED008433,2025-06-27,CLI00514,PRD006,V007,1,194.55,0.0,Loja Física,Concluída
PED008434,2025-05-21,CLI00770,PRD009,V007,1,2946.67,0.1,Loja Física,Concluída
PED008435,2025-10-22,CLI00411,PRD004,V006,1,1547.35,0.0,Loja Física,Concluída
PED008436,2025-11-13,CLI00545,PRD010,V003,1,1643.25,0.0,E-commerce,Concluída
PED008437,2025-06-18,CLI02146,PRD002,V010,3,3017.42,0.03,E-commerce,Concluída
PED008438,2025-07-16,CLI01253,PRD015,V005,1,1579.82,0.05,Loja Física,Cancelada
PED008439,2025-08-17,CLI02363,PRD010,V008,4,1640.63,0.03,Marketplace,Concluída
PED008440,2025-08-28,CLI00120,PRD008,V007,1,2233.23,0.0,E-commerce,Concluída
PED008441,2025-08-20,CLI01143,PRD001,V009,2,4339.9,0.05,E-commerce,Concluída
PED008442,2025-10-13,CLI01793,PRD008,V008,1,2323.7,0.1,Marketplace,Concluída
PED008443,2025-12-25,CLI02063,PRD009,V007,1,2813.48,0.1,Marketplace,Concluída
PED008444,2025-10-30,CLI01915,PRD005,V009,2,341.09,0.15,E-commerce,Concluída
PED008445,2025-02-19,CLI01081,PRD012,V001,1,5574.62,0.03,Loja Física,Concluída
PED008446,2025-06-23,CLI02464,PRD002,V008,1,3105.61,0.0,E-commerce,Concluída
PED008447,2025-06-18,CLI00615,PRD004,V006,1,1563.2,0.0,E-commerce,Concluída
PED008448,2025-07-05,CLI02197,PRD014,V008,3,1387.9,0.1,Loja Física,Concluída
PED008449,2025-07-12,CLI02497,PRD003,V003,1,1049.22,0.08,Televendas,Concluída
PED008450,2025-09-20,CLI00737,PRD005,V006,1,350.13,0.05,Loja Física,Concluída
PED008451,2025-06-03,CLI02047,PRD011,V003,1,2884.81,0.05,Marketplace,Concluída
PED008452,2025-04-07,CLI00761,PRD013,V002,2,1065.15,0.03,Televendas,Concluída
PED008453,2025-06-17,CLI02188,PRD001,V006,6,4385.28,0.05,Loja Física,Cancelada
PED008454,2025-11-08,CLI01110,PRD002,V001,1,2980.09,0.03,E-commerce,Concluída
PED008455,2025-04-24,CLI00905,PRD008,V001,1,2331.12,0.03,Loja Física,Concluída
PED008456,2025-01-08,CLI01811,PRD010,V006,2,1679.6,0.0,Marketplace,Concluída
PED008457,2025-12-23,CLI00571,PRD008,V009,5,2180.79,0.0,Marketplace,Concluída
PED008458,2025-03-13,CLI00103,PRD011,V008,1,2832.3,0.0,Marketplace,Concluída
PED008459,2025-08-09,CLI02274,PRD014,V001,3,1362.85,0.15,Loja Física,Concluída
PED008460,2025-10-20,CLI02405,PRD020,V002,3,637.82,0.15,Marketplace,Concluída
PED008461,2025-04-11,CLI00113,PRD006,V005,1,195.97,0.08,E-commerce,Concluída
PED008462,2025-05-05,CLI01757,PRD003,V005,3,1049.89,0.08,E-commerce,Concluída
PED008463,2025-04-13,CLI00277,PRD005,V001,2,368.29,0.0,Marketplace,Concluída
PED008464,2025-02-24,CLI02127,PRD003,V003,1,1003.8,0.0,Marketplace,Concluída
PED008465,2025-02-25,CLI00580,PRD007,V002,1,322.99,0.0,Marketplace,Concluída
PED008466,2025-03-10,CLI01726,PRD018,V006,1,966.66,0.0,Loja Física,Devolvida
PED008467,2025-06-17,CLI00435,PRD006,V007,1,192.62,0.08,Loja Física,Concluída
PED008468,2025-07-13,CLI02303,PRD003,V004,3,1037.46,0.0,Loja Física,Concluída
PED008469,2025-01-06,CLI00661,PRD009,V006,2,2856.4,0.1,Loja Física,Concluída
PED008470,2025-11-05,CLI02043,PRD020,V003,3,630.39,0.05,Marketplace,Concluída
PED008471,2025-09-04,CLI02112,PRD003,V009,2,1089.78,0.0,E-commerce,Concluída
PED008472,2025-01-26,CLI01090,PRD015,V001,1,1570.77,0.08,Loja Física,Concluída
PED008473,2025-11-04,CLI00341,PRD016,V006,1,2312.91,0.08,Loja Física,Concluída
PED008474,2025-01-12,CLI01773,PRD007,V004,3,342.85,0.05,Loja Física,Concluída
PED008475,2025-07-24,CLI00159,PRD011,V005,1,2975.37,0.0,E-commerce,Concluída
PED008476,2025-06-19,CLI02356,PRD008,V006,1,2232.55,0.03,Loja Física,Concluída
PED008477,2025-07-03,CLI00931,PRD005,V007,2,381.46,0.05,E-commerce,Concluída
PED008478,2025-12-16,CLI02363,PRD007,V010,3,328.96,0.08,Loja Física,Concluída
PED008479,2025-12-05,CLI00056,PRD002,V006,1,2884.91,0.0,Loja Física,Concluída
PED008480,2025-04-12,CLI02251,PRD013,V003,2,1042.03,0.1,E-commerce,Concluída
PED008481,2025-07-31,CLI00363,PRD017,V006,1,853.74,0.0,E-commerce,Concluída
PED008482,2025-12-17,CLI01876,PRD006,V006,3,199.16,0.15,E-commerce,Concluída
PED008483,2025-09-24,CLI00960,PRD009,V009,3,2839.09,0.0,Televendas,Concluída
PED008484,2025-11-21,CLI01587,PRD004,V006,3,1624.25,0.08,Loja Física,Cancelada
PED008485,2025-06-08,CLI00535,PRD002,V009,1,3027.83,0.0,Marketplace,Concluída
PED008486,2025-04-14,CLI01375,PRD012,V007,2,5460.7,0.08,Televendas,Concluída
PED008487,2025-07-06,CLI01466,PRD002,V006,1,3025.65,0.1,Televendas,Concluída
PED008488,2025-10-26,CLI00476,PRD015,V004,2,1562.39,0.03,Marketplace,Concluída
PED008489,2025-12-06,CLI01757,PRD005,V003,6,356.86,0.0,Marketplace,Concluída
PED008490,2025-09-08,CLI01147,PRD016,V001,1,2317.33,0.15,Loja Física,Concluída
PED008491,2025-09-15,CLI01019,PRD006,V006,2,197.98,0.15,Loja Física,Concluída
PED008492,2025-07-06,CLI00337,PRD006,V010,1,202.82,0.08,E-commerce,Concluída
PED008493,2025-04-27,CLI00173,PRD014,V001,2,1301.8,0.03,E-commerce,Concluída
PED008494,2025-06-04,CLI00384,PRD009,V010,2,2828.37,0.0,Marketplace,Concluída
PED008495,2025-07-01,CLI01525,PRD004,V009,2,1611.92,0.03,Loja Física,Concluída
PED008496,2025-10-25,CLI00395,PRD017,V005,2,891.15,0.08,Loja Física,Cancelada
PED008497,2025-07-22,CLI00202,PRD006,V004,6,198.95,0.0,E-commerce,Concluída
PED008498,2025-10-17,CLI01182,PRD002,V006,3,2932.84,0.0,E-commerce,Concluída
PED008499,2025-01-10,CLI01985,PRD007,V009,5,334.08,0.1,E-commerce,Concluída
PED008500,2025-10-04,CLI00218,PRD010,V001,1,1685.18,0.05,Loja Física,Concluída
PED008501,2025-07-05,CLI01435,PRD010,V005,6,1631.78,0.05,Marketplace,Concluída
PED008502,2025-12-31,CLI02148,PRD017,V001,1,827.39,0.1,Marketplace,Concluída
PED008503,2025-06-22,CLI02308,PRD009,V007,1,2935.3,0.05,Loja Física,Concluída
PED008504,2025-06-24,CLI02267,PRD004,V001,2,1617.76,0.03,Marketplace,Concluída
PED008505,2025-02-16,CLI02271,PRD005,V004,1,349.79,0.1,Loja Física,Concluída
PED008506,2025-10-22,CLI01690,PRD002,V008,3,2893.35,0.15,E-commerce,Concluída
PED008507,2025-09-14,CLI01900,PRD014,V008,1,1269.5,0.0,E-commerce,Cancelada
PED008508,2025-11-11,CLI01296,PRD002,,2,2947.08,0.03,E-commerce,Concluída
PED008509,2025-02-03,CLI01776,PRD010,V006,1,1657.2,0.03,E-commerce,Concluída
PED008510,2025-03-19,CLI02385,PRD010,V002,1,1684.18,0.0,E-commerce,Concluída
PED008511,2025-11-17,CLI00447,PRD015,V006,4,1586.78,0.0,Marketplace,Concluída
PED008512,2025-01-16,CLI00805,PRD002,V001,2,2896.0,0.0,E-commerce,Concluída
PED008513,2025-07-05,CLI01316,PRD004,V009,1,1594.0,0.05,E-commerce,Concluída
PED008514,2025-05-28,CLI01511,PRD019,V001,3,1129.91,0.0,E-commerce,Concluída
PED008515,2025-12-09,CLI02117,PRD010,V007,4,1623.62,0.1,Televendas,Concluída
PED008516,2025-11-09,CLI01996,PRD008,V005,2,2312.02,0.05,Marketplace,Concluída
PED008517,2025-11-24,CLI00651,PRD014,V003,1,1363.9,0.03,Marketplace,Concluída
PED008518,2025-04-16,CLI01841,PRD019,V006,6,1111.65,0.08,E-commerce,Concluída
PED008519,2025-08-03,CLI00072,PRD005,V002,1,364.44,0.05,Loja Física,Concluída
PED008520,2025-09-13,CLI02110,PRD019,V006,1,1111.57,0.08,Loja Física,Concluída
PED008521,2025-12-20,CLI00865,PRD002,V007,1,2882.78,0.1,Marketplace,Concluída
PED008522,2025-01-03,CLI00583,PRD020,V005,1,670.63,0.08,Marketplace,Concluída
PED008523,2025-12-23,CLI00997,PRD003,V004,5,988.96,0.08,Marketplace,Concluída
PED008524,2025-05-10,CLI02005,PRD005,V005,5,363.36,0.08,E-commerce,Concluída
PED008525,2025-02-16,CLI02389,PRD002,V010,2,2990.03,0.03,Loja Física,Concluída
PED008526,2025-08-13,CLI00089,PRD016,V008,2,2309.87,0.05,E-commerce,Concluída
PED008527,2025-10-13,CLI02000,PRD020,V001,3,630.4,0.05,E-commerce,Concluída
PED008528,2025-02-17,CLI01379,PRD006,V003,2,199.54,0.15,E-commerce,Concluída
PED008529,2025-01-15,CLI00497,PRD006,V001,2,200.77,0.05,E-commerce,Concluída
PED008530,2025-11-24,CLI00025,PRD005,V003,5,359.62,0.0,E-commerce,Cancelada
PED008531,2025-12-07,CLI00951,PRD003,V008,1,1028.25,0.03,E-commerce,Concluída
PED008532,2025-02-27,CLI00874,PRD015,V009,1,1620.4,0.03,Loja Física,Concluída
PED008533,2025-11-26,CLI02031,PRD001,V005,3,4320.79,0.03,E-commerce,Concluída
PED008534,2025-11-29,CLI01449,PRD020,V007,2,645.47,0.05,Loja Física,Devolvida
PED008535,2025-12-31,CLI01913,PRD020,V004,1,642.86,0.1,E-commerce,Concluída
PED008536,2025-03-20,CLI01776,PRD002,V005,1,3178.58,0.0,Loja Física,Concluída
PED008537,2025-07-31,CLI00676,PRD009,V009,2,2802.62,0.15,Loja Física,Concluída
PED008538,2025-12-29,CLI01246,PRD020,V003,2,659.58,0.08,Televendas,Concluída
PED008539,2025-11-26,CLI01884,PRD017,V004,4,817.39,0.0,Loja Física,Concluída
PED008540,2025-08-09,CLI02371,PRD013,V002,3,1059.44,0.0,E-commerce,Concluída
PED008541,2025-03-13,CLI01087,PRD001,V003,2,4333.07,0.1,E-commerce,Concluída
PED008542,2025-01-31,CLI01279,PRD001,V001,2,4352.53,0.08,E-commerce,Concluída
PED008543,2025-04-05,CLI00779,PRD015,V009,2,1559.33,0.0,Marketplace,Concluída
PED008544,2025-01-24,CLI00180,PRD007,V009,1,341.13,0.05,E-commerce,Concluída
PED008545,2025-03-13,CLI00780,PRD012,V005,1,5415.48,0.0,Marketplace,Concluída
PED008546,2025-01-28,CLI00454,PRD014,V006,2,1385.45,0.05,Loja Física,Concluída
PED008547,2025-10-06,CLI01606,PRD007,V003,4,333.43,0.0,Loja Física,Concluída
PED008548,2025-08-04,CLI02114,PRD003,V001,4,1055.02,0.03,E-commerce,Concluída
PED008549,2025-07-09,CLI01438,PRD007,V006,1,347.77,0.03,E-commerce,Concluída
PED008550,2025-10-23,CLI02363,PRD018,V002,3,946.43,0.05,Loja Física,Concluída
PED008551,2025-05-30,CLI00927,PRD006,V009,2,195.02,0.0,E-commerce,Concluída
PED008552,2025-05-28,CLI01673,PRD001,V003,1,4366.56,0.08,E-commerce,Concluída
PED008553,2025-03-17,CLI00368,PRD020,V008,1,673.21,0.08,Marketplace,Concluída
PED008554,2025-06-12,CLI01861,PRD012,V003,4,5459.54,0.05,Loja Física,Concluída
PED008555,2025-03-05,CLI00857,PRD009,V002,1,3122.08,0.1,Loja Física,Concluída
PED008556,2025-08-04,CLI01548,PRD017,V006,2,870.05,0.08,Loja Física,Concluída
PED008557,2025-12-31,CLI00430,PRD007,V002,2,344.92,0.0,Televendas,Concluída
PED008558,2025-07-14,CLI01597,PRD020,V004,2,660.43,0.0,Loja Física,Concluída
PED008559,2025-04-20,CLI01787,PRD017,V003,2,816.98,0.05,Loja Física,Concluída
PED008560,2025-09-09,CLI02287,PRD005,V009,2,371.11,0.08,E-commerce,Concluída
PED008561,2025-10-27,CLI00362,PRD006,V006,4,190.32,0.15,Loja Física,Concluída
PED008562,2025-06-22,CLI01090,PRD005,V008,1,368.39,0.0,Marketplace,Concluída
PED008563,2025-04-02,CLI01285,PRD011,V006,1,2892.97,0.0,Loja Física,Concluída
PED008564,2025-09-18,CLI01668,PRD011,V010,1,2877.79,0.08,E-commerce,Concluída
PED008565,2025-03-10,CLI00322,PRD009,V005,3,2989.6,0.1,Loja Física,Concluída
PED008566,2025-12-31,CLI01685,PRD020,V009,2,644.54,0.03,E-commerce,Concluída
PED008567,2025-04-27,CLI00330,PRD008,V009,3,2181.59,0.05,Loja Física,Concluída
PED008568,2025-05-08,CLI00991,PRD015,V010,1,1608.36,0.1,Loja Física,Concluída
PED008569,2025-09-23,CLI00600,PRD011,V007,2,2846.86,0.03,Marketplace,Cancelada
PED008570,2025-01-05,CLI01122,PRD009,V010,4,2960.13,0.08,Televendas,Concluída
PED008571,2025-03-16,CLI01142,PRD001,V008,2,4365.06,0.1,E-commerce,Concluída
PED008572,2025-02-15,CLI00801,PRD011,V004,2,2842.96,0.0,E-commerce,Concluída
PED008573,2025-05-23,CLI02009,PRD011,V002,2,2996.77,0.0,E-commerce,Concluída
PED008574,2025-07-22,CLI02385,PRD002,V003,3,3032.67,0.1,Marketplace,Concluída
PED008575,2025-03-07,CLI02462,PRD015,V006,1,1486.75,0.03,E-commerce,Concluída
PED008576,2025-05-06,CLI00330,PRD008,V002,2,2264.82,0.0,E-commerce,Concluída
PED008577,2025-10-09,CLI01452,PRD006,V003,1,198.3,0.05,Marketplace,Concluída
PED008578,2025-12-10,CLI00635,PRD016,V007,1,2360.68,0.05,E-commerce,Concluída
PED008579,2025-01-06,CLI02326,PRD006,V004,2,195.92,0.0,E-commerce,Concluída
PED008580,2025-08-18,CLI01932,PRD011,V007,1,2991.16,0.08,Loja Física,Concluída
PED008581,2025-01-10,CLI02129,PRD011,V010,1,2978.24,0.0,Marketplace,Concluída
PED008582,2025-07-09,CLI00857,PRD001,V001,3,4370.23,0.0,E-commerce,Concluída
PED008583,2025-11-18,CLI00356,PRD007,V007,2,339.96,0.0,E-commerce,Concluída
PED008584,2025-10-19,CLI01733,PRD004,V009,1,1611.33,0.05,E-commerce,Concluída
PED008585,2025-03-26,CLI01486,PRD004,V002,1,1581.16,0.1,E-commerce,Concluída
PED008586,2025-04-05,CLI01818,PRD011,V008,2,2861.41,0.05,E-commerce,Concluída
PED008587,2025-10-13,CLI00954,PRD001,V006,2,4244.14,0.08,E-commerce,Concluída
PED008588,2025-10-27,CLI01383,PRD020,V007,3,644.53,0.0,Loja Física,Concluída
PED008589,2025-04-13,CLI00172,PRD007,V001,2,334.65,0.03,Marketplace,Concluída
PED008590,2025-01-02,CLI01022,PRD006,V005,3,196.05,0.03,Loja Física,Concluída
PED008591,2025-06-12,CLI01646,PRD019,V004,1,1127.21,0.08,Televendas,Concluída
PED008592,2025-08-15,CLI01753,PRD008,V002,2,2256.68,0.05,Televendas,Concluída
PED008593,2025-06-11,CLI01009,PRD010,V008,1,1650.36,0.08,Marketplace,Concluída
PED008594,2025-12-08,CLI00026,PRD013,V006,1,1079.22,0.03,Loja Física,Concluída
PED008595,2025-10-24,CLI01059,PRD018,V009,5,1001.06,0.1,Loja Física,Concluída
PED008596,2025-10-15,CLI01772,PRD002,V002,4,3117.73,0.08,E-commerce,Concluída
PED008597,2025-01-08,CLI00280,PRD002,V008,1,2958.52,0.1,Loja Física,Concluída
PED008598,2025-11-08,CLI01441,PRD020,V007,1,657.91,0.0,Televendas,Concluída
PED008599,2025-10-03,CLI02368,PRD001,V007,4,4595.12,0.0,E-commerce,Concluída
PED008600,2025-05-25,CLI02109,PRD013,V004,1,1053.94,0.05,Marketplace,Concluída
PED008601,2025-08-04,CLI00497,PRD010,V007,4,1684.99,0.05,Televendas,Concluída
PED008602,2025-10-28,CLI01853,PRD009,V003,1,2738.16,0.08,Televendas,Concluída
PED008603,2025-11-27,CLI00735,PRD015,V008,1,1571.26,0.0,Loja Física,Concluída
PED008604,2025-07-21,CLI01405,PRD020,V005,1,643.89,0.05,Televendas,Concluída
PED008605,2025-01-16,CLI01679,PRD001,V005,2,4180.47,0.0,Loja Física,Concluída
PED008606,2025-08-14,CLI01953,PRD010,V006,1,1689.47,0.05,Marketplace,Concluída
PED008607,2025-09-06,CLI00959,PRD013,V001,2,1089.44,0.0,Marketplace,Concluída
PED008608,2025-01-22,CLI00425,PRD006,V004,4,192.27,0.1,Loja Física,Concluída
PED008609,2025-10-26,CLI02194,PRD018,V003,1,977.36,0.0,E-commerce,Concluída
PED008610,2025-03-15,CLI00992,PRD008,V010,2,2319.68,0.05,E-commerce,Concluída
PED008611,2025-11-22,CLI01085,PRD003,V005,1,989.94,0.0,E-commerce,Concluída
PED008612,2025-07-21,CLI01330,PRD017,V001,2,786.47,0.0,Marketplace,Concluída
PED008613,2025-04-28,CLI00323,PRD020,V001,1,645.47,0.05,Loja Física,Concluída
PED008614,2025-01-22,CLI01929,PRD002,V010,2,2936.16,0.0,E-commerce,Concluída
PED008615,2025-01-07,CLI02294,PRD014,V002,3,1387.15,0.05,Marketplace,Concluída
PED008616,2025-09-28,CLI00495,PRD004,V001,4,1590.52,0.0,Loja Física,Concluída
PED008617,2025-05-18,CLI01711,PRD001,V003,4,4400.61,0.08,E-commerce,Concluída
PED008618,2025-11-03,CLI01765,PRD005,V003,1,358.86,0.1,E-commerce,Concluída
PED008619,2025-03-26,CLI00911,PRD017,V001,1,820.67,0.08,Televendas,Concluída
PED008620,2025-12-02,CLI00691,PRD003,V010,1,1036.53,0.0,Televendas,Concluída
PED008621,2025-12-10,CLI01137,PRD002,V001,3,2894.41,0.05,Marketplace,Devolvida
PED008622,2025-02-07,CLI00497,PRD014,V008,1,1296.1,0.0,E-commerce,Devolvida
PED008623,2025-08-25,CLI01063,PRD007,V009,3,332.6,0.03,E-commerce,Concluída
PED008624,2025-12-09,CLI00998,PRD003,V007,5,1005.05,0.08,E-commerce,Concluída
PED008625,2025-04-28,CLI01118,PRD004,V002,1,1596.94,0.0,Marketplace,Cancelada
PED008626,2025-01-25,CLI00492,PRD015,V008,1,1554.71,0.0,E-commerce,Concluída
PED008627,2025-11-16,CLI02380,PRD011,V004,2,2957.33,0.08,Loja Física,Concluída
PED008628,2025-06-23,CLI01091,PRD014,V005,2,1289.42,0.03,E-commerce,Concluída
PED008629,2025-01-10,CLI01346,PRD002,V003,1,2974.82,0.0,E-commerce,Concluída
PED008630,2025-11-03,CLI01356,PRD008,V008,1,2241.12,0.1,Marketplace,Cancelada
PED008631,2025-09-05,CLI00991,PRD015,V006,4,1578.01,0.0,Loja Física,Concluída
PED008632,2025-01-26,CLI00929,PRD005,V002,2,362.8,0.08,E-commerce,Concluída
PED008633,2025-04-05,CLI00479,PRD003,V005,1,1039.79,0.0,Loja Física,Concluída
PED008634,2025-01-07,CLI02352,PRD007,V008,1,333.51,0.15,E-commerce,Concluída
PED008635,2025-12-15,CLI01918,PRD006,V010,3,196.95,0.08,E-commerce,Concluída
PED008636,2025-01-10,CLI01686,PRD003,V010,1,1022.45,0.0,E-commerce,Concluída
PED008637,2025-10-18,CLI01572,PRD020,V002,4,667.38,0.15,Marketplace,Concluída
PED008638,2025-07-06,CLI01010,PRD008,V009,2,2274.68,0.0,Marketplace,Concluída
PED008639,2025-08-01,CLI01639,PRD010,V006,5,1647.94,0.1,E-commerce,Concluída
PED008640,2025-10-24,CLI02367,PRD002,V008,3,2897.8,0.05,E-commerce,Concluída
PED008641,2025-11-23,CLI00264,PRD010,V004,4,1620.4,0.0,E-commerce,Concluída
PED008642,2025-02-16,CLI00795,PRD009,V007,3,2881.26,0.05,E-commerce,Concluída
PED008643,2025-01-07,CLI00418,PRD020,V003,2,644.88,0.0,Marketplace,Concluída
PED008644,2025-02-15,CLI01599,PRD007,V006,1,341.21,0.05,Marketplace,Concluída
PED008645,2025-09-07,CLI00760,PRD015,V003,3,1501.26,0.05,Marketplace,Concluída
PED008646,2025-07-27,CLI01176,PRD006,V004,2,192.82,0.03,E-commerce,Concluída
PED008647,2025-01-31,CLI00161,PRD010,V005,2,1633.38,0.08,Marketplace,Concluída
PED008648,2025-03-27,CLI02182,PRD020,V009,2,665.56,0.1,E-commerce,Concluída
PED008649,2025-07-16,CLI02370,PRD011,V007,1,2797.64,0.05,Loja Física,Concluída
PED008650,2025-09-24,CLI01097,PRD013,V007,1,1057.1,0.05,E-commerce,Concluída
PED008651,2025-05-06,CLI01426,PRD018,V003,1,923.4,0.0,E-commerce,Concluída
PED008652,2025-12-13,CLI00099,PRD020,V005,1,651.41,0.15,Marketplace,Concluída
PED008653,2025-12-29,CLI02011,PRD004,V005,2,1653.0,0.1,Marketplace,Concluída
PED008654,2025-10-07,CLI00770,PRD003,V008,4,1045.08,0.1,Marketplace,Concluída
PED008655,2025-06-15,CLI00966,PRD009,V002,2,2904.05,0.08,Marketplace,Concluída
PED008656,2025-11-17,CLI00790,PRD020,V001,4,629.48,0.03,E-commerce,Concluída
PED008657,2025-09-23,CLI01331,PRD008,V006,5,2289.37,0.0,Loja Física,Concluída
PED008658,2025-07-09,CLI00988,PRD006,V009,1,193.03,0.05,Loja Física,Concluída
PED008659,2025-06-11,CLI01883,PRD009,V008,2,2867.02,0.0,Loja Física,Concluída
PED008660,2025-10-31,CLI01827,PRD001,V009,1,4421.68,0.05,Loja Física,Concluída
PED008661,2025-07-23,CLI00779,PRD003,V004,4,1028.18,0.03,Marketplace,Concluída
PED008662,2025-03-08,CLI01771,PRD003,V003,2,1056.98,0.08,Marketplace,Concluída
PED008663,2025-12-31,CLI02024,PRD001,V007,1,4348.97,0.05,E-commerce,Concluída
PED008664,2025-01-25,CLI00271,PRD013,V001,1,1092.86,0.0,Loja Física,Concluída
PED008665,2025-09-11,CLI00417,PRD006,V009,2,206.14,0.08,E-commerce,Concluída
PED008666,2025-08-28,CLI00142,PRD003,V008,1,1048.62,0.03,Marketplace,Concluída
PED008667,2025-08-02,CLI02383,PRD009,V006,1,2809.11,0.0,E-commerce,Concluída
PED008668,2025-01-19,CLI00474,PRD006,V002,4,194.47,0.03,Loja Física,Concluída
PED008669,2025-06-29,CLI02187,PRD007,V003,1,349.44,0.0,Marketplace,Cancelada
PED008670,2025-11-22,CLI01124,PRD006,V010,2,201.96,0.03,Loja Física,Concluída
PED008671,2025-03-29,CLI00789,PRD001,V001,2,4362.85,0.0,E-commerce,Concluída
PED008672,2025-09-10,CLI01439,PRD012,V001,1,5300.03,0.0,Televendas,Concluída
PED008673,2025-11-10,CLI02461,PRD002,V004,1,2922.54,0.03,Loja Física,Concluída
PED008674,2025-12-14,CLI01150,PRD004,V003,1,1612.64,0.03,Loja Física,Concluída
PED008675,2025-07-08,CLI00160,PRD003,V007,5,1050.77,0.08,E-commerce,Concluída
PED008676,2025-04-25,CLI02031,PRD006,V001,2,201.77,0.0,Loja Física,Concluída
PED008677,2025-09-13,CLI01842,PRD003,V008,1,983.12,0.03,Marketplace,Concluída
PED008678,2025-06-27,CLI01270,PRD006,V008,3,201.12,0.0,Loja Física,Concluída
PED008679,2025-08-17,CLI00758,PRD005,V003,1,373.41,0.0,Loja Física,Concluída
PED008680,2025-09-28,CLI01850,PRD001,V006,1,4105.52,0.03,E-commerce,Concluída
PED008681,2025-09-17,CLI02269,PRD018,V007,1,969.27,0.05,Marketplace,Concluída
PED008682,2025-03-30,CLI02472,PRD006,V009,3,200.56,0.08,E-commerce,Concluída
PED008683,2025-10-03,CLI00642,PRD002,V008,1,2888.03,0.08,Loja Física,Cancelada
PED008684,2025-07-17,CLI01642,PRD009,V010,2,2827.0,0.1,E-commerce,Concluída
PED008685,2025-12-06,CLI01284,PRD002,V002,1,3035.59,0.1,Loja Física,Concluída
PED008686,2025-08-29,CLI01546,PRD015,V007,3,1549.58,0.0,Loja Física,Concluída
PED008687,2025-11-22,CLI00272,PRD001,V008,3,4327.13,0.0,E-commerce,Concluída
PED008688,2025-12-24,CLI01912,PRD008,V003,1,2280.94,0.05,Marketplace,Concluída
PED008689,2025-12-29,CLI01432,PRD020,V003,1,627.25,0.05,Marketplace,Concluída
PED008690,2025-09-29,CLI01262,PRD003,V001,2,1008.11,0.05,Marketplace,Concluída
PED008691,2025-08-07,CLI00842,PRD004,V010,1,1624.19,0.05,Marketplace,Concluída
PED008692,2025-02-13,CLI02294,PRD010,V009,1,1683.7,0.15,E-commerce,Concluída
PED008693,2025-05-21,CLI02066,PRD020,V002,2,652.59,0.05,Televendas,Concluída
PED008694,2025-06-23,CLI01583,PRD007,V003,2,353.62,0.1,Marketplace,Concluída
PED008695,2025-10-12,CLI01614,PRD011,V005,3,2967.28,0.15,E-commerce,Concluída
PED008696,2025-08-03,CLI02253,PRD003,V009,1,1083.57,0.03,Loja Física,Concluída
PED008697,2025-06-10,CLI01838,PRD011,V009,1,2941.3,0.0,Marketplace,Concluída
PED008698,2025-02-23,CLI01218,PRD005,V009,2,362.83,0.03,Marketplace,Concluída
PED008699,2025-09-19,CLI00987,PRD010,V009,2,1661.26,0.03,E-commerce,Concluída
PED008700,2025-06-07,CLI00576,PRD002,V007,1,2946.66,0.1,E-commerce,Concluída
PED008701,2025-01-14,CLI01773,PRD009,V003,2,2807.2,0.15,E-commerce,Concluída
PED008702,2025-04-14,CLI02105,PRD004,V007,1,1569.27,0.0,Marketplace,Concluída
PED008703,2025-11-18,CLI00542,PRD012,V005,2,5433.84,0.0,Televendas,Concluída
PED008704,2025-02-13,CLI00451,PRD014,V010,5,1411.73,0.08,E-commerce,Concluída
PED008705,2025-05-29,CLI01237,PRD017,V005,1,892.53,0.05,Loja Física,Cancelada
PED008706,2025-07-06,CLI02407,PRD020,V008,2,640.85,0.08,Loja Física,Concluída
PED008707,2025-01-31,CLI01356,PRD008,V002,1,2244.57,0.03,Marketplace,Devolvida
PED008708,2025-03-02,CLI02289,PRD012,V007,1,5214.65,0.0,E-commerce,Concluída
PED008709,2025-12-10,CLI00806,PRD001,V005,3,4258.29,0.0,Marketplace,Concluída
PED008710,2025-08-04,CLI00953,PRD019,V005,2,1068.86,0.0,Loja Física,Concluída
PED008711,2025-03-18,CLI01096,PRD010,V008,1,1626.6,0.03,Loja Física,Cancelada
PED008712,2025-03-03,CLI02160,PRD007,V005,2,337.11,0.0,E-commerce,Concluída
PED008713,2025-06-05,CLI02189,PRD008,V001,1,2280.6,0.03,E-commerce,Concluída
PED008714,2025-09-22,CLI02275,PRD014,V004,1,1368.24,0.08,Televendas,Concluída
PED008715,2025-09-24,CLI01202,PRD017,V010,3,838.13,0.0,Loja Física,Concluída
PED008716,2025-03-13,CLI00944,PRD016,V010,1,2430.87,0.1,Marketplace,Concluída
PED008717,2025-09-22,CLI01930,PRD009,V007,2,2887.48,0.0,Televendas,Concluída
PED008718,2025-11-24,CLI02224,PRD006,V007,2,201.2,0.05,Marketplace,Concluída
PED008719,2025-03-24,CLI01318,PRD020,V003,4,639.05,0.0,Televendas,Concluída
PED008720,2025-01-10,CLI01675,PRD011,V008,1,2976.59,0.08,Loja Física,Concluída
PED008721,2025-12-16,CLI00041,PRD009,V006,2,2895.2,0.0,Marketplace,Concluída
PED008722,2025-07-10,CLI00790,PRD010,V001,1,1705.02,0.03,E-commerce,Concluída
PED008723,2025-10-11,CLI01994,PRD011,V010,1,2984.39,0.15,Marketplace,Concluída
PED008724,2025-04-27,CLI01160,PRD013,V009,1,1108.6,0.0,Marketplace,Cancelada
PED008725,2025-04-20,CLI02431,PRD009,V001,3,2824.88,0.08,Marketplace,Concluída
PED008726,2025-03-24,CLI02296,PRD018,V005,1,998.38,0.08,E-commerce,Concluída
PED008727,2025-03-21,CLI02235,PRD017,V008,5,826.42,0.03,E-commerce,Concluída
PED008728,2025-06-22,CLI01598,PRD008,V008,1,2235.92,0.0,Marketplace,Concluída
PED008729,2025-02-08,CLI02071,PRD003,V002,3,1043.02,0.08,Loja Física,Concluída
PED008730,2025-11-04,CLI01621,PRD010,V001,1,1597.28,0.1,Loja Física,Concluída
PED008731,2025-07-06,CLI01032,PRD011,V010,1,2868.7,0.0,E-commerce,Concluída
PED008732,2025-12-01,CLI01817,PRD009,V009,3,2796.71,0.08,Marketplace,Concluída
PED008733,2025-07-03,CLI01115,PRD018,V008,1,978.58,0.08,E-commerce,Concluída
PED008734,2025-04-21,CLI01868,PRD002,V007,2,2981.76,0.05,Loja Física,Concluída
PED008735,2025-07-07,CLI01156,PRD005,V007,3,369.24,0.08,Televendas,Concluída
PED008736,2025-02-26,CLI00842,PRD018,V005,2,1014.98,0.0,Loja Física,Concluída
PED008737,2025-10-28,CLI01057,PRD020,V007,3,650.52,0.05,Marketplace,Concluída
PED008738,2025-09-20,CLI02125,PRD007,V004,1,337.61,0.15,Marketplace,Devolvida
PED008739,2025-02-23,CLI01090,PRD003,V001,2,1045.28,0.08,E-commerce,Concluída
PED008740,2025-08-01,CLI01470,PRD007,V004,2,334.32,0.0,Loja Física,Concluída
PED008741,2025-07-16,CLI01983,PRD008,V003,2,2264.81,0.05,E-commerce,Concluída
PED008742,2025-03-15,CLI02436,PRD009,V004,2,3038.96,0.0,E-commerce,Concluída
PED008743,2025-02-14,CLI02001,PRD005,V005,3,358.72,0.0,Loja Física,Concluída
PED008744,2025-10-05,CLI01387,PRD006,V002,3,198.32,0.0,E-commerce,Concluída
PED008745,2025-04-07,CLI00753,PRD011,V005,1,2924.61,0.0,Loja Física,Concluída
PED008746,2025-07-09,CLI00486,PRD011,V005,1,2906.4,0.05,Televendas,Concluída
PED008747,2025-04-01,CLI01485,PRD012,V002,1,5576.65,0.03,E-commerce,Concluída
PED008748,2025-08-27,CLI00173,PRD007,V005,1,331.11,0.08,Loja Física,Concluída
PED008749,2025-01-18,CLI02044,PRD006,V007,2,196.01,0.1,E-commerce,Concluída
PED008750,2025-05-12,CLI01720,PRD006,V005,1,190.15,0.05,E-commerce,Concluída
PED008751,2025-07-19,CLI01491,PRD020,V001,1,671.1,0.0,Loja Física,Concluída
PED008752,2025-06-10,CLI01408,PRD007,V008,4,350.42,0.15,Loja Física,Concluída
PED008753,2025-08-12,CLI02084,PRD010,V006,4,1613.1,0.0,Loja Física,Concluída
PED008754,2025-03-07,CLI02171,PRD009,V005,2,2729.92,0.05,E-commerce,Devolvida
PED008755,2025-06-11,CLI02273,PRD018,V001,2,981.28,0.0,Loja Física,Concluída
PED008756,2025-10-04,CLI02127,PRD006,V001,1,196.61,0.1,Loja Física,Concluída
PED008757,2025-05-02,CLI01833,PRD008,V001,2,2395.67,0.03,Marketplace,Concluída
PED008758,2025-02-27,CLI00947,PRD017,V009,1,883.58,0.15,Loja Física,Concluída
PED008759,2025-11-06,CLI02100,PRD003,V004,1,1052.19,0.15,E-commerce,Concluída
PED008760,2025-10-12,CLI02484,PRD010,V005,3,1622.96,0.1,E-commerce,Concluída
PED008761,2025-09-06,CLI01983,PRD007,V007,2,339.74,0.08,Marketplace,Concluída
PED008762,2025-10-19,CLI02122,PRD020,V007,1,651.03,0.08,E-commerce,Concluída
PED008763,2025-10-12,CLI01599,PRD013,V001,2,1095.06,0.15,Loja Física,Concluída
PED008764,2025-09-30,CLI00178,PRD001,V010,2,4289.57,0.0,E-commerce,Concluída
PED008765,2025-07-05,CLI02234,PRD017,V003,1,824.55,0.08,Marketplace,Concluída
PED008766,2025-01-08,CLI00845,PRD013,V008,1,1137.75,0.0,Loja Física,Concluída
PED008767,2025-08-06,CLI01458,PRD009,V009,1,2865.16,0.03,Loja Física,Concluída
PED008768,2025-04-10,CLI01626,PRD004,V006,2,1622.41,0.03,Marketplace,Concluída
PED008769,2025-10-10,CLI02069,PRD003,V002,1,1013.54,0.15,E-commerce,Concluída
PED008770,2025-06-20,CLI00111,PRD011,V006,1,3036.76,0.03,Loja Física,Concluída
PED008771,2025-11-27,CLI00161,PRD008,V003,3,2327.4,0.05,E-commerce,Concluída
PED008772,2025-08-06,CLI00723,PRD017,V009,3,854.95,0.05,Loja Física,Concluída
PED008773,2025-07-20,CLI01190,PRD005,V008,2,362.44,0.05,E-commerce,Concluída
PED008774,2025-12-02,CLI01380,PRD011,V009,3,2957.39,0.0,Marketplace,Concluída
PED008775,2025-06-23,CLI00361,PRD005,V009,2,361.44,0.05,Loja Física,Concluída
PED008776,2025-05-18,CLI02396,PRD011,V002,1,2977.43,0.05,E-commerce,Concluída
PED008777,2025-05-16,CLI02025,PRD001,V001,2,4407.94,0.1,E-commerce,Concluída
PED008778,2025-11-16,CLI02173,PRD007,V007,1,340.48,0.15,Marketplace,Concluída
PED008779,2025-10-04,CLI00903,PRD003,V007,2,1005.48,0.0,E-commerce,Concluída
PED008780,2025-03-01,CLI00089,PRD010,V009,6,1643.64,0.0,E-commerce,Concluída
PED008781,2025-06-29,CLI01788,PRD006,V007,1,200.52,0.05,E-commerce,Concluída
PED008782,2025-05-16,CLI01982,PRD014,V009,1,1364.79,0.05,E-commerce,Devolvida
PED008783,2025-08-25,CLI00027,PRD002,V004,1,3091.88,0.08,Televendas,Cancelada
PED008784,2025-01-20,CLI00369,PRD009,V002,4,2964.24,0.08,Marketplace,Concluída
PED008785,2025-09-18,CLI01085,PRD010,V001,1,1673.53,0.0,Marketplace,Concluída
PED008786,2025-09-29,CLI02305,PRD001,V005,4,4387.29,0.1,Televendas,Devolvida
PED008787,2025-03-24,CLI00276,PRD001,V001,1,4404.33,0.0,Loja Física,Concluída
PED008788,2025-02-24,CLI01663,PRD006,V006,3,194.0,0.15,E-commerce,Concluída
PED008789,2025-08-18,CLI02280,PRD010,V005,1,1677.54,0.03,Televendas,Concluída
PED008790,2025-04-04,CLI00362,PRD020,V003,1,667.53,0.1,Marketplace,Concluída
PED008791,2025-12-10,CLI02439,PRD002,V006,1,3071.62,0.0,Loja Física,Concluída
PED008792,2025-10-10,CLI02462,PRD013,V007,1,1100.53,0.05,E-commerce,Concluída
PED008793,2025-12-15,CLI01186,PRD013,V001,1,1078.9,0.0,Loja Física,Concluída
PED008794,2025-07-15,CLI00271,PRD012,V005,1,5461.36,0.08,Marketplace,Concluída
PED008795,2025-12-09,CLI01974,PRD009,V010,2,2851.3,0.1,E-commerce,Concluída
PED008796,2025-01-06,CLI00495,PRD020,V003,2,634.36,0.08,E-commerce,Concluída
PED008797,2025-04-16,CLI00858,PRD008,V008,1,2284.0,0.05,Televendas,Concluída
PED008798,2025-01-01,CLI00189,PRD017,V004,2,793.98,0.0,Loja Física,Concluída
PED008799,2025-09-05,CLI00842,PRD005,V003,3,355.69,0.15,Televendas,Concluída
PED008800,2025-07-06,CLI00934,PRD016,V009,6,2350.57,0.03,E-commerce,Concluída
PED008801,2025-04-15,CLI01029,PRD020,V004,2,686.56,0.05,Loja Física,Concluída
PED008802,2025-04-22,CLI00436,PRD019,V009,1,1091.05,0.0,Televendas,Concluída
PED008803,2025-08-23,CLI00353,PRD006,V007,6,197.03,0.08,Televendas,Concluída
PED008804,2025-03-07,CLI02480,PRD017,V009,5,835.87,0.03,Televendas,Devolvida
PED008805,2025-07-07,CLI02117,PRD002,V009,4,3122.35,0.03,Marketplace,Concluída
PED008806,2025-08-12,CLI01338,PRD012,V010,2,5398.35,0.0,Loja Física,Concluída
PED008807,2025-03-29,CLI00905,PRD006,V006,2,206.83,0.05,Loja Física,Concluída
PED008808,2025-03-25,CLI01942,PRD011,V010,4,2882.15,0.0,E-commerce,Concluída
PED008809,2025-05-10,CLI01928,PRD007,V001,2,350.03,0.1,Loja Física,Concluída
PED008810,2025-08-05,CLI00744,PRD001,V005,1,4360.64,0.08,Televendas,Devolvida
PED008811,2025-04-03,CLI00882,PRD004,V004,6,1582.82,0.15,E-commerce,Concluída
PED008812,2025-05-19,CLI00657,PRD001,V001,3,4477.05,0.03,Loja Física,Concluída
PED008813,2025-07-18,CLI00244,PRD008,V009,1,2343.76,0.05,Marketplace,Concluída
PED008814,2025-03-10,CLI01232,PRD017,V009,1,849.7,0.03,E-commerce,Concluída
PED008815,2025-07-27,CLI02192,PRD014,V008,4,1341.43,0.1,E-commerce,Concluída
PED008816,2025-02-20,CLI01944,PRD015,V007,1,1553.9,0.03,Televendas,Concluída
PED008817,2025-02-22,CLI01266,PRD016,V007,2,2359.71,0.03,E-commerce,Cancelada
PED008818,2025-03-28,CLI01575,PRD006,V004,1,191.44,0.03,E-commerce,Concluída
PED008819,2025-04-15,CLI02256,PRD008,V007,1,2115.68,0.05,Loja Física,Concluída
PED008820,2025-01-11,CLI01200,PRD008,V010,3,2162.36,0.1,E-commerce,Concluída
PED008821,2025-12-17,CLI01984,PRD002,V003,6,2977.12,0.0,E-commerce,Concluída
PED008822,2025-04-23,CLI00358,PRD010,V004,2,1600.69,0.05,Marketplace,Concluída
PED008823,2025-10-21,CLI01603,PRD013,V002,1,1082.24,0.03,Loja Física,Concluída
PED008824,2025-11-26,CLI01242,PRD010,V010,1,1623.61,0.0,E-commerce,Concluída
PED008825,2025-10-20,CLI00191,PRD014,V006,1,1318.54,0.15,Loja Física,Concluída
PED008826,2025-10-31,CLI01603,PRD002,V006,5,2945.1,0.08,Televendas,Concluída
PED008827,2025-02-06,CLI00632,PRD014,V003,1,1374.7,0.15,E-commerce,Concluída
PED008828,2025-05-16,CLI00162,PRD004,V001,5,1614.83,0.03,Loja Física,Cancelada
PED008829,2025-09-30,CLI00872,PRD018,V009,4,1007.33,0.08,Marketplace,Concluída
PED008830,2025-07-30,CLI01564,PRD005,V009,2,361.48,0.05,Marketplace,Concluída
PED008831,2025-01-03,CLI00328,PRD008,V004,1,2160.11,0.05,Marketplace,Concluída
PED008832,2025-07-27,CLI02403,PRD008,V008,6,2209.23,0.0,Marketplace,Cancelada
PED008833,2025-10-21,CLI00409,PRD005,V006,1,361.59,0.0,Marketplace,Concluída
PED008834,2025-10-30,CLI00515,PRD006,V007,4,198.02,0.0,Televendas,Concluída
PED008835,2025-05-21,CLI00221,PRD003,V002,1,1020.57,0.08,E-commerce,Concluída
PED008836,2025-03-28,CLI00576,PRD010,V007,1,1611.96,0.08,E-commerce,Concluída
PED008837,2025-04-23,CLI00427,PRD019,V002,1,1074.35,0.05,Loja Física,Concluída
PED008838,2025-04-19,CLI01113,PRD006,V003,1,196.12,0.0,Marketplace,Concluída
PED008839,2025-05-07,CLI02364,PRD008,V004,2,2265.64,0.08,Televendas,Concluída
PED008840,2025-04-21,CLI01797,PRD017,V003,2,830.23,0.0,Loja Física,Concluída
PED008841,2025-06-16,CLI02425,PRD008,V010,1,2282.39,0.1,E-commerce,Concluída
PED008842,2025-01-15,CLI01213,PRD017,V001,2,858.72,0.03,Loja Física,Concluída
PED008843,2025-04-11,CLI00090,PRD008,V010,1,2262.18,0.08,Marketplace,Concluída
PED008844,2025-04-25,CLI00373,PRD008,V002,4,2229.23,0.0,Loja Física,Concluída
PED008845,2025-02-25,CLI00757,PRD003,V009,4,1053.13,0.03,Marketplace,Concluída
PED008846,2025-11-17,CLI01820,PRD002,V004,2,3092.72,0.05,E-commerce,Devolvida
PED008847,2025-09-04,CLI00448,PRD010,V010,5,1626.25,0.05,Loja Física,Concluída
PED008848,2025-11-29,CLI01326,PRD017,V006,1,840.25,0.0,Televendas,Concluída
PED008849,2025-07-24,CLI02389,PRD002,V005,1,3028.53,0.05,E-commerce,Concluída
PED008850,2025-02-10,CLI01920,PRD019,V002,1,1059.0,0.0,E-commerce,Concluída
PED008851,2025-11-27,CLI01408,PRD006,V005,3,190.55,0.1,Loja Física,Concluída
PED008852,2025-06-17,CLI00655,PRD007,V006,1,336.43,0.03,E-commerce,Concluída
PED008853,2025-09-07,CLI00848,PRD018,V010,4,976.9,0.03,Loja Física,Concluída
PED008854,2025-05-20,CLI02458,PRD018,V003,2,948.06,0.05,E-commerce,Concluída
PED008855,2025-06-30,CLI01088,PRD009,V001,1,2861.4,0.08,E-commerce,Concluída
PED008856,2025-06-28,CLI00401,PRD005,V003,2,342.44,0.0,Loja Física,Concluída
PED008857,2025-04-14,CLI00947,PRD003,V003,2,1051.71,0.08,Televendas,Concluída
PED008858,2025-07-22,CLI02413,PRD005,V010,2,373.53,0.1,E-commerce,Concluída
PED008859,2025-09-25,CLI00923,PRD015,V002,3,1534.39,0.03,E-commerce,Concluída
PED008860,2025-01-08,CLI00221,PRD006,V010,2,199.02,0.0,Televendas,Concluída
PED008861,2025-02-17,CLI01915,PRD013,V002,1,1079.78,0.0,Marketplace,Concluída
PED008862,2025-11-04,CLI00658,PRD003,V009,3,1038.49,0.1,Marketplace,Concluída
PED008863,2025-07-27,CLI01455,PRD008,V005,1,2254.48,0.0,Loja Física,Concluída
PED008864,2025-12-22,CLI00352,PRD006,V001,3,195.34,0.0,E-commerce,Concluída
PED008865,2025-08-09,CLI01143,PRD008,V007,1,2221.17,0.1,Marketplace,Concluída
PED008866,2025-08-27,CLI02061,PRD010,V008,2,1599.74,0.1,E-commerce,Concluída
PED008867,2025-11-25,CLI00250,PRD020,V009,1,663.91,0.03,E-commerce,Concluída
PED008868,2025-08-30,CLI01741,PRD019,V002,1,1045.14,0.0,Televendas,Concluída
PED008869,2025-05-01,CLI00098,PRD013,V007,2,1084.92,0.05,E-commerce,Concluída
PED008870,2025-07-12,CLI01274,PRD003,V006,1,1034.08,0.08,Marketplace,Concluída
PED008871,2025-03-27,CLI02270,PRD019,V005,2,1089.65,0.0,Marketplace,Concluída
PED008872,2025-05-03,CLI02348,PRD018,V009,2,985.51,0.0,Marketplace,Devolvida
PED008873,2025-09-06,CLI00783,PRD018,V005,1,960.42,0.1,Loja Física,Concluída
PED008874,2025-02-24,CLI00446,PRD008,V004,1,2305.45,0.08,Marketplace,Concluída
PED008875,2025-09-03,CLI00690,PRD003,V006,2,1087.16,0.03,Marketplace,Concluída
PED008876,2025-08-02,CLI00907,PRD014,V010,2,1337.13,0.1,E-commerce,Concluída
PED008877,2025-04-23,CLI00898,PRD007,V009,2,324.61,0.05,E-commerce,Concluída
PED008878,2025-01-17,CLI00024,PRD006,V008,1,196.13,0.1,Loja Física,Concluída
PED008879,2025-09-15,CLI01189,PRD007,V001,1,339.92,0.0,E-commerce,Concluída
PED008880,2025-10-28,CLI01055,PRD009,V004,2,2891.51,0.03,Marketplace,Concluída
PED008881,2025-09-24,CLI00340,PRD006,V001,4,187.02,0.05,Televendas,Devolvida
PED008882,2025-06-03,CLI00128,PRD013,V001,2,1094.24,0.03,E-commerce,Concluída
PED008883,2025-08-27,CLI00245,PRD011,V009,2,2905.53,0.03,Loja Física,Concluída
PED008884,2025-06-01,CLI00537,PRD008,V009,2,2313.94,0.05,Marketplace,Concluída
PED008885,2025-05-11,CLI01014,PRD001,V002,2,4310.23,0.05,Televendas,Concluída
PED008886,2025-04-30,CLI00490,PRD020,V005,3,660.17,0.0,Loja Física,Concluída
PED008887,2025-03-18,CLI02336,PRD007,V003,1,329.06,0.03,Loja Física,Concluída
PED008888,2025-12-20,CLI01414,PRD008,V001,3,2269.43,0.08,Marketplace,Concluída
PED008889,2025-09-01,CLI01906,PRD008,V004,1,2213.31,0.05,Loja Física,Concluída
PED008890,2025-03-05,CLI00723,PRD006,V002,1,194.43,0.03,E-commerce,Concluída
PED008891,2025-11-12,CLI00795,PRD012,V008,1,5885.12,0.0,Televendas,Concluída
PED008892,2025-02-25,CLI00206,PRD001,V010,1,4263.16,0.0,Marketplace,Concluída
PED008893,2025-08-05,CLI01003,PRD018,V005,1,960.37,0.08,Loja Física,Concluída
PED008894,2025-03-02,CLI01676,PRD002,V003,1,2908.06,0.08,Televendas,Concluída
PED008895,2025-05-12,CLI00475,PRD020,V005,1,641.19,0.05,Marketplace,Concluída
PED008896,2025-08-29,CLI00418,PRD011,V010,1,2925.46,0.05,Televendas,Concluída
PED008897,2025-12-31,CLI00373,PRD001,V002,1,4286.64,0.0,E-commerce,Concluída
PED008898,2025-12-29,CLI00571,PRD009,V007,1,2975.56,0.03,E-commerce,Concluída
PED008899,2025-11-23,CLI00022,PRD006,V001,3,202.51,0.05,E-commerce,Concluída
PED008900,2025-03-27,CLI01389,PRD020,V004,2,630.86,0.03,E-commerce,Concluída
PED008901,2025-02-04,CLI00524,PRD014,V005,1,1369.65,0.0,E-commerce,Concluída
PED008902,2025-11-27,CLI02444,PRD008,V004,1,2241.19,0.0,E-commerce,Concluída
PED008903,2025-12-03,CLI02049,PRD008,V002,1,2198.71,0.1,E-commerce,Concluída
PED008904,2025-04-12,CLI02056,PRD020,V008,1,634.55,0.05,E-commerce,Concluída
PED008905,2025-01-07,CLI01211,PRD012,V007,1,5337.38,0.1,Loja Física,Concluída
PED008906,2025-08-25,CLI02043,PRD009,V005,1,2930.1,0.05,Televendas,Concluída
PED008907,2025-01-28,CLI01309,PRD007,V005,2,334.49,0.08,Marketplace,Concluída
PED008908,2025-01-15,CLI01635,PRD006,V001,2,203.17,0.0,E-commerce,Concluída
PED008909,2025-12-09,CLI02280,PRD013,V007,2,1089.25,0.0,Marketplace,Concluída
PED008910,2025-06-30,CLI00744,PRD010,V003,1,1628.09,0.05,Televendas,Concluída
PED008911,2025-02-10,CLI01378,PRD017,V004,1,842.94,0.05,E-commerce,Concluída
PED008912,2025-08-27,CLI01472,PRD009,V009,4,2988.17,0.0,Marketplace,Concluída
PED008913,2025-05-15,CLI02342,PRD010,V007,2,1645.1,0.05,Loja Física,Concluída
PED008914,2025-07-15,CLI01995,PRD008,V007,2,2239.82,0.0,Televendas,Cancelada
PED008915,2025-11-25,CLI00412,PRD014,V003,4,1370.88,0.0,Loja Física,Concluída
PED008916,2025-03-28,CLI00449,PRD007,V006,2,346.99,0.15,Marketplace,Concluída
PED008917,2025-08-24,CLI00260,PRD017,V001,1,832.57,0.05,E-commerce,Concluída
PED008918,2025-10-30,CLI02390,PRD006,V003,3,196.86,0.03,E-commerce,Concluída
PED008919,2025-06-04,CLI01568,PRD013,V009,1,1036.35,0.0,E-commerce,Concluída
PED008920,2025-12-21,CLI02030,PRD018,V005,2,968.59,0.1,E-commerce,Concluída
PED008921,2025-06-13,CLI01476,PRD014,V007,1,1352.78,0.1,Televendas,Concluída
PED008922,2025-06-17,CLI01436,PRD006,V008,1,199.03,0.0,E-commerce,Concluída
PED008923,2025-11-19,CLI00223,PRD013,V010,1,1058.31,0.03,Loja Física,Concluída
PED008924,2025-08-21,CLI01222,PRD004,V001,1,1575.75,0.05,Marketplace,Concluída
PED008925,2025-11-14,CLI01814,PRD001,V006,2,4393.84,0.0,Loja Física,Concluída
PED008926,2025-10-16,CLI01870,PRD015,V010,1,1619.18,0.05,Loja Física,Concluída
PED008927,2025-09-18,CLI00885,PRD016,V002,1,2351.97,0.0,Loja Física,Concluída
PED008928,2025-03-30,CLI02396,PRD001,V009,1,4305.9,0.0,E-commerce,Concluída
PED008929,2025-05-26,CLI00444,PRD020,V006,3,661.82,0.05,Marketplace,Concluída
PED008930,2025-11-12,CLI00631,PRD008,V004,3,2275.74,0.03,E-commerce,Concluída
PED008931,2025-08-13,CLI01732,PRD019,V008,2,1095.8,0.05,Loja Física,Concluída
PED008932,2025-04-13,CLI00228,PRD015,V009,1,1601.41,0.0,E-commerce,Concluída
PED008933,2025-04-30,CLI01298,PRD019,V002,2,1088.3,0.05,E-commerce,Concluída
PED008934,2025-10-11,CLI01594,PRD017,V007,1,833.74,0.1,Marketplace,Concluída
PED008935,2025-03-07,CLI00632,PRD020,V010,1,643.65,0.05,E-commerce,Concluída
PED008936,2025-02-10,CLI00875,PRD011,V007,1,3018.11,0.05,E-commerce,Concluída
PED008937,2025-10-07,CLI01072,PRD004,V006,4,1681.35,0.05,Televendas,Concluída
PED008938,2025-04-16,CLI00718,PRD007,V002,2,331.56,0.1,Loja Física,Concluída
PED008939,2025-10-07,CLI02025,PRD014,V005,1,1397.18,0.05,Televendas,Concluída
PED008940,2025-07-14,CLI01089,PRD003,V010,2,1026.24,0.0,Loja Física,Concluída
PED008941,2025-12-31,CLI00452,PRD020,V008,1,646.48,0.0,E-commerce,Concluída
PED008942,2025-07-11,CLI01548,PRD004,V005,1,1673.61,0.05,Loja Física,Cancelada
PED008943,2025-11-13,CLI01426,PRD018,V004,2,959.47,0.08,Marketplace,Concluída
PED008944,2025-11-07,CLI00478,PRD008,V009,3,2252.86,0.0,E-commerce,Concluída
PED008945,2025-03-19,CLI00121,PRD017,V010,2,839.94,0.05,Marketplace,Concluída
PED008946,2025-12-30,CLI01170,PRD020,V003,4,646.76,0.05,Marketplace,Concluída
PED008947,2025-09-30,CLI02371,PRD007,V009,1,344.65,0.03,Loja Física,Concluída
PED008948,2025-02-09,CLI01168,PRD013,V004,2,1066.79,0.05,Loja Física,Concluída
PED008949,2025-01-03,CLI00816,PRD004,V009,4,1663.6,0.03,Televendas,Concluída
PED008950,2025-04-10,CLI00563,PRD015,V010,1,1540.77,0.05,E-commerce,Concluída
PED008951,2025-01-06,CLI01905,PRD016,V007,3,2375.81,0.08,Marketplace,Concluída
PED008952,2025-05-11,CLI00004,PRD005,V005,5,360.79,0.15,Marketplace,Concluída
PED008953,2025-12-30,CLI01332,PRD001,V004,2,4502.61,0.05,Marketplace,Concluída
PED008954,2025-06-24,CLI00515,PRD008,V001,1,2222.83,0.03,E-commerce,Concluída
PED008955,2025-01-09,CLI00114,PRD003,V001,1,1050.56,0.08,Marketplace,Concluída
PED008956,2025-06-30,CLI00065,PRD016,V009,2,2488.6,0.08,Televendas,Concluída
PED008957,2025-03-21,CLI01165,PRD005,V007,4,347.56,0.03,Marketplace,Cancelada
PED008958,2025-11-09,CLI00088,PRD020,V003,1,631.6,0.03,Televendas,Concluída
PED008959,2025-02-03,CLI02471,PRD020,V006,1,679.81,0.0,Loja Física,Concluída
PED008960,2025-10-09,CLI01436,PRD019,V009,1,1087.27,0.05,Marketplace,Concluída
PED008961,2025-06-12,CLI01151,PRD010,V007,1,1649.35,0.03,E-commerce,Concluída
PED008962,2025-01-07,CLI02476,PRD005,V010,3,357.56,0.0,Loja Física,Concluída
PED008963,2025-09-03,CLI01948,PRD016,V002,2,2443.61,0.05,E-commerce,Concluída
PED008964,2025-06-16,CLI00825,PRD013,V001,2,1041.64,0.15,E-commerce,Concluída
PED008965,2025-10-09,CLI02039,PRD020,V007,2,666.13,0.0,Televendas,Concluída
PED008966,2025-08-14,CLI02086,PRD007,V006,2,329.35,0.05,E-commerce,Devolvida
PED008967,2025-10-15,CLI00003,PRD001,V007,2,4195.77,0.1,Loja Física,Concluída
PED008968,2025-06-18,CLI00991,PRD020,V010,1,628.59,0.15,Televendas,Concluída
PED008969,2025-01-03,CLI02158,PRD017,V002,1,850.93,0.03,E-commerce,Concluída
PED008970,2025-02-17,CLI01649,PRD004,V010,3,1576.72,0.0,Marketplace,Cancelada
PED008971,2025-06-17,CLI02305,PRD013,V001,2,1064.44,0.03,E-commerce,Concluída
PED008972,2025-05-26,CLI01193,PRD001,V006,1,4265.56,0.03,E-commerce,Concluída
PED008973,2025-10-17,CLI00338,PRD009,V009,2,2797.59,0.05,E-commerce,Concluída
PED008974,2025-05-31,CLI02456,PRD006,V007,2,192.24,0.05,E-commerce,Concluída
PED008975,2025-11-10,CLI00933,PRD007,V003,1,343.99,0.08,Marketplace,Concluída
PED008976,2025-03-10,CLI01588,PRD005,V007,2,354.82,0.05,Televendas,Concluída
PED008977,2025-05-21,CLI01176,PRD005,V010,1,336.53,0.1,Televendas,Concluída
PED008978,2025-10-04,CLI01404,PRD008,V003,4,2266.31,0.08,Loja Física,Concluída
PED008979,2025-02-15,CLI02386,PRD005,V010,2,367.31,0.05,Loja Física,Concluída
PED008980,2025-04-28,CLI00873,PRD008,V007,3,2252.61,0.0,Loja Física,Concluída
PED008981,2025-10-02,CLI02495,PRD010,V001,3,1592.84,0.08,Televendas,Concluída
PED008982,2025-08-03,CLI02037,PRD013,V004,3,1105.65,0.08,Loja Física,Concluída
PED008983,2025-10-11,CLI00126,PRD012,V009,1,5321.32,0.03,Marketplace,Concluída
PED008984,2025-07-08,CLI02490,PRD004,V004,1,1592.5,0.0,Televendas,Concluída
PED008985,2025-11-10,CLI01558,PRD001,V010,4,4364.44,0.05,E-commerce,Concluída
PED008986,2025-11-17,CLI00686,PRD017,V005,4,876.69,0.0,Loja Física,Concluída
PED008987,2025-12-22,CLI01485,PRD018,V004,4,983.4,0.08,Loja Física,Concluída
PED008988,2025-02-14,CLI00329,PRD020,V009,6,650.0,0.0,Marketplace,Concluída
PED008989,2025-08-04,CLI02227,PRD020,V008,2,661.18,0.05,E-commerce,Concluída
PED008990,2025-02-11,CLI02429,PRD011,V003,2,2851.46,0.03,E-commerce,Concluída
PED008991,2025-03-25,CLI02457,PRD018,V008,3,1007.69,0.03,Loja Física,Concluída
PED008992,2025-04-20,CLI01771,PRD008,V003,1,2094.6,0.08,Marketplace,Concluída
PED008993,2025-08-24,CLI02233,PRD015,V009,3,1626.14,0.0,Televendas,Cancelada
PED008994,2025-06-07,CLI00147,PRD020,V001,3,632.56,0.0,E-commerce,Concluída
PED008995,2025-11-12,CLI02419,PRD015,V007,2,1585.02,0.0,E-commerce,Concluída
PED008996,2025-04-19,CLI00509,PRD007,V002,1,354.36,0.0,E-commerce,Concluída
PED008997,2025-08-14,CLI02409,PRD007,V007,2,346.78,0.03,Loja Física,Concluída
PED008998,2025-10-06,CLI01897,PRD005,V010,4,363.91,0.0,Televendas,Concluída
PED008999,2025-12-24,CLI01715,PRD006,V007,1,201.09,0.03,E-commerce,Concluída
PED009000,2025-03-31,CLI02286,PRD016,V005,1,2259.75,0.05,Loja Física,Concluída
PED009001,2025-09-25,CLI00345,PRD013,V009,2,1049.34,0.1,Marketplace,Concluída
PED009002,2025-01-31,CLI00162,PRD005,V002,3,363.0,0.0,Televendas,Concluída
PED009003,2025-07-18,CLI00356,PRD013,V006,2,1080.07,0.1,Loja Física,Concluída
PED009004,2025-06-01,CLI00291,PRD007,V010,2,339.31,0.15,Marketplace,Concluída
PED009005,2025-12-16,CLI00081,PRD009,V004,1,2951.36,0.05,Televendas,Cancelada
PED009006,2025-10-10,CLI00327,PRD006,V001,2,202.5,0.08,Loja Física,Concluída
PED009007,2025-12-05,CLI01414,PRD009,V005,4,2796.84,0.05,Marketplace,Concluída
PED009008,2025-11-07,CLI02327,PRD013,V005,1,1097.44,0.0,E-commerce,Devolvida
PED009009,2025-05-30,CLI00034,PRD013,V009,1,1042.98,0.15,E-commerce,Concluída
PED009010,2025-09-25,CLI02328,PRD014,V009,1,1288.94,0.1,Loja Física,Concluída
PED009011,2025-01-12,CLI00418,PRD007,V004,1,334.35,0.03,Loja Física,Concluída
PED009012,2025-07-23,CLI01561,PRD013,V008,1,1083.99,0.0,E-commerce,Concluída
PED009013,2025-01-18,CLI01116,PRD004,V002,3,1579.18,0.0,Loja Física,Devolvida
PED009014,2025-09-22,CLI01032,PRD008,V002,2,2294.01,0.05,E-commerce,Concluída
PED009015,2025-12-19,CLI00891,PRD010,V007,2,1644.05,0.1,Loja Física,Concluída
PED009016,2025-09-06,CLI01400,PRD012,V008,2,5663.88,0.0,Marketplace,Concluída
PED009017,2025-11-03,CLI00794,PRD019,V009,4,1105.81,0.05,Loja Física,Concluída
PED009018,2025-03-27,CLI01613,PRD006,V007,1,191.72,0.08,Marketplace,Concluída
PED009019,2025-12-29,CLI01717,PRD017,V002,1,872.88,0.03,Loja Física,Concluída
PED009020,2025-07-21,CLI02121,PRD006,V007,1,192.59,0.05,Marketplace,Concluída
PED009021,2025-09-04,CLI01374,PRD009,V005,6,2892.19,0.03,Loja Física,Concluída
PED009022,2025-10-09,CLI01677,PRD017,V003,2,843.15,0.0,Loja Física,Concluída
PED009023,2025-08-22,CLI00268,PRD013,V004,2,1121.36,0.05,E-commerce,Cancelada
PED009024,2025-04-26,CLI01704,PRD017,V009,1,869.26,0.0,Marketplace,Concluída
PED009025,2025-08-12,CLI01289,PRD016,V002,1,2305.94,0.05,Loja Física,Concluída
PED009026,2025-08-27,CLI02432,PRD005,V006,5,357.07,0.03,Marketplace,Concluída
PED009027,2025-11-09,CLI01775,PRD020,V001,1,698.96,0.08,Loja Física,Concluída
PED009028,2025-06-25,CLI00415,PRD020,V008,3,625.78,0.05,Televendas,Concluída
PED009029,2025-07-03,CLI01833,PRD008,V002,3,2227.59,0.1,Loja Física,Concluída
PED009030,2025-07-03,CLI01884,PRD001,V010,2,4293.57,0.08,Loja Física,Concluída
PED009031,2025-02-11,CLI01480,PRD006,V009,1,191.13,0.08,Marketplace,Concluída
PED009032,2025-02-02,CLI02362,PRD017,V009,1,831.17,0.03,Loja Física,Concluída
PED009033,2025-01-08,CLI01334,PRD020,V004,1,644.39,0.03,E-commerce,Concluída
PED009034,2025-09-01,CLI00456,PRD017,V008,5,863.83,0.08,Marketplace,Concluída
PED009035,2025-06-02,CLI00068,PRD007,V002,3,328.36,0.08,Marketplace,Concluída
PED009036,2025-11-12,CLI00938,PRD001,V003,1,4312.09,0.05,Loja Física,Concluída
PED009037,2025-09-14,CLI00595,PRD009,V002,4,2805.2,0.0,Loja Física,Concluída
PED009038,2025-02-21,CLI00929,PRD007,V001,1,331.97,0.0,Loja Física,Concluída
PED009039,2025-02-06,CLI01161,PRD002,V004,1,3068.19,0.0,E-commerce,Concluída
PED009040,2025-05-14,CLI02146,PRD002,V006,1,2936.41,0.0,Marketplace,Concluída
PED009041,2025-12-03,CLI00872,PRD003,V009,4,1000.27,0.08,E-commerce,Concluída
PED009042,2025-01-18,CLI01488,PRD004,V001,1,1640.71,0.05,Marketplace,Concluída
PED009043,2025-03-10,CLI01784,PRD014,V005,1,1384.23,0.05,Marketplace,Concluída
PED009044,2025-01-11,CLI01572,PRD007,V008,1,344.01,0.0,E-commerce,Concluída
PED009045,2025-05-31,CLI01813,PRD008,V003,1,2215.06,0.08,E-commerce,Concluída
PED009046,2025-12-28,CLI01503,PRD010,V008,2,1633.26,0.0,E-commerce,Concluída
PED009047,2025-09-07,CLI01885,PRD020,V006,1,635.57,0.0,E-commerce,Concluída
PED009048,2025-06-30,CLI01098,PRD014,V006,3,1340.58,0.08,Loja Física,Concluída
PED009049,2025-02-22,CLI00827,PRD011,V002,5,2989.03,0.05,Loja Física,concluida
PED009050,2025-05-10,CLI00455,PRD014,V002,1,1341.39,0.0,Televendas,Concluída
PED009051,2025-07-11,CLI00030,PRD013,V009,5,1085.33,0.0,Marketplace,Concluída
PED009052,2025-04-11,CLI00114,PRD013,V009,3,1071.51,0.03,Loja Física,Concluída
PED009053,2025-09-15,CLI00118,PRD008,V005,4,2306.12,0.05,Loja Física,Concluída
PED009054,2025-12-24,CLI00700,PRD009,V006,1,2889.1,0.0,Marketplace,Concluída
PED009055,2025-03-17,CLI01024,PRD008,V006,3,2164.18,0.05,E-commerce,Concluída
PED009056,2025-04-03,CLI02451,PRD007,V006,2,326.75,0.03,Loja Física,Concluída
PED009057,2025-02-16,CLI01181,PRD005,V008,1,357.56,0.05,Marketplace,Concluída
PED009058,2025-09-22,CLI02041,PRD006,V006,3,201.61,0.08,Marketplace,Concluída
PED009059,2025-06-18,CLI01425,PRD008,V002,1,2334.58,0.08,Loja Física,Concluída
PED009060,2025-04-14,CLI00522,PRD010,V001,3,1676.05,0.0,Marketplace,Concluída
PED009061,2025-03-22,CLI01169,PRD008,V009,2,2259.88,0.0,Marketplace,Concluída
PED009062,2025-01-26,CLI00708,PRD002,V008,2,3103.3,0.0,E-commerce,Concluída
PED009063,2025-06-23,CLI01655,PRD006,V002,1,193.27,0.0,Marketplace,Cancelada
PED009064,2025-09-07,CLI01310,PRD007,V001,4,339.06,0.03,Loja Física,Concluída
PED009065,2025-03-27,CLI00263,PRD013,V003,1,1046.87,0.0,E-commerce,Concluída
PED009066,2025-01-01,CLI01660,PRD006,V006,3,195.13,0.08,Marketplace,Concluída
PED009067,2025-06-22,CLI01387,PRD001,V006,2,4272.76,0.08,E-commerce,Concluída
PED009068,2025-09-04,CLI00176,PRD002,V002,1,3108.76,0.08,E-commerce,Concluída
PED009069,2025-05-06,CLI01761,PRD008,V002,2,2344.47,0.03,E-commerce,Concluída
PED009070,2025-04-02,CLI00164,PRD003,V003,5,1037.38,0.08,E-commerce,Concluída
PED009071,2025-02-26,CLI01030,PRD008,V005,4,2294.9,0.05,Marketplace,Concluída
PED009072,2025-09-30,CLI01608,PRD010,V003,1,1619.84,0.05,Marketplace,Concluída
PED009073,2025-11-11,CLI01601,PRD020,V005,1,605.17,0.0,Marketplace,Concluída
PED009074,2025-10-08,CLI01514,PRD011,V001,1,2880.5,0.1,Televendas,Concluída
PED009075,2025-07-09,CLI01659,PRD001,V010,3,4448.49,0.03,E-commerce,Concluída
PED009076,2025-09-22,CLI01373,PRD007,V009,1,345.73,0.0,E-commerce,Concluída
PED009077,2025-05-25,CLI01011,PRD015,V004,1,1554.71,0.03,E-commerce,Concluída
PED009078,2025-01-09,CLI00797,PRD005,V009,1,367.22,0.0,Loja Física,Concluída
PED009079,2025-05-15,CLI01877,PRD020,V006,5,638.54,0.15,Loja Física,Concluída
PED009080,2025-09-14,CLI01222,PRD009,V001,1,2781.04,0.05,E-commerce,Concluída
PED009081,2025-08-25,CLI01674,PRD002,V003,3,3049.01,0.1,E-commerce,Concluída
PED009082,2025-12-28,CLI01659,PRD004,V001,1,1580.83,0.15,Televendas,Concluída
PED009083,2025-12-31,CLI01606,PRD019,V008,2,1118.93,0.05,Marketplace,Concluída
PED009084,2025-03-30,CLI00579,PRD020,V008,2,613.88,0.08,Marketplace,Concluída
PED009085,2025-01-04,CLI01508,PRD017,V007,4,841.51,0.1,Loja Física,Cancelada
PED009086,2025-04-11,CLI00079,PRD006,V001,3,199.77,0.0,Loja Física,Concluída
PED009087,2025-11-16,CLI01627,PRD014,V003,1,1358.81,0.0,Loja Física,Concluída
PED009088,2025-10-24,CLI01232,PRD004,V005,1,1596.51,0.03,E-commerce,Concluída
PED009089,2025-02-06,CLI01095,PRD007,V002,1,344.44,0.05,Loja Física,Concluída
PED009090,2025-02-28,CLI01758,PRD013,V002,1,1089.23,0.08,Loja Física,Concluída
PED009091,2025-07-25,CLI01852,PRD020,V004,6,622.1,0.03,Loja Física,Concluída
PED009092,2025-08-30,CLI00493,PRD008,V006,2,2247.8,0.08,Marketplace,Concluída
PED009093,2025-12-25,CLI01299,PRD008,V001,4,2281.32,0.05,Televendas,Concluída
PED009094,2025-10-03,CLI00907,PRD004,V010,1,1625.71,0.03,Loja Física,Concluída
PED009095,2025-03-19,CLI01345,PRD007,V005,4,341.42,0.05,Loja Física,Concluída
PED009096,2025-01-14,CLI00801,PRD001,V002,4,4306.57,0.1,E-commerce,Concluída
PED009097,2025-08-20,CLI01208,PRD017,V001,2,825.18,0.03,E-commerce,Concluída
PED009098,2025-07-22,CLI02068,PRD001,V010,1,4449.01,0.03,E-commerce,Concluída
PED009099,2025-12-03,CLI00568,PRD012,V006,4,5598.96,0.05,Loja Física,Concluída
PED009100,2025-07-30,CLI02442,PRD005,V009,4,369.45,0.03,Loja Física,Concluída
PED009101,2025-07-02,CLI02232,PRD008,V008,1,2207.27,0.0,E-commerce,Concluída
PED009102,2025-04-21,CLI01262,PRD005,V010,5,361.65,0.1,Loja Física,Concluída
PED009103,2025-02-01,CLI01995,PRD007,V009,4,336.06,0.0,E-commerce,Concluída
PED009104,2025-11-16,CLI00994,PRD009,V008,1,2866.06,0.0,Marketplace,Concluída
PED009105,2025-10-29,CLI02305,PRD011,V009,1,3149.85,0.1,Televendas,Devolvida
PED009106,2025-03-01,CLI01564,PRD020,V009,1,660.75,0.05,E-commerce,Concluída
PED009107,2025-09-14,CLI01504,PRD006,V003,2,193.11,0.03,Marketplace,Concluída
PED009108,2025-05-13,CLI02445,PRD010,V006,4,1634.29,0.03,E-commerce,Concluída
PED009109,2025-06-09,CLI01815,PRD019,V010,4,1081.05,0.0,Loja Física,Concluída
PED009110,2025-11-06,CLI01868,PRD005,V009,1,361.67,0.0,Loja Física,Concluída
PED009111,2025-11-04,CLI02407,PRD018,V002,2,932.47,0.1,E-commerce,Concluída
PED009112,2025-03-11,CLI00177,PRD020,V002,2,651.38,0.0,Marketplace,Concluída
PED009113,2025-04-23,CLI00619,PRD017,V003,2,808.47,0.0,Televendas,Concluída
PED009114,2025-10-27,CLI01051,PRD010,V008,3,1575.9,0.08,E-commerce,Concluída
PED009115,2025-12-01,CLI00024,PRD013,V004,2,1139.75,0.1,Marketplace,Concluída
PED009116,2025-01-29,CLI00492,PRD008,V007,1,2247.96,0.08,Loja Física,Cancelada
PED009117,2025-11-01,CLI01442,PRD010,V002,1,1703.32,0.0,Marketplace,Concluída
PED009118,2025-06-28,CLI00390,PRD020,V001,4,633.06,0.0,Loja Física,Concluída
PED009119,2025-08-04,CLI02146,PRD005,V008,1,341.61,0.15,E-commerce,Concluída
PED009120,2025-01-28,CLI01704,PRD015,V003,2,1528.86,0.08,Marketplace,Concluída
PED009121,2025-09-06,CLI01071,PRD008,V001,6,2420.86,0.08,E-commerce,Concluída
PED009122,2025-09-05,CLI01852,PRD003,V003,4,999.21,0.03,Loja Física,Concluída
PED009123,2025-08-30,CLI00576,PRD011,V004,2,3066.88,0.08,Televendas,Concluída
PED009124,2025-10-16,CLI01215,PRD015,V005,1,1583.65,0.15,Loja Física,Concluída
PED009125,2025-12-12,CLI01879,PRD010,V009,2,1649.61,0.03,Loja Física,Concluída
PED009126,2025-11-07,CLI01127,PRD017,V002,2,837.68,0.03,E-commerce,Concluída
PED009127,2025-09-29,CLI01408,PRD006,V007,1,192.4,0.0,Marketplace,Concluída
PED009128,2025-12-25,CLI00908,PRD019,V003,1,1106.31,0.08,E-commerce,Concluída
PED009129,2025-09-04,CLI02342,PRD011,V005,1,3033.32,0.0,Televendas,Concluída
PED009130,2025-09-03,CLI02372,PRD016,V003,2,2358.09,0.0,Loja Física,Concluída
PED009131,2025-07-17,CLI00962,PRD005,V004,5,367.22,0.05,E-commerce,Concluída
PED009132,2025-10-08,CLI00701,PRD008,V006,3,2244.28,0.08,Loja Física,Concluída
PED009133,2025-01-27,CLI00755,PRD019,V006,1,1150.2,0.03,Loja Física,Concluída
PED009134,2025-07-04,CLI00537,PRD001,V002,1,4392.88,0.1,Loja Física,Concluída
PED009135,2025-06-05,CLI01314,PRD007,V002,2,359.36,0.0,Loja Física,Concluída
PED009136,2025-11-30,CLI02362,PRD015,V003,2,1532.21,0.05,E-commerce,Concluída
PED009137,2025-01-27,CLI02455,PRD014,V009,1,1340.73,0.05,Marketplace,Concluída
PED009138,2025-08-23,CLI01401,PRD017,V004,5,876.53,0.05,Marketplace,Concluída
PED009139,2025-03-09,CLI01484,PRD014,V006,4,1347.01,0.05,E-commerce,Concluída
PED009140,2025-11-19,CLI00327,PRD020,V005,4,654.51,0.05,E-commerce,Concluída
PED009141,2025-11-07,CLI00984,PRD008,V004,1,2212.97,0.08,Loja Física,Concluída
PED009142,2025-03-27,CLI01997,PRD011,V001,3,2906.7,0.08,Loja Física,Concluída
PED009143,2025-11-15,CLI01269,PRD017,V005,2,834.98,0.15,E-commerce,Concluída
PED009144,2025-07-01,CLI01545,PRD013,V010,2,1083.11,0.1,E-commerce,Cancelada
PED009145,2025-12-21,CLI01584,PRD002,V010,1,2979.56,0.05,E-commerce,Concluída
PED009146,2025-09-24,CLI02008,PRD006,V004,1,194.23,0.08,Marketplace,Concluída
PED009147,2025-01-13,CLI01265,PRD009,V006,1,2908.0,0.03,Loja Física,Concluída
PED009148,2025-03-15,CLI01505,PRD014,V003,4,1306.5,0.05,Loja Física,Concluída
PED009149,2025-05-28,CLI00218,PRD009,V010,2,2708.93,0.0,Televendas,Concluída
PED009150,2025-03-19,CLI02160,PRD015,V006,6,1547.66,0.03,E-commerce,Concluída
PED009151,2025-02-18,CLI01310,PRD017,V010,2,899.6,0.1,Televendas,Concluída
PED009152,2025-12-23,CLI01840,PRD005,V009,1,365.15,0.05,Loja Física,Cancelada
PED009153,2025-11-14,CLI01480,PRD010,V004,2,1609.89,0.0,Loja Física,Cancelada
PED009154,2025-06-08,CLI01706,PRD009,V005,1,2894.59,0.05,E-commerce,Concluída
PED009155,2025-03-20,CLI01114,PRD004,V006,4,1600.01,0.03,Loja Física,Concluída
PED009156,2025-03-08,CLI02142,PRD008,V003,1,2290.4,0.08,Marketplace,Concluída
PED009157,2025-12-01,CLI00096,PRD009,V009,1,2925.77,0.0,E-commerce,Concluída
PED009158,2025-05-01,CLI00698,PRD016,V006,2,2357.92,0.05,E-commerce,Concluída
PED009159,2025-01-05,CLI00524,PRD008,V003,3,2275.26,0.08,E-commerce,Concluída
PED009160,2025-05-26,CLI00197,PRD002,V005,2,3104.91,0.05,Loja Física,Concluída
PED009161,2025-06-15,CLI01150,PRD008,V009,1,2299.02,0.0,E-commerce,Concluída
PED009162,2025-08-16,CLI00109,PRD017,V005,3,857.82,0.08,Loja Física,Concluída
PED009163,2025-05-04,CLI00908,PRD010,V008,1,1646.42,0.08,E-commerce,Concluída
PED009164,2025-12-03,CLI00474,PRD006,V010,2,194.05,0.03,E-commerce,Concluída
PED009165,2025-08-23,CLI01235,PRD019,V004,2,1056.96,0.0,Marketplace,Concluída
PED009166,2025-12-27,CLI01155,PRD003,V010,1,1053.1,0.05,E-commerce,Concluída
PED009167,2025-05-14,CLI01674,PRD006,V005,2,203.11,0.03,Marketplace,Concluída
PED009168,2025-08-26,CLI00019,PRD008,V006,1,2292.68,0.03,Loja Física,Cancelada
PED009169,2025-05-14,CLI00419,PRD014,V008,1,1361.23,0.03,Marketplace,Concluída
PED009170,2025-09-13,CLI01670,PRD017,V001,2,834.73,0.03,E-commerce,Concluída
PED009171,2025-09-30,CLI00372,PRD001,V008,1,4301.74,0.08,Loja Física,Concluída
PED009172,2025-04-28,CLI02382,PRD015,V006,1,1519.79,0.15,Loja Física,Cancelada
PED009173,2025-12-09,CLI02286,PRD013,V007,2,1078.66,0.08,Marketplace,Concluída
PED009174,2025-11-09,CLI01051,PRD018,V010,3,993.23,0.0,E-commerce,Concluída
PED009175,2025-11-23,CLI01842,PRD019,V005,4,1071.91,0.03,Loja Física,Concluída
PED009176,2025-03-21,CLI01366,PRD015,V010,4,1567.17,0.0,Marketplace,Concluída
PED009177,2025-09-20,CLI01358,PRD003,V006,2,1053.93,0.05,Loja Física,Concluída
PED009178,2025-02-08,CLI02394,PRD006,V003,1,202.77,0.05,E-commerce,Concluída
PED009179,2025-02-08,CLI02285,PRD020,V007,2,619.54,0.15,Loja Física,Concluída
PED009180,2025-12-22,CLI00302,PRD010,V002,3,1625.08,0.03,E-commerce,Concluída
PED009181,2025-02-25,CLI00796,PRD009,V009,2,2809.9,0.0,Televendas,Concluída
PED009182,2025-11-12,CLI00994,PRD019,V002,6,1067.02,0.05,Marketplace,Concluída
PED009183,2025-06-07,CLI00898,PRD018,V005,2,960.12,0.03,E-commerce,Concluída
PED009184,2025-04-21,CLI02468,PRD013,V009,1,1032.58,0.0,E-commerce,Concluída
PED009185,2025-01-27,CLI01987,PRD018,V001,3,960.49,0.03,Marketplace,Concluída
PED009186,2025-09-04,CLI00351,PRD002,V005,1,2996.28,0.0,Marketplace,Concluída
PED009187,2025-09-21,CLI01528,PRD014,V006,5,1307.24,0.0,Loja Física,Concluída
PED009188,2025-06-20,CLI02203,PRD020,V004,1,638.37,0.05,Marketplace,Concluída
PED009189,2025-10-23,CLI00598,PRD001,V007,2,4368.97,0.08,Televendas,Concluída
PED009190,2025-04-28,CLI01018,PRD004,V004,2,1610.2,0.1,E-commerce,Concluída
PED009191,2025-07-21,CLI01546,PRD015,V004,1,1505.94,0.0,Marketplace,Concluída
PED009192,2025-04-15,CLI01293,PRD009,V003,3,2912.86,0.03,E-commerce,Concluída
PED009193,2025-08-01,CLI01877,PRD002,V007,1,3047.87,0.08,Marketplace,Concluída
PED009194,2025-02-19,CLI02061,PRD005,V009,1,353.86,0.15,E-commerce,Concluída
PED009195,2025-06-23,CLI00628,PRD006,V002,1,205.09,0.08,E-commerce,Concluída
PED009196,2025-07-20,CLI02463,PRD006,V005,3,199.07,0.05,E-commerce,Concluída
PED009197,2025-07-23,CLI00953,PRD018,V003,4,976.94,0.1,Loja Física,Concluída
PED009198,2025-06-13,CLI00067,PRD012,V003,1,5604.5,0.08,E-commerce,Concluída
PED009199,2025-08-23,CLI00232,PRD014,V010,3,1307.58,0.0,E-commerce,Concluída
PED009200,2025-07-06,CLI00870,PRD001,V008,4,4328.25,0.0,Loja Física,Concluída
PED009201,2025-04-14,CLI00996,PRD008,V010,1,2303.44,0.1,Marketplace,Concluída
PED009202,2025-03-20,CLI00730,PRD006,V007,6,192.9,0.1,Loja Física,Concluída
PED009203,2025-08-25,CLI01037,PRD017,V007,1,846.14,0.03,Marketplace,Concluída
PED009204,2025-12-09,CLI01151,PRD020,V008,3,655.86,0.05,E-commerce,Concluída
PED009205,2025-10-02,CLI00547,PRD007,V007,2,344.63,0.03,E-commerce,Concluída
PED009206,2025-08-22,CLI00390,PRD020,V009,5,646.49,0.08,Marketplace,Concluída
PED009207,2025-12-03,CLI00105,PRD001,V004,1,4373.66,0.03,E-commerce,Cancelada
PED009208,2025-11-25,CLI00797,PRD006,V002,1,195.97,0.03,E-commerce,Concluída
PED009209,2025-07-04,CLI01554,PRD015,V005,3,1603.57,0.03,Loja Física,Concluída
PED009210,2025-02-09,CLI01545,PRD006,V001,3,207.11,0.03,Marketplace,Concluída
PED009211,2025-08-20,CLI00038,PRD019,V001,2,1098.91,0.1,Marketplace,Concluída
PED009212,2025-08-16,CLI02007,PRD004,V001,2,1656.84,0.1,E-commerce,Concluída
PED009213,2025-04-12,CLI01989,PRD015,V001,2,1552.96,0.0,Loja Física,Concluída
PED009214,2025-11-07,CLI02403,PRD004,V008,1,1578.04,0.0,Televendas,Concluída
PED009215,2025-11-14,CLI00992,PRD003,V006,1,1015.33,0.0,E-commerce,Concluída
PED009216,2025-05-01,CLI00650,PRD008,V010,1,2216.34,0.0,E-commerce,Concluída
PED009217,2025-06-24,CLI01129,PRD020,V003,1,641.41,0.05,Marketplace,Concluída
PED009218,2025-03-13,CLI02437,PRD010,V004,3,1681.11,0.05,E-commerce,Concluída
PED009219,2025-03-07,CLI01263,PRD011,V005,1,3010.1,0.0,Marketplace,Concluída
PED009220,2025-04-07,CLI00758,PRD001,V008,2,4311.19,0.15,E-commerce,Concluída
PED009221,2025-05-14,CLI00629,PRD001,V010,1,4331.47,0.35,Loja Física,Devolvida
PED009222,2025-04-10,CLI02318,PRD001,V008,4,4366.61,0.0,Loja Física,Concluída
PED009223,2025-02-25,CLI00823,PRD016,V006,1,2360.3,0.08,Marketplace,Concluída
PED009224,2025-06-13,CLI01870,PRD004,V010,1,1628.94,0.03,Marketplace,Concluída
PED009225,2025-08-16,CLI01202,PRD006,V002,3,194.87,0.05,Loja Física,Concluída
PED009226,2025-04-29,CLI01031,PRD010,V005,1,1636.44,0.03,Loja Física,Concluída
PED009227,2025-07-14,CLI00414,PRD010,V003,3,1700.38,0.0,Loja Física,Concluída
PED009228,2025-04-10,CLI02435,PRD007,V002,1,339.6,0.03,E-commerce,Concluída
PED009229,2025-09-14,CLI00770,PRD001,V004,3,4304.1,0.15,E-commerce,Concluída
PED009230,2025-08-25,CLI00074,PRD008,V008,1,2263.57,0.08,E-commerce,Concluída
PED009231,2025-12-17,CLI01730,PRD014,V004,1,1344.86,0.05,Loja Física,Concluída
PED009232,2025-01-20,CLI01962,PRD004,V009,2,1543.55,0.08,E-commerce,Concluída
PED009233,2025-11-08,CLI02340,PRD013,V007,2,1073.39,0.08,E-commerce,Concluída
PED009234,2025-05-05,CLI01684,PRD001,V008,3,4412.68,0.1,Loja Física,Concluída
PED009235,2025-01-25,CLI00409,PRD019,V003,1,1145.6,0.0,Marketplace,Concluída
PED009236,2025-09-09,CLI00227,PRD020,V009,2,637.61,0.0,E-commerce,Concluída
PED009237,2025-03-04,CLI00184,PRD001,V003,1,4450.33,0.08,Marketplace,Concluída
PED009238,2025-03-06,CLI00712,PRD008,V004,3,2278.58,0.15,Marketplace,Devolvida
PED009239,2025-12-24,CLI01738,PRD007,V008,5,351.9,0.05,Marketplace,Concluída
PED009240,2025-03-22,CLI01122,PRD017,V007,1,840.45,0.15,E-commerce,Concluída
PED009241,2025-07-19,CLI00580,PRD009,V003,1,2941.69,0.05,Marketplace,Concluída
PED009242,2025-03-15,CLI00606,PRD010,V003,3,1702.33,0.0,E-commerce,Concluída
PED009243,2025-02-15,CLI01577,PRD004,V005,4,1663.37,0.1,Loja Física,Concluída
PED009244,2025-01-01,CLI02334,PRD002,V005,2,3100.49,0.08,Loja Física,Concluída
PED009245,2025-01-06,CLI00772,PRD013,V001,2,1090.61,0.05,E-commerce,Concluída
PED009246,2025-06-22,CLI00387,PRD011,V003,3,2979.41,0.08,Marketplace,Concluída
PED009247,2025-06-08,CLI00491,PRD017,V002,1,844.71,0.03,E-commerce,Concluída
PED009248,2025-01-15,CLI01398,PRD017,V002,6,806.22,0.05,Loja Física,Concluída
PED009249,2025-05-08,CLI02082,PRD011,V004,3,2955.25,0.03,Loja Física,Concluída
PED009250,2025-04-10,CLI01369,PRD009,V001,4,2851.22,0.05,E-commerce,Concluída
PED009251,2025-07-28,CLI02421,PRD019,V007,4,1117.2,0.05,E-commerce,Concluída
PED009252,2025-12-30,CLI01336,PRD016,V007,5,2397.14,0.0,Marketplace,Devolvida
PED009253,2025-09-10,CLI00808,PRD018,V003,1,943.66,0.0,Loja Física,Concluída
PED009254,2025-12-02,CLI00346,PRD020,V009,4,683.94,0.0,E-commerce,Concluída
PED009255,2025-03-12,CLI00156,PRD007,V006,1,345.3,0.05,E-commerce,Concluída
PED009256,2025-03-20,CLI01228,PRD013,V004,1,1050.58,0.03,Televendas,Concluída
PED009257,2025-10-02,CLI01261,PRD012,V002,1,5352.79,0.05,Televendas,Concluída
PED009258,2025-04-24,CLI02302,PRD003,V005,1,979.35,0.05,E-commerce,Concluída
PED009259,2025-11-06,CLI00079,PRD011,V010,2,2992.53,0.0,E-commerce,Concluída
PED009260,2025-06-19,CLI00523,PRD008,V001,2,2238.54,0.08,Televendas,Concluída
PED009261,2025-03-15,CLI00516,PRD008,V001,1,2220.76,0.08,Marketplace,Concluída
PED009262,2025-11-05,CLI00186,PRD003,V005,1,1019.07,0.05,Marketplace,Concluída
PED009263,2025-07-20,CLI00253,PRD014,V010,1,1332.15,0.0,E-commerce,Concluída
PED009264,2025-10-20,CLI02373,PRD013,V003,2,1101.05,0.05,Marketplace,Cancelada
PED009265,2025-06-15,CLI00067,PRD009,V008,2,2745.05,0.05,Marketplace,Concluída
PED009266,2025-02-16,CLI02307,PRD003,V006,3,1008.04,0.08,Marketplace,Concluída
PED009267,2025-09-06,CLI01789,PRD009,V002,3,2896.02,0.0,Marketplace,Concluída
PED009268,2025-02-15,CLI01394,PRD002,V010,2,2949.2,0.08,E-commerce,Cancelada
PED009269,2025-08-31,CLI00356,PRD006,V002,1,199.7,0.15,Televendas,Concluída
PED009270,2025-06-02,CLI02217,PRD006,V006,2,194.38,0.1,Televendas,Cancelada
PED009271,2025-10-16,CLI02041,PRD018,V007,2,1007.57,0.1,E-commerce,Concluída
PED009272,2025-11-14,CLI02436,PRD007,V007,1,343.76,0.0,Televendas,Concluída
PED009273,2025-05-29,CLI00663,PRD010,V009,4,1695.1,0.05,E-commerce,Concluída
PED009274,2025-11-18,CLI00434,PRD018,V008,1,981.95,0.0,Loja Física,Concluída
PED009275,2025-02-10,CLI01227,PRD007,V007,6,346.92,0.05,Loja Física,Concluída
PED009276,2025-02-09,CLI00546,PRD018,V002,1,951.17,0.08,Loja Física,Concluída
PED009277,2025-12-29,CLI00287,PRD003,V004,3,1065.97,0.08,E-commerce,Concluída
PED009278,2025-07-29,CLI01336,PRD006,V004,1,197.89,0.15,Televendas,Concluída
PED009279,2025-06-14,CLI00186,PRD002,V004,4,2922.28,0.15,E-commerce,Concluída
PED009280,2025-02-26,CLI01761,PRD009,V002,3,2711.73,0.0,Televendas,Concluída
PED009281,2025-04-16,CLI00407,PRD020,V001,1,648.41,0.1,Loja Física,Concluída
PED009282,2025-09-08,CLI02029,PRD011,V005,1,3047.17,0.1,Loja Física,Cancelada
PED009283,2025-10-27,CLI01860,PRD011,V008,2,2869.87,0.08,Loja Física,Concluída
PED009284,2025-12-01,CLI01231,PRD005,V009,1,352.07,0.0,E-commerce,Concluída
PED009285,2025-05-29,CLI01918,PRD020,V010,1,641.04,0.0,Televendas,Concluída
PED009286,2025-06-15,CLI00059,PRD008,V005,5,2330.87,0.03,Loja Física,Concluída
PED009287,2025-03-01,CLI02474,PRD005,V009,2,343.99,0.0,E-commerce,Concluída
PED009288,2025-01-31,CLI00180,PRD020,V005,1,635.65,0.0,Marketplace,Concluída
PED009289,2025-06-09,CLI01900,PRD007,V005,2,333.38,0.0,E-commerce,Concluída
PED009290,2025-07-31,CLI02093,PRD006,V003,1,199.6,0.05,E-commerce,Concluída
PED009291,2025-02-08,CLI01464,PRD001,V007,3,4351.25,0.05,E-commerce,Concluída
PED009292,2025-05-30,CLI01408,PRD003,V004,1,1026.77,0.0,Marketplace,Concluída
PED009293,2025-08-23,CLI00774,PRD016,V005,1,2336.01,0.1,E-commerce,Concluída
PED009294,2025-10-23,CLI00134,PRD008,V010,1,2312.93,0.0,E-commerce,Concluída
PED009295,2025-12-09,CLI01580,PRD020,V006,6,664.27,0.03,Marketplace,Concluída
PED009296,2025-05-05,CLI01738,PRD002,V004,1,3070.34,0.05,Loja Física,Concluída
PED009297,2025-05-23,CLI01068,PRD010,V007,3,1668.34,0.05,Marketplace,Concluída
PED009298,2025-11-16,CLI01576,PRD013,V008,2,1122.98,0.03,Televendas,Concluída
PED009299,2025-09-11,CLI00849,PRD011,V007,3,2868.08,0.08,Loja Física,Concluída
PED009300,2025-04-10,CLI01065,PRD009,V001,1,2890.49,0.03,Loja Física,Concluída
PED009301,2025-09-08,CLI00793,PRD010,V003,4,1741.25,0.0,E-commerce,Concluída
PED009302,2025-02-27,CLI02148,PRD013,V002,5,1035.59,0.03,E-commerce,Concluída
PED009303,2025-06-13,CLI01806,PRD017,V010,1,842.26,0.0,E-commerce,Concluída
PED009304,2025-04-22,CLI00733,PRD006,V004,1,191.73,0.15,Televendas,Concluída
PED009305,2025-12-29,CLI01434,PRD008,V005,5,2284.79,0.05,Loja Física,Concluída
PED009306,2025-01-13,CLI01892,PRD011,V010,2,3042.02,0.0,Loja Física,Concluída
PED009307,2025-11-09,CLI00226,PRD006,V010,3,199.47,0.08,Loja Física,Concluída
PED009308,2025-04-13,CLI00826,PRD003,V003,3,1030.11,0.08,Marketplace,Concluída
PED009309,2025-01-14,CLI01243,PRD020,V009,1,654.96,0.03,Loja Física,Concluída
PED009310,2025-08-29,CLI01394,PRD003,V008,1,1028.24,0.15,E-commerce,Concluída
PED009311,2025-09-05,CLI00558,PRD004,V007,1,1613.19,0.05,Televendas,Concluída
PED009312,2025-02-21,CLI02490,PRD011,V002,2,2981.88,0.0,Loja Física,Concluída
PED009313,2025-01-14,CLI00494,PRD002,V007,2,3124.84,0.08,Loja Física,Concluída
PED009314,2025-02-10,CLI01533,PRD001,V007,3,4415.9,0.1,Marketplace,Concluída
PED009315,2025-05-30,CLI00605,PRD001,V005,2,4390.6,0.0,Loja Física,Concluída
PED009316,2025-02-18,CLI01407,PRD002,V006,3,3145.99,0.0,E-commerce,Concluída
PED009317,2025-09-14,CLI01974,PRD008,V003,1,2157.5,0.05,E-commerce,Concluída
PED009318,2025-01-29,CLI01428,PRD017,V007,2,851.7,0.08,Marketplace,Concluída
PED009319,2025-10-15,CLI00985,PRD006,V002,1,193.18,0.0,Loja Física,Concluída
PED009320,2025-11-16,CLI01740,PRD008,V003,1,2254.9,0.15,Marketplace,Concluída
PED009321,2025-09-19,CLI01580,PRD010,V005,1,1669.51,0.0,Marketplace,Concluída
PED009322,2025-12-11,CLI02006,PRD006,V002,4,201.66,0.08,Loja Física,Concluída
PED009323,2025-12-09,CLI01443,PRD008,V010,1,2238.91,,Loja Física,Concluída
PED009324,2025-01-17,CLI01988,PRD007,V009,1,347.7,0.0,Marketplace,Concluída
PED009325,2025-05-05,CLI01452,PRD006,V005,2,192.41,0.05,E-commerce,Concluída
PED009326,2025-10-05,CLI01910,PRD007,V006,2,331.03,0.0,E-commerce,Concluída
PED009327,2025-05-04,CLI00249,PRD001,V003,2,4374.57,0.05,Loja Física,Concluída
PED009328,2025-09-27,CLI00846,PRD018,V003,1,964.1,0.05,Marketplace,Concluída
PED009329,2025-10-10,CLI00308,PRD020,V010,1,670.23,0.08,Loja Física,Concluída
PED009330,2025-12-30,CLI00605,PRD017,V005,1,899.08,0.05,E-commerce,Concluída
PED009331,2025-05-01,CLI00732,PRD001,V010,1,4300.39,0.03,Marketplace,Concluída
PED009332,2025-05-07,CLI01007,PRD014,V001,1,1281.45,0.0,Televendas,Concluída
PED009333,2025-01-09,CLI00930,PRD010,V002,2,1588.47,0.0,Loja Física,Concluída
PED009334,2025-04-15,CLI01300,PRD002,V005,4,2931.12,0.05,E-commerce,Concluída
PED009335,2025-04-13,CLI01573,PRD020,V008,1,649.5,0.1,Loja Física,Concluída
PED009336,2025-06-15,CLI02031,PRD015,V005,1,1559.85,0.08,Loja Física,Concluída
PED009337,2025-06-03,CLI01681,PRD003,V009,4,1003.15,0.03,Loja Física,Concluída
PED009338,2025-11-09,CLI01310,PRD020,V002,2,675.0,0.15,Marketplace,Concluída
PED009339,2025-10-10,CLI00116,PRD002,V009,3,3043.27,0.0,E-commerce,Concluída
PED009340,2025-09-23,CLI00919,PRD008,V005,4,2368.17,0.15,Marketplace,Concluída
PED009341,2025-01-02,CLI01280,PRD003,V003,2,989.1,0.0,Loja Física,Concluída
PED009342,2025-06-22,CLI01344,PRD003,V007,3,1068.69,0.0,Marketplace,Concluída
PED009343,2025-09-24,CLI02213,PRD020,V008,1,643.74,0.1,E-commerce,Concluída
PED009344,2025-03-31,CLI00184,PRD010,V010,5,1628.57,0.03,Marketplace,Concluída
PED009345,2025-06-05,CLI02303,PRD005,V001,2,360.77,0.1,Televendas,Concluída
PED009346,2025-09-23,CLI01346,PRD015,V008,1,1542.64,0.08,Televendas,Concluída
PED009347,2025-10-18,CLI01000,PRD018,V004,2,965.93,0.0,Marketplace,Devolvida
PED009348,2025-11-08,CLI01294,PRD019,V006,1,1116.74,0.0,Loja Física,Concluída
PED009349,2025-06-06,CLI01901,PRD020,V005,2,614.44,0.03,Marketplace,Concluída
PED009350,2025-05-26,CLI01476,PRD019,V008,1,1131.77,0.05,Televendas,Concluída
PED009351,2025-05-20,CLI01136,PRD011,V004,2,2965.28,0.03,E-commerce,Concluída
PED009352,2025-09-02,CLI02162,PRD006,V003,2,196.29,0.0,E-commerce,Concluída
PED009353,2025-06-03,CLI00507,PRD020,V005,2,661.26,0.0,E-commerce,Concluída
PED009354,2025-05-27,CLI01422,PRD002,V007,2,3020.89,0.05,Marketplace,Concluída
PED009355,2025-03-03,CLI01609,PRD003,V009,1,1023.31,0.0,Loja Física,Concluída
PED009356,2025-06-24,CLI01407,PRD008,V001,1,2224.59,0.03,Loja Física,Concluída
PED009357,2025-03-28,CLI01226,PRD005,V006,2,374.07,0.0,Loja Física,Concluída
PED009358,2025-07-11,CLI01700,PRD010,V001,2,1583.87,0.1,E-commerce,Concluída
PED009359,2025-11-21,CLI01748,PRD019,V007,4,1085.56,0.05,Loja Física,Concluída
PED009360,2025-10-11,CLI02427,PRD008,V007,1,2188.43,0.0,Televendas,Concluída
PED009361,2025-06-24,CLI02151,PRD009,V009,2,2897.65,0.08,E-commerce,Concluída
PED009362,2025-12-23,CLI01815,PRD007,V002,4,341.15,0.05,Loja Física,Concluída
PED009363,2025-12-24,CLI00053,PRD013,V008,3,1051.52,0.05,Marketplace,Concluída
PED009364,2025-06-12,CLI00489,PRD002,V007,1,2928.62,0.0,Loja Física,Concluída
PED009365,2025-10-06,CLI02426,PRD001,V007,1,4371.68,0.03,Marketplace,Concluída
PED009366,2025-05-05,CLI01085,PRD011,V007,4,2957.4,0.1,Marketplace,Concluída
PED009367,2025-11-17,CLI00061,PRD009,V006,2,2724.1,0.0,E-commerce,Concluída
PED009368,2025-05-17,CLI00338,PRD007,V001,1,335.95,0.05,Loja Física,Concluída
PED009369,2025-04-05,CLI00102,PRD006,V009,2,197.62,0.0,E-commerce,Concluída
PED009370,2025-02-18,CLI00083,PRD001,V004,1,4498.91,0.03,E-commerce,Cancelada
PED009371,2025-11-04,CLI02278,PRD012,V002,2,5626.02,0.05,E-commerce,Concluída
PED009372,2025-04-19,CLI02049,PRD007,V007,6,338.09,0.0,Marketplace,Concluída
PED009373,2025-10-24,CLI00204,PRD008,V010,5,2325.08,0.0,Loja Física,Concluída
PED009374,2025-02-01,CLI00890,PRD018,V008,2,961.76,0.05,Marketplace,Concluída
PED009375,2025-07-02,CLI02345,PRD014,V003,4,1237.47,0.03,E-commerce,Concluída
PED009376,2025-06-06,CLI00667,PRD004,V009,3,1663.22,0.1,E-commerce,Concluída
PED009377,2025-06-10,CLI01992,PRD011,V009,5,2970.07,0.05,Loja Física,Concluída
PED009378,2025-03-03,CLI01213,PRD002,V004,4,3007.73,0.1,Loja Física,Concluída
PED009379,2025-01-27,CLI01439,PRD003,V006,4,1035.95,0.1,E-commerce,Concluída
PED009380,2025-05-07,CLI00513,PRD013,V009,1,1093.64,0.0,Marketplace,Cancelada
PED009381,2025-06-21,CLI00723,PRD002,V002,1,2994.21,0.1,Televendas,Devolvida
PED009382,2025-10-17,CLI00119,PRD005,V004,1,357.94,0.15,Loja Física,Concluída
PED009383,2025-06-18,CLI00252,PRD019,V005,2,1073.12,0.03,Televendas,Concluída
PED009384,2025-03-31,CLI01673,PRD014,V001,5,1344.82,0.05,E-commerce,Concluída
PED009385,2025-04-06,CLI02451,PRD020,V002,6,631.91,0.03,Televendas,Concluída
PED009386,2025-08-12,CLI00549,PRD018,V007,4,941.71,0.0,Loja Física,Concluída
PED009387,2025-06-09,CLI01947,PRD006,V003,3,198.16,0.0,E-commerce,Concluída
PED009388,2025-11-25,CLI00067,PRD011,V003,2,3008.41,0.0,Marketplace,Concluída
PED009389,2025-06-10,CLI01075,PRD007,V003,2,335.17,0.05,E-commerce,Concluída
PED009390,2025-07-26,CLI01846,PRD013,V002,2,1068.54,0.05,Televendas,Concluída
PED009391,2025-01-24,CLI00859,PRD006,V007,1,188.49,0.0,Televendas,Concluída
PED009392,2025-03-12,CLI02369,PRD001,V003,3,4223.14,0.0,E-commerce,Concluída
PED009393,2025-11-07,CLI00177,PRD002,V007,2,2897.99,0.0,Loja Física,Concluída
PED009394,2025-05-06,CLI00291,PRD014,V009,1,1374.93,0.15,Loja Física,Concluída
PED009395,2025-06-03,CLI01232,PRD002,V005,2,2863.71,0.08,Loja Física,Concluída
PED009396,2025-08-04,CLI01164,PRD010,V010,2,1663.56,0.0,E-commerce,Concluída
PED009397,2025-01-22,CLI00096,PRD017,V002,3,848.0,0.08,Loja Física,Concluída
PED009398,2025-07-04,CLI00522,PRD014,V010,3,1362.55,0.08,E-commerce,Concluída
PED009399,2025-05-07,CLI01751,PRD007,V004,1,351.95,0.08,Loja Física,Concluída
PED009400,2025-02-24,CLI00107,PRD004,V004,3,1604.19,0.1,Marketplace,Concluída
PED009401,2025-06-02,CLI01174,PRD020,V010,1,664.46,0.03,Loja Física,Concluída
PED009402,2025-06-13,CLI00982,PRD009,V005,1,2973.66,0.0,Marketplace,Concluída
PED009403,2025-03-10,CLI00100,PRD007,V008,2,353.49,0.1,E-commerce,Concluída
PED009404,2025-07-18,CLI02005,PRD020,V009,3,635.29,0.08,E-commerce,Concluída
PED009405,2025-09-30,CLI00325,PRD004,V005,4,1526.35,0.0,Marketplace,Concluída
PED009406,2025-04-08,CLI00774,PRD008,V004,1,2261.34,0.05,Loja Física,Concluída
PED009407,2025-12-19,CLI00706,PRD002,V005,3,3007.01,0.05,Marketplace,Concluída
PED009408,2025-08-12,CLI00240,PRD002,V004,4,2847.46,0.05,Loja Física,Concluída
PED009409,2025-10-10,CLI01680,PRD007,V005,5,342.5,0.05,Loja Física,Concluída
PED009410,2025-01-26,CLI01507,PRD013,V003,1,1015.62,0.0,Televendas,Concluída
PED009411,2025-10-08,CLI00594,PRD006,V010,1,204.44,0.03,Loja Física,Concluída
PED009412,2025-05-03,CLI02102,PRD013,V006,2,1098.39,0.0,Loja Física,Concluída
PED009413,2025-09-17,CLI00220,PRD016,V008,4,2298.58,0.0,Loja Física,Concluída
PED009414,2025-10-21,CLI00864,PRD018,V007,1,972.47,0.05,E-commerce,Concluída
PED009415,2025-04-02,CLI00163,PRD001,V004,2,4394.14,0.03,Marketplace,Concluída
PED009416,2025-04-05,CLI01122,PRD015,V004,6,1589.06,0.03,Loja Física,Concluída
PED009417,2025-01-22,CLI00407,PRD003,V010,2,1037.54,0.0,E-commerce,Concluída
PED009418,2025-08-09,CLI00423,PRD013,V001,2,1111.07,0.05,Marketplace,Concluída
PED009419,2025-10-10,CLI02465,PRD006,V003,6,190.59,0.0,Marketplace,Concluída
PED009420,2025-05-30,CLI02479,PRD013,V008,1,1081.92,0.0,Marketplace,Concluída
PED009421,2025-02-28,CLI00153,PRD004,V006,1,1677.1,0.08,Loja Física,Concluída
PED009422,2025-04-26,CLI02415,PRD011,V007,1,2910.65,0.05,Loja Física,Concluída
PED009423,2025-05-28,CLI00848,PRD002,V001,2,3011.73,0.05,E-commerce,Concluída
PED009424,2025-12-01,CLI02004,PRD003,V003,1,1009.97,0.05,E-commerce,Concluída
PED009425,2025-02-15,CLI00255,PRD010,V006,1,1733.36,0.03,Marketplace,Cancelada
PED009426,2025-05-06,CLI00182,PRD006,V004,1,198.23,0.0,Televendas,Concluída
PED009427,2025-08-21,CLI01329,PRD013,V005,2,1051.27,0.03,Marketplace,Concluída
PED009428,2025-03-28,CLI00752,PRD012,V010,3,5660.61,0.08,E-commerce,Concluída
PED009429,2025-11-19,CLI00871,PRD011,V007,2,2857.68,0.05,E-commerce,Concluída
PED009430,2025-11-28,CLI00492,PRD013,V007,3,1103.99,0.08,Loja Física,Concluída
PED009431,2025-05-19,CLI00868,PRD015,V002,5,1610.53,0.1,E-commerce,Concluída
PED009432,2025-09-30,CLI00293,PRD019,V006,3,1146.2,0.0,Loja Física,Concluída
PED009433,2025-10-03,CLI00892,PRD002,V010,2,3010.41,0.1,Marketplace,Concluída
PED009434,2025-09-06,CLI01053,PRD010,V007,1,1646.69,0.05,Marketplace,Concluída
PED009435,2025-03-10,CLI00400,PRD014,V008,2,1274.23,0.05,Televendas,Concluída
PED009436,2025-01-19,CLI01044,PRD004,V010,1,1587.06,0.05,E-commerce,Concluída
PED009437,2025-05-07,CLI01778,PRD005,V010,2,354.11,0.03,Loja Física,Concluída
PED009438,2025-02-17,CLI02398,PRD005,V004,5,358.92,0.0,Loja Física,Concluída
PED009439,2025-04-17,CLI00424,PRD010,V003,1,1623.3,0.0,Televendas,Cancelada
PED009440,2025-08-21,CLI01818,PRD006,V003,1,200.7,0.03,Loja Física,Concluída
PED009441,2025-08-03,CLI01560,PRD012,V008,3,5433.31,0.0,E-commerce,Concluída
PED009442,2025-03-18,CLI00198,PRD010,V004,6,1664.23,0.0,Loja Física,Concluída
PED009443,2025-01-07,CLI00444,PRD011,V009,3,2927.99,0.0,Marketplace,Concluída
PED009444,2025-03-24,CLI00129,PRD005,V009,1,354.94,0.15,E-commerce,Concluída
PED009445,2025-06-16,CLI00668,PRD014,V007,2,1318.29,0.0,E-commerce,Cancelada
PED009446,2025-10-12,CLI02375,PRD012,V002,1,5542.5,0.15,Marketplace,Concluída
PED009447,2025-05-14,CLI00931,PRD002,V008,2,3096.25,0.05,E-commerce,Concluída
PED009448,2025-04-15,CLI02009,PRD004,V003,2,1576.06,0.0,E-commerce,Concluída
PED009449,2025-07-21,CLI01463,PRD006,V006,3,197.06,0.0,Loja Física,Concluída
PED009450,2025-01-27,CLI00099,PRD020,V003,1,653.97,0.0,Loja Física,Concluída
PED009451,2025-03-24,CLI00385,PRD006,V001,5,196.73,0.03,Loja Física,Concluída
PED009452,2025-01-14,CLI02145,PRD001,V007,1,4174.67,0.0,Televendas,Concluída
PED009453,2025-07-11,CLI01328,PRD003,V005,1,1048.14,0.08,Loja Física,Concluída
PED009454,2025-06-11,CLI01228,PRD001,V007,3,4202.37,0.03,E-commerce,Concluída
PED009455,2025-08-01,CLI01031,PRD007,V005,2,329.22,0.05,Loja Física,Concluída
PED009456,2025-08-14,CLI01861,PRD015,V004,2,1518.89,0.05,E-commerce,Concluída
PED009457,2025-05-25,CLI00507,PRD008,V001,1,2259.24,0.05,Loja Física,Concluída
PED009458,2025-11-14,CLI01459,PRD017,V003,1,833.1,0.15,Marketplace,Cancelada
PED009459,2025-12-02,CLI01361,PRD001,V009,1,4210.12,0.03,Marketplace,Concluída
PED009460,2025-02-10,CLI01707,PRD008,V008,3,2289.97,0.03,E-commerce,Concluída
PED009461,2025-12-02,CLI02484,PRD015,V005,1,1569.04,0.15,Marketplace,Concluída
PED009462,2025-03-13,CLI00816,PRD012,V001,6,5614.77,0.15,Loja Física,Concluída
PED009463,2025-04-01,CLI02328,PRD017,V010,3,838.09,0.08,E-commerce,Cancelada
PED009464,2025-07-13,CLI01300,PRD005,V008,3,359.98,0.08,Loja Física,Concluída
PED009465,2025-01-11,CLI00556,PRD008,V001,4,2313.81,0.03,E-commerce,Concluída
PED009466,2025-05-13,CLI00494,PRD012,V003,3,5329.47,0.05,E-commerce,Concluída
PED009467,2025-03-13,CLI02023,PRD003,V002,2,1018.61,0.03,E-commerce,Concluída
PED009468,2025-06-26,CLI00992,PRD016,V010,4,2404.81,0.05,Marketplace,Concluída
PED009469,2025-10-25,CLI01535,PRD006,V010,1,196.93,0.08,Televendas,Concluída
PED009470,2025-12-04,CLI00234,PRD002,V005,1,2982.39,0.03,Loja Física,Concluída
PED009471,2025-03-19,CLI02006,PRD014,V002,2,1340.95,0.05,Marketplace,Concluída
PED009472,2025-07-18,CLI01654,PRD013,V007,1,1118.62,0.08,Marketplace,Cancelada
PED009473,2025-06-23,CLI00486,PRD018,V003,2,968.82,0.0,E-commerce,Concluída
PED009474,2025-06-01,CLI00150,PRD018,V002,6,970.5,0.05,E-commerce,Concluída
PED009475,2025-08-19,CLI01329,PRD005,V003,2,360.4,0.08,Marketplace,Concluída
PED009476,2025-12-28,CLI00741,PRD011,V003,1,2817.84,0.0,Loja Física,Concluída
PED009477,2025-05-28,CLI01455,PRD020,V001,1,654.27,0.0,E-commerce,Concluída
PED009478,2025-01-24,CLI00254,PRD005,V008,1,353.15,0.0,E-commerce,Concluída
PED009479,2025-12-01,CLI01818,PRD008,V004,1,2196.84,0.0,E-commerce,Concluída
PED009480,2025-12-07,CLI01665,PRD019,V006,2,1043.3,0.03,Televendas,Concluída
PED009481,2025-04-28,CLI02401,PRD002,V006,3,2878.5,0.08,Loja Física,Concluída
PED009482,2025-07-03,CLI01172,PRD020,V008,2,609.49,0.03,Televendas,Concluída
PED009483,2025-11-11,CLI01150,PRD008,V008,2,2210.29,0.05,E-commerce,Concluída
PED009484,2025-07-03,CLI00912,PRD018,V006,2,958.87,0.0,Loja Física,Concluída
PED009485,2025-06-25,CLI01541,PRD011,V009,1,3014.38,0.08,Loja Física,Concluída
PED009486,2025-12-03,CLI01186,PRD012,V006,2,5518.76,0.03,Marketplace,Concluída
PED009487,2025-10-30,CLI02013,PRD015,V001,1,1580.05,0.08,Loja Física,Concluída
PED009488,2025-07-05,CLI00404,PRD001,V009,1,4506.5,0.0,Loja Física,Concluída
PED009489,2025-02-28,CLI00342,PRD011,V008,2,2727.16,0.08,E-commerce,Concluída
PED009490,2025-06-10,CLI02228,PRD020,V005,1,652.48,0.05,Televendas,Devolvida
PED009491,2025-09-04,CLI02437,PRD020,V004,1,651.24,0.15,E-commerce,Concluída
PED009492,2025-04-10,CLI00867,PRD020,V009,2,659.46,0.03,E-commerce,Concluída
PED009493,2025-07-16,CLI01627,PRD011,V005,1,2804.6,0.1,Marketplace,Concluída
PED009494,2025-08-29,CLI01678,PRD011,V004,3,2894.33,0.03,E-commerce,Concluída
PED009495,2025-02-01,CLI01331,PRD009,V008,1,2796.11,0.0,Loja Física,Concluída
PED009496,2025-07-27,CLI02365,PRD010,V004,4,1591.73,0.05,E-commerce,Concluída
PED009497,2025-09-27,CLI02269,PRD010,V005,2,1739.77,0.0,E-commerce,Concluída
PED009498,2025-03-20,CLI00312,PRD001,V008,1,4305.03,0.08,Loja Física,Concluída
PED009499,2025-07-20,CLI01158,PRD002,V003,1,3063.06,0.03,Loja Física,Concluída
PED009500,2025-09-16,CLI01693,PRD011,V001,5,2988.28,0.08,E-commerce,Concluída
PED009501,2025-01-17,CLI02109,PRD006,V004,2,189.74,0.05,Loja Física,Devolvida
PED009502,2025-08-24,CLI00020,PRD006,V002,3,194.25,0.05,Marketplace,Concluída
PED009503,2025-04-05,CLI01082,PRD003,V004,4,1037.3,0.08,E-commerce,Concluída
PED009504,2025-05-26,CLI02372,PRD016,V001,1,2369.77,0.05,Loja Física,Concluída
PED009505,2025-08-25,CLI01177,PRD020,V006,2,651.49,0.05,Televendas,Concluída
PED009506,2025-01-02,CLI00847,PRD011,V006,2,3065.17,0.05,Marketplace,Concluída
PED009507,2025-01-07,CLI00189,PRD020,V003,3,660.86,0.05,E-commerce,Concluída
PED009508,2025-06-13,CLI00727,PRD018,V007,1,985.32,0.08,Marketplace,Concluída
PED009509,2025-12-13,CLI01508,PRD004,V002,5,1644.25,0.03,E-commerce,Concluída
PED009510,2025-01-03,CLI00768,PRD003,V001,2,1070.77,0.0,Loja Física,Concluída
PED009511,2025-10-15,CLI00495,PRD004,V005,4,1580.39,0.08,E-commerce,Concluída
PED009512,2025-01-28,CLI02475,PRD002,V002,1,2875.45,0.05,Loja Física,Concluída
PED009513,2025-06-28,CLI00104,PRD010,V009,2,1619.74,0.1,Televendas,Concluída
PED009514,2025-06-07,CLI00741,PRD005,V004,1,348.17,0.15,E-commerce,Concluída
PED009515,2025-06-20,CLI01416,PRD019,V005,4,1064.12,0.1,Marketplace,Concluída
PED009516,2025-01-30,CLI02279,PRD010,V003,1,1648.78,0.05,Loja Física,Concluída
PED009517,2025-10-03,CLI01836,PRD006,V005,3,194.11,0.08,E-commerce,Concluída
PED009518,2025-04-11,CLI02247,PRD020,V001,1,656.62,0.03,Loja Física,Concluída
PED009519,2025-10-09,CLI01106,PRD020,V010,1,651.05,0.0,E-commerce,Concluída
PED009520,2025-08-28,CLI02138,PRD015,V002,1,1584.42,0.08,E-commerce,Concluída
PED009521,2025-07-21,CLI00794,PRD015,V004,3,1520.45,0.08,E-commerce,Concluída
PED009522,2025-04-23,CLI00397,PRD020,V009,1,631.97,0.0,E-commerce,Concluída
PED009523,2025-08-27,CLI02238,PRD010,V005,3,1566.15,0.1,Loja Física,Concluída
PED009524,2025-12-31,CLI01650,PRD018,V008,3,983.17,0.1,E-commerce,Concluída
PED009525,2025-12-03,CLI00167,PRD001,V001,6,4576.67,0.03,Loja Física,Concluída
PED009526,2025-12-01,CLI00950,PRD009,V003,2,2875.54,0.0,Marketplace,Concluída
PED009527,2025-03-22,CLI00470,PRD008,V008,2,2283.6,0.1,E-commerce,Concluída
PED009528,2025-08-02,CLI01183,PRD001,V003,2,4308.8,0.0,Marketplace,Concluída
PED009529,2025-05-26,CLI01674,PRD002,V005,1,2977.45,0.0,Televendas,Concluída
PED009530,2025-12-19,CLI00386,PRD001,V001,2,4505.99,0.05,E-commerce,Concluída
PED009531,2025-12-13,CLI02284,PRD005,V006,4,361.37,0.08,E-commerce,Concluída
PED009532,2025-11-13,CLI02444,PRD001,V004,1,4436.62,0.08,E-commerce,Concluída
PED009533,2025-03-01,CLI01658,PRD007,V009,1,353.1,0.05,E-commerce,Cancelada
PED009534,2025-04-27,CLI00664,PRD016,V004,2,2411.13,0.08,E-commerce,Concluída
PED009535,2025-09-17,CLI00561,PRD010,V009,3,1646.01,0.05,Televendas,Concluída
PED009536,2025-10-01,CLI02147,PRD012,V010,1,5524.98,0.05,E-commerce,Concluída
PED009537,2025-05-08,CLI01088,PRD001,V009,4,4324.66,0.0,Marketplace,Concluída
PED009538,2025-02-19,CLI00151,PRD017,V008,1,864.31,0.03,E-commerce,Concluída
PED009539,2025-02-19,CLI01015,PRD003,V006,2,1025.04,0.03,Marketplace,Concluída
PED009540,2025-09-07,CLI01981,PRD006,V005,5,198.55,0.0,E-commerce,Concluída
PED009541,2025-06-15,CLI01598,PRD009,V001,1,2937.05,0.03,E-commerce,Concluída
PED009542,2025-06-29,CLI01993,PRD020,V002,2,618.91,0.0,Televendas,Concluída
PED009543,2025-10-25,CLI01668,PRD020,V004,5,616.14,0.0,Marketplace,Concluída
PED009544,2025-01-07,CLI00653,PRD015,V007,1,1568.35,0.05,E-commerce,Concluída
PED009545,2025-10-03,CLI01412,PRD013,V001,1,1103.58,0.0,E-commerce,Concluída
PED009546,2025-04-11,CLI01419,PRD009,V010,5,2883.27,0.0,Loja Física,Concluída
PED009547,2025-12-06,CLI02458,PRD012,V010,2,5343.58,0.08,Loja Física,Concluída
PED009548,2025-12-15,CLI00745,PRD003,V001,5,1059.04,0.08,Loja Física,Concluída
PED009549,2025-07-03,CLI00815,PRD005,V001,4,377.75,0.05,Televendas,Concluída
PED009550,2025-04-26,CLI00527,PRD020,V009,2,632.12,0.0,Loja Física,Concluída
PED009551,2025-03-27,CLI00958,PRD020,V002,2,634.44,0.05,E-commerce,Concluída
PED009552,2025-03-08,CLI01546,PRD006,V002,2,196.96,0.08,Marketplace,Concluída
PED009553,2025-12-31,CLI01083,PRD004,V002,1,1600.34,0.0,E-commerce,Concluída
PED009554,2025-03-10,CLI01814,PRD004,V008,2,1653.68,0.0,Marketplace,Concluída
PED009555,2025-06-12,CLI00153,PRD008,V002,3,2284.5,0.03,E-commerce,Concluída
PED009556,2025-06-24,CLI01782,PRD004,V002,6,1593.69,0.03,E-commerce,Concluída
PED009557,2025-09-05,CLI02256,PRD011,V004,5,2893.18,0.0,E-commerce,Concluída
PED009558,2025-11-04,CLI02097,PRD002,V007,5,2879.33,0.0,E-commerce,Concluída
PED009559,2025-07-23,CLI01147,PRD002,V010,1,3096.16,0.05,Televendas,Concluída
PED009560,2025-10-04,CLI01789,PRD005,V003,2,366.21,0.05,E-commerce,Concluída
PED009561,2025-07-26,CLI01940,PRD015,V003,1,1566.55,0.05,Marketplace,Concluída
PED009562,2025-06-09,CLI00957,PRD006,V006,2,197.37,0.15,Televendas,Concluída
PED009563,2025-02-27,CLI00944,PRD008,V005,5,2262.31,0.0,Loja Física,Concluída
PED009564,2025-03-18,CLI02449,PRD011,V007,4,2806.86,0.08,Loja Física,Concluída
PED009565,2025-06-07,CLI02057,PRD015,V003,4,1514.31,0.03,Loja Física,Concluída
PED009566,2025-01-17,CLI02390,PRD006,V007,1,195.82,0.08,Televendas,Concluída
PED009567,2025-04-26,CLI02170,PRD013,V010,2,1079.43,0.08,E-commerce,Concluída
PED009568,2025-06-18,CLI01130,PRD005,V007,1,360.44,0.05,E-commerce,Concluída
PED009569,2025-06-22,CLI00999,PRD011,V008,2,3061.09,0.05,E-commerce,Concluída
PED009570,2025-10-25,CLI02428,PRD008,V001,1,2252.18,0.05,Marketplace,Concluída
PED009571,2025-12-20,CLI01242,PRD020,V010,3,633.83,0.08,E-commerce,Concluída
PED009572,2025-09-24,CLI02458,PRD020,V008,2,647.01,0.0,Loja Física,Concluída
PED009573,2025-01-30,CLI01557,PRD015,V007,2,1515.27,0.03,E-commerce,Concluída
PED009574,2025-05-30,CLI01859,PRD019,V002,4,1095.17,0.08,E-commerce,Concluída
PED009575,2025-09-24,CLI01779,PRD003,V006,1,1016.97,0.05,E-commerce,Concluída
PED009576,2025-08-06,CLI02019,PRD011,V007,2,2952.99,0.0,Loja Física,Concluída
PED009577,2025-06-17,CLI00365,PRD003,V007,3,1031.07,0.15,Loja Física,Concluída
PED009578,2025-06-09,CLI00286,PRD005,V002,5,359.27,0.15,Loja Física,Concluída
PED009579,2025-05-29,CLI00737,PRD009,V001,1,2907.58,0.05,Televendas,Concluída
PED009580,2025-07-31,CLI00676,PRD014,V005,2,1366.88,0.05,Loja Física,Concluída
PED009581,2025-03-07,CLI01235,PRD013,V008,2,1140.6,0.0,E-commerce,Devolvida
PED009582,2025-07-08,CLI00307,PRD018,V004,1,986.23,0.05,Loja Física,Concluída
PED009583,2025-03-17,CLI01342,PRD009,V007,1,2845.21,0.15,Loja Física,Concluída
PED009584,2025-09-06,CLI00384,PRD020,V010,2,635.93,0.0,E-commerce,Concluída
PED009585,2025-11-12,CLI01827,PRD018,V009,1,977.81,0.03,Televendas,Concluída
PED009586,2025-07-05,CLI01944,PRD017,V007,2,884.85,0.1,E-commerce,Concluída
PED009587,2025-05-22,CLI02427,PRD004,V008,1,1639.76,0.03,Marketplace,Concluída
PED009588,2025-12-10,CLI00512,PRD009,V001,1,2811.76,0.15,Marketplace,Devolvida
PED009589,2025-08-29,CLI00206,PRD014,V001,3,1357.43,0.03,E-commerce,Concluída
PED009590,2025-06-06,CLI00945,PRD020,V008,1,649.74,0.0,Marketplace,Concluída
PED009591,2025-01-11,CLI01822,PRD001,V009,1,4481.36,0.15,Loja Física,Concluída
PED009592,2025-01-06,CLI01092,PRD006,V002,1,198.31,0.0,Loja Física,Concluída
PED009593,2025-03-22,CLI00519,PRD006,V006,1,198.13,0.05,E-commerce,Concluída
PED009594,2025-03-28,CLI00171,PRD005,V003,2,349.9,0.0,E-commerce,Concluída
PED009595,2025-09-21,CLI00406,PRD016,V002,3,2393.04,0.08,E-commerce,Concluída
PED009596,2025-07-02,CLI02154,PRD001,V004,2,4215.02,0.0,Televendas,Concluída
PED009597,2025-12-31,CLI02051,PRD006,V005,1,197.27,0.08,Loja Física,Devolvida
PED009598,2025-07-17,CLI02115,PRD013,V008,1,1070.48,0.15,Televendas,Concluída
PED009599,2025-11-26,CLI01282,PRD007,V009,3,336.77,0.0,E-commerce,Concluída
PED009600,2025-07-21,CLI00048,PRD003,V010,1,1050.83,0.03,Marketplace,Concluída
PED009601,2025-05-11,CLI01689,PRD010,V002,1,1644.55,0.08,E-commerce,Concluída
PED009602,2025-09-18,CLI01481,PRD009,V010,1,2691.45,0.15,E-commerce,Concluída
PED009603,2025-06-14,CLI01586,PRD020,V006,3,642.95,0.03,Marketplace,Concluída
PED009604,2025-04-11,CLI01497,PRD014,V002,3,1329.21,0.15,E-commerce,Concluída
PED009605,2025-06-22,CLI00618,PRD020,V007,1,666.46,0.1,Marketplace,Concluída
PED009606,2025-08-31,CLI01563,PRD003,V001,1,1003.57,0.08,E-commerce,Concluída
PED009607,2025-05-18,CLI02381,PRD014,V005,3,1406.56,0.03,Loja Física,Cancelada
PED009608,2025-09-14,CLI00647,PRD009,V009,1,2924.05,0.05,Marketplace,Concluída
PED009609,2025-12-24,CLI00628,PRD013,V010,2,1077.89,0.08,E-commerce,Concluída
PED009610,2025-05-31,CLI00423,PRD008,V003,3,2244.67,0.05,E-commerce,Concluída
PED009611,2025-04-18,CLI01592,PRD004,V002,1,1579.77,0.0,E-commerce,Concluída
PED009612,2025-05-27,CLI00217,PRD001,V006,1,4401.7,0.05,Marketplace,Concluída
PED009613,2025-11-02,CLI01502,PRD017,V002,2,836.85,0.08,Marketplace,Concluída
PED009614,2025-03-07,CLI01804,PRD016,V010,2,2339.69,0.03,Televendas,Concluída
PED009615,2025-12-22,CLI00745,PRD003,V004,2,1007.6,0.05,E-commerce,Concluída
PED009616,2025-06-01,CLI01231,PRD011,V002,2,2988.8,0.03,Loja Física,Concluída
PED009617,2025-11-04,CLI00614,PRD014,V003,1,1347.93,0.0,E-commerce,Concluída
PED009618,2025-10-15,CLI01532,PRD009,V004,2,2829.25,0.0,Marketplace,Concluída
PED009619,2025-10-14,CLI00455,PRD006,V008,1,195.64,0.03,E-commerce,Concluída
PED009620,2025-11-28,CLI01395,PRD018,V009,1,952.61,0.05,Marketplace,Concluída
PED009621,2025-03-09,CLI01422,PRD011,V008,1,2959.47,0.08,Televendas,Concluída
PED009622,2025-08-05,CLI01645,PRD013,V007,2,1051.37,0.0,Televendas,Concluída
PED009623,2025-02-06,CLI02257,PRD011,V003,1,3002.68,0.03,Loja Física,Concluída
PED009624,2025-04-20,CLI01764,PRD013,V010,2,1090.13,0.08,Loja Física,Concluída
PED009625,2025-01-15,CLI00687,PRD003,V010,2,1024.12,0.0,Loja Física,Cancelada
PED009626,2025-09-07,CLI00530,PRD020,V007,6,655.64,0.15,Televendas,Concluída
PED009627,2025-08-10,CLI01082,PRD005,V008,2,364.05,0.05,Marketplace,Concluída
PED009628,2025-09-28,CLI01720,PRD017,V004,3,831.34,0.1,Loja Física,Concluída
PED009629,2025-03-06,CLI00984,PRD018,V005,1,1001.08,0.08,E-commerce,Concluída
PED009630,2025-05-02,CLI00691,PRD011,V009,3,2753.19,0.15,Televendas,Concluída
PED009631,2025-09-04,CLI01747,PRD010,V005,2,1689.48,0.05,Loja Física,Concluída
PED009632,2025-10-29,CLI00070,PRD002,V008,4,2981.45,0.0,E-commerce,Concluída
PED009633,2025-11-20,CLI02093,PRD008,V009,6,2324.59,0.08,Marketplace,Concluída
PED009634,2025-01-27,CLI02048,PRD010,V010,1,1703.91,0.0,Loja Física,Concluída
PED009635,2025-05-27,CLI00225,PRD002,V003,4,2961.67,0.05,E-commerce,Concluída
PED009636,2025-01-04,CLI01880,PRD002,V005,2,2965.19,0.03,Televendas,Concluída
PED009637,2025-10-26,CLI01374,PRD020,V004,3,651.23,0.08,Loja Física,Concluída
PED009638,2025-02-14,CLI01882,PRD006,V006,2,191.25,0.08,E-commerce,Concluída
PED009639,2025-10-28,CLI01913,PRD006,V008,1,195.2,0.1,Marketplace,Concluída
PED009640,2025-02-26,CLI00940,PRD005,V004,3,356.8,0.0,E-commerce,Concluída
PED009641,2025-01-06,CLI02041,PRD011,V003,1,2849.39,0.15,Loja Física,Concluída
PED009642,2025-11-17,CLI01934,PRD008,V003,2,2241.81,0.08,Marketplace,Concluída
PED009643,2025-06-10,CLI01747,PRD015,V008,1,1599.66,0.03,E-commerce,Concluída
PED009644,2025-06-05,CLI00725,PRD009,V010,1,2911.47,0.0,E-commerce,Concluída
PED009645,2025-08-25,CLI00556,PRD001,V002,3,4347.48,0.03,Loja Física,Concluída
PED009646,2025-04-11,CLI00746,PRD008,V010,3,2271.96,0.0,Televendas,Concluída
PED009647,2025-09-10,CLI00796,PRD001,V001,4,4333.62,0.05,Marketplace,Concluída
PED009648,2025-06-06,CLI00915,PRD017,V006,3,816.07,0.0,Loja Física,Concluída
PED009649,2025-04-10,CLI01920,PRD002,V002,2,2917.57,0.03,Loja Física,Concluída
PED009650,2025-05-25,CLI01809,PRD004,V010,5,1643.88,0.05,Marketplace,Concluída
PED009651,2025-01-03,CLI00848,PRD008,V008,2,2336.32,0.03,Marketplace,Cancelada
PED009652,2025-04-21,CLI00621,PRD003,V004,2,1013.51,0.1,E-commerce,Concluída
PED009653,2025-08-04,CLI01826,PRD009,V007,4,2942.83,0.0,Marketplace,concluida
PED009654,2025-02-20,CLI00186,PRD008,V009,3,2200.33,0.05,Loja Física,Concluída
PED009655,2025-02-13,CLI01416,PRD020,V003,3,637.8,0.1,Loja Física,Concluída
PED009656,2025-08-28,CLI00649,PRD002,V007,2,2984.77,0.03,Televendas,Concluída
PED009657,2025-06-06,CLI01482,PRD010,V003,2,1633.45,0.03,E-commerce,Concluída
PED009658,2025-02-19,CLI01149,PRD013,V008,2,1066.65,0.1,Loja Física,Concluída
PED009659,2025-09-30,CLI00176,PRD002,V006,2,3003.15,0.05,E-commerce,Concluída
PED009660,2025-10-11,CLI00798,PRD011,V008,2,2993.47,0.1,E-commerce,Concluída
PED009661,2025-01-13,CLI01258,PRD018,V007,1,934.17,0.1,Televendas,Concluída
PED009662,2025-03-15,CLI01800,PRD015,V007,1,1575.05,0.0,Loja Física,Concluída
PED009663,2025-05-16,CLI02304,PRD020,V001,2,661.74,0.08,Marketplace,Concluída
PED009664,2025-09-24,CLI00194,PRD013,V009,1,1074.23,0.05,Marketplace,Concluída
PED009665,2025-01-28,CLI01749,PRD007,V002,1,337.3,0.15,Marketplace,Concluída
PED009666,2025-10-22,CLI01640,PRD019,V004,1,1067.73,0.05,Marketplace,Concluída
PED009667,2025-04-27,CLI00016,PRD004,V006,1,1685.67,0.08,Marketplace,Concluída
PED009668,2025-02-15,CLI00785,PRD010,V009,3,1706.08,0.03,E-commerce,Concluída
PED009669,2025-11-12,CLI00348,PRD014,V007,2,1332.34,0.05,Loja Física,Concluída
PED009670,2025-02-01,CLI00460,PRD018,V002,3,998.0,0.08,Televendas,Concluída
PED009671,2025-02-17,CLI00829,PRD019,V003,1,1076.58,0.15,Loja Física,Concluída
PED009672,2025-12-13,CLI00584,PRD002,V002,1,2982.01,0.0,E-commerce,Concluída
PED009673,2025-07-09,CLI01524,PRD013,V006,1,1056.67,0.0,Loja Física,Concluída
PED009674,2025-06-19,CLI00497,PRD004,V008,1,1531.42,0.15,E-commerce,Concluída
PED009675,2025-09-08,CLI00368,PRD015,V008,1,1547.33,0.05,E-commerce,Concluída
PED009676,2025-08-19,CLI02153,PRD013,V008,2,1073.9,0.0,E-commerce,Concluída
PED009677,2025-08-12,CLI01311,PRD003,V008,1,1046.79,0.05,E-commerce,Concluída
PED009678,2025-01-09,CLI00739,PRD017,V010,3,867.64,0.1,E-commerce,Concluída
PED009679,2025-07-21,CLI02057,PRD008,V010,2,2261.46,0.15,Televendas,Concluída
PED009680,2025-04-12,CLI02033,PRD009,V003,1,2791.81,0.03,E-commerce,Concluída
PED009681,2025-10-22,CLI00023,PRD020,V004,3,635.52,0.08,Televendas,Concluída
PED009682,2025-07-04,CLI00726,PRD011,V001,2,3053.28,0.03,Loja Física,Concluída
PED009683,2025-02-15,CLI01350,PRD010,V003,1,1670.55,0.03,E-commerce,Concluída
PED009684,2025-11-20,CLI00010,PRD001,V006,2,4522.16,0.08,Loja Física,Concluída
PED009685,2025-04-14,CLI01689,PRD004,V007,2,1676.71,0.0,E-commerce,Concluída
PED009686,2025-04-10,CLI00018,PRD001,V009,2,4295.05,0.03,Televendas,Concluída
PED009687,2025-12-08,CLI02461,PRD006,V006,5,200.87,0.0,Loja Física,Concluída
PED009688,2025-10-10,CLI00920,PRD006,V010,1,192.39,0.0,Marketplace,Concluída
PED009689,2025-11-10,CLI01336,PRD009,V006,1,2936.69,0.03,Marketplace,Devolvida
PED009690,2025-08-30,CLI02136,PRD013,V009,4,1107.89,0.15,Loja Física,Concluída
PED009691,2025-11-29,CLI01382,PRD003,V009,2,981.0,0.03,E-commerce,Concluída
PED009692,2025-02-12,CLI01480,PRD010,V005,5,1661.24,0.05,Loja Física,Concluída
PED009693,2025-08-07,CLI02393,PRD019,V009,3,1067.57,0.0,E-commerce,Concluída
PED009694,2025-04-18,CLI01699,PRD003,V009,2,1026.93,0.1,Marketplace,Concluída
PED009695,2025-05-26,CLI01020,PRD011,V004,2,2888.04,0.05,Loja Física,Concluída
PED009696,2025-03-28,CLI01037,PRD001,V003,1,4465.95,0.15,Televendas,Concluída
PED009697,2025-03-16,CLI01621,PRD009,V002,1,2813.82,0.03,Marketplace,Concluída
PED009698,2025-06-11,CLI00689,PRD014,V010,1,1299.32,0.05,Loja Física,Concluída
PED009699,2025-12-02,CLI00005,PRD001,V005,1,4278.67,0.0,E-commerce,Concluída
PED009700,2025-08-20,CLI01608,PRD006,V006,2,195.77,0.0,E-commerce,Concluída
PED009701,2025-05-08,CLI01654,PRD018,V003,2,979.34,0.05,E-commerce,Concluída
PED009702,2025-06-08,CLI01449,PRD004,V004,5,1653.39,0.08,E-commerce,Concluída
PED009703,2025-07-13,CLI00776,PRD013,V005,1,1099.37,0.0,E-commerce,Concluída
PED009704,2025-03-31,CLI00088,PRD010,V006,2,1668.68,0.08,Televendas,Concluída
PED009705,2025-07-10,CLI00479,PRD003,V002,1,1054.86,0.05,Loja Física,Concluída
PED009706,2025-09-11,CLI01383,PRD014,V008,2,1369.67,0.05,E-commerce,Concluída
PED009707,2025-03-30,CLI00081,PRD009,V004,1,2936.7,0.08,Loja Física,Concluída
PED009708,2025-08-02,CLI01577,PRD002,V003,2,3181.14,0.05,E-commerce,Concluída
PED009709,2025-09-16,CLI00465,PRD020,V001,2,659.09,0.1,Loja Física,Cancelada
PED009710,2025-07-09,CLI00922,PRD008,V002,1,2284.67,0.08,Loja Física,Concluída
PED009711,2025-04-17,CLI02468,PRD014,V003,2,1326.63,0.1,Loja Física,Concluída
PED009712,2025-07-22,CLI00855,PRD004,V008,1,1617.83,0.03,Televendas,Concluída
PED009713,2025-10-17,CLI01008,PRD003,V009,1,1065.62,0.08,Loja Física,Concluída
PED009714,2025-03-22,CLI01969,PRD014,V010,4,1301.36,0.15,E-commerce,Concluída
PED009715,2025-07-29,CLI00168,PRD012,V003,1,5683.78,0.0,E-commerce,Concluída
PED009716,2025-09-06,CLI00928,PRD005,V007,1,356.7,0.05,Loja Física,Concluída
PED009717,2025-04-28,CLI01211,PRD014,V003,5,1334.46,0.1,Televendas,Concluída
PED009718,2025-05-22,CLI00717,PRD008,V002,1,2298.01,0.03,Loja Física,Concluída
PED009719,2025-11-21,CLI02459,PRD006,V006,1,194.24,0.05,Televendas,Concluída
PED009720,2025-05-13,CLI01962,PRD015,V007,2,1588.11,0.08,Loja Física,Concluída
PED009721,2025-08-07,CLI00144,PRD011,V008,2,2851.89,0.08,E-commerce,Concluída
PED009722,2025-02-24,CLI02463,PRD008,V002,2,2318.1,0.0,Marketplace,Concluída
PED009723,2025-12-04,CLI00501,PRD015,V008,2,1577.79,0.03,Loja Física,Concluída
PED009724,2025-08-06,CLI00462,PRD009,V004,5,2862.48,0.03,Marketplace,Concluída
PED009725,2025-10-05,CLI01872,PRD020,V003,1,650.59,0.0,E-commerce,Concluída
PED009726,2025-08-08,CLI00947,PRD016,V001,2,2345.39,0.0,E-commerce,Concluída
PED009727,2025-05-10,CLI00098,PRD006,V003,5,199.0,0.08,Loja Física,Concluída
PED009728,2025-05-05,CLI00007,PRD008,V005,1,2256.67,0.1,Loja Física,Concluída
PED009729,2025-09-13,CLI01751,PRD020,V002,5,641.45,0.15,Marketplace,Concluída
PED009730,2025-11-10,CLI01215,PRD018,V004,5,926.55,0.15,Loja Física,Concluída
PED009731,2025-02-16,CLI01176,PRD003,V006,5,1071.08,0.15,E-commerce,Concluída
PED009732,2025-11-05,CLI00708,PRD005,V001,1,350.07,0.0,E-commerce,Concluída
PED009733,2025-10-30,CLI00536,PRD006,V009,2,204.78,0.03,Loja Física,Concluída
PED009734,2025-02-09,CLI02065,PRD018,V004,3,963.53,0.0,E-commerce,Concluída
PED009735,2025-02-09,CLI01085,PRD020,V008,1,665.82,0.05,Loja Física,Concluída
PED009736,2025-09-11,CLI02290,PRD016,V007,2,2407.71,0.15,Loja Física,Concluída
PED009737,2025-11-04,CLI01456,PRD005,V008,1,369.22,0.0,E-commerce,Concluída
PED009738,2025-05-24,CLI00291,PRD018,V003,1,970.53,0.05,E-commerce,Concluída
PED009739,2025-08-22,CLI01067,PRD001,V002,4,4236.41,0.05,Televendas,Concluída
PED009740,2025-12-31,CLI02160,PRD007,V002,6,340.42,0.0,E-commerce,Concluída
PED009741,2025-04-28,CLI00186,PRD007,V003,1,339.29,0.08,E-commerce,Concluída
PED009742,2025-03-24,CLI00538,PRD009,V006,1,2855.43,0.03,Loja Física,Concluída
PED009743,2025-12-28,CLI01258,PRD009,V007,2,2774.88,0.03,Marketplace,Concluída
PED009744,2025-04-13,CLI00770,PRD004,V008,1,1593.9,0.15,E-commerce,Cancelada
PED009745,2025-06-22,CLI01529,PRD004,V010,2,1488.09,0.0,Marketplace,Concluída
PED009746,2025-06-11,CLI02215,PRD016,V009,3,2328.95,0.03,Loja Física,Concluída
PED009747,2025-07-10,CLI01765,PRD002,V004,1,3003.07,0.08,E-commerce,Concluída
PED009748,2025-04-09,CLI00914,PRD008,V005,3,2224.08,0.03,Marketplace,Concluída
PED009749,2025-09-05,CLI02048,PRD003,V010,1,1028.74,0.05,E-commerce,Concluída
PED009750,2025-09-10,CLI00043,PRD006,V008,1,197.63,0.03,E-commerce,Concluída
PED009751,2025-03-15,CLI01879,PRD005,V005,3,369.68,0.0,Loja Física,Concluída
PED009752,2025-06-25,CLI00130,PRD013,V009,1,1114.05,0.0,Loja Física,Concluída
PED009753,2025-01-21,CLI00456,PRD008,V002,1,2285.74,0.1,Loja Física,Concluída
PED009754,2025-03-22,CLI00845,PRD006,V007,2,196.69,0.0,E-commerce,Concluída
PED009755,2025-12-27,CLI00338,PRD017,V010,1,861.24,0.15,Loja Física,Concluída
PED009756,2025-07-04,CLI02212,PRD002,V006,2,3128.37,0.0,Marketplace,Concluída
PED009757,2025-08-16,CLI01599,PRD014,V007,3,1359.07,0.1,Marketplace,Concluída
PED009758,2025-11-21,CLI00222,PRD005,V001,1,362.9,0.1,Marketplace,Concluída
PED009759,2025-09-18,CLI01781,PRD019,V007,2,1120.19,0.0,Televendas,Concluída
PED009760,2025-10-17,CLI00489,PRD001,V003,1,4372.08,0.05,E-commerce,Concluída
PED009761,2025-09-17,CLI01860,PRD009,V010,2,2801.67,0.08,Marketplace,Concluída
PED009762,2025-07-02,CLI02419,PRD011,V004,1,2970.18,0.05,E-commerce,Concluída
PED009763,2025-08-19,CLI00157,PRD010,V004,4,1651.68,0.1,Marketplace,Concluída
PED009764,2025-04-16,CLI01029,PRD016,V004,1,2333.75,0.0,E-commerce,Concluída
PED009765,2025-11-22,CLI01586,PRD002,V007,3,3034.35,0.1,Marketplace,Concluída
PED009766,2025-03-07,CLI02182,PRD007,V010,3,326.48,0.05,Loja Física,Concluída
PED009767,2025-11-19,CLI01640,PRD017,V004,3,842.12,0.03,Marketplace,Devolvida
PED009768,2025-11-17,CLI00959,PRD018,V003,3,948.1,0.05,E-commerce,Concluída
PED009769,2025-02-21,CLI00125,PRD008,V008,1,2224.48,0.03,Loja Física,Concluída
PED009770,2025-09-17,CLI01296,PRD009,V006,1,2851.72,0.03,Marketplace,Concluída
PED009771,2025-12-28,CLI01105,PRD014,V005,1,1311.7,0.0,E-commerce,Concluída
PED009772,2025-07-28,CLI02368,PRD015,V010,1,1635.93,0.08,E-commerce,Concluída
PED009773,2025-05-05,CLI01258,PRD018,V005,2,980.35,0.03,E-commerce,Concluída
PED009774,2025-11-17,CLI02391,PRD017,V007,2,836.71,0.03,E-commerce,Concluída
PED009775,2025-07-07,CLI01407,PRD007,V010,2,327.1,0.1,Marketplace,Concluída
PED009776,2025-02-14,CLI00414,PRD011,V003,6,2893.64,0.1,E-commerce,Concluída
PED009777,2025-04-01,CLI00207,PRD008,V010,2,2249.72,0.08,E-commerce,Concluída
PED009778,2025-09-07,CLI01692,PRD002,V010,2,2946.14,0.0,Televendas,Concluída
PED009779,2025-06-16,CLI00471,PRD016,V005,1,2495.72,0.1,Loja Física,Concluída
PED009780,2025-03-21,CLI01061,PRD010,V004,2,1576.66,0.0,Marketplace,Concluída
PED009781,2025-10-19,CLI01728,PRD001,V002,2,4372.4,0.03,Loja Física,Concluída
PED009782,2025-02-14,CLI00375,PRD012,V001,1,5492.5,0.1,E-commerce,Cancelada
PED009783,2025-03-21,CLI00286,PRD005,V010,2,358.3,0.0,Loja Física,Concluída
PED009784,2025-06-19,CLI00065,PRD001,V005,2,4155.11,0.0,Marketplace,Concluída
PED009785,2025-01-15,CLI00798,PRD010,V007,1,1642.92,0.05,Loja Física,Concluída
PED009786,2025-05-22,CLI01270,PRD013,V003,1,1090.33,0.03,Marketplace,Concluída
PED009787,2025-11-29,CLI01003,PRD009,V004,1,2913.53,0.03,E-commerce,Concluída
PED009788,2025-12-10,CLI00235,PRD001,V009,1,4419.58,0.08,Loja Física,Concluída
PED009789,2025-11-15,CLI01407,PRD010,V007,1,1694.77,0.1,Televendas,Concluída
PED009790,2025-04-29,CLI02346,PRD001,V003,3,4143.44,0.15,Loja Física,Concluída
PED009791,2025-01-24,CLI00573,PRD020,V001,2,642.35,0.0,Loja Física,Concluída
PED009792,2025-10-25,CLI00625,PRD005,V009,1,383.12,0.05,E-commerce,Concluída
PED009793,2025-05-17,CLI00118,PRD018,V001,6,995.09,0.1,E-commerce,Concluída
PED009794,2025-10-01,CLI01100,PRD001,V001,2,4208.16,0.0,Marketplace,Concluída
PED009795,2025-02-13,CLI00393,PRD002,V004,1,3000.26,0.05,Loja Física,Concluída
PED009796,2025-09-01,CLI01816,PRD008,V010,3,2209.02,0.0,Marketplace,Concluída
PED009797,2025-08-03,CLI01434,PRD014,V007,3,1327.76,0.0,E-commerce,Concluída
PED009798,2025-12-02,CLI01270,PRD020,V001,2,678.45,0.0,Marketplace,Concluída
PED009799,2025-02-07,CLI00222,PRD009,V010,1,2931.34,0.08,E-commerce,Concluída
PED009800,2025-05-29,CLI00944,PRD006,V010,3,189.35,0.05,Loja Física,Concluída
PED009801,2025-12-28,CLI01400,PRD001,V007,1,4283.29,0.0,Marketplace,Concluída
PED009802,2025-05-23,CLI01575,PRD010,V001,1,1644.71,0.05,Loja Física,Concluída
PED009803,2025-08-29,CLI02429,PRD007,V001,3,339.72,0.0,E-commerce,Concluída
PED009804,2025-02-28,CLI00495,PRD019,V009,3,1099.47,0.0,Marketplace,Concluída
PED009805,2025-09-23,CLI02243,PRD008,V009,2,2224.51,0.1,Televendas,Concluída
PED009806,2025-04-11,CLI01227,PRD014,V009,1,1329.95,0.03,Loja Física,Concluída
PED009807,2025-07-28,CLI01096,PRD017,V005,1,836.89,0.08,Marketplace,Concluída
PED009808,2025-11-18,CLI02408,PRD002,V006,4,2966.15,0.03,Marketplace,Concluída
PED009809,2025-08-30,CLI00702,PRD008,V002,3,2308.34,0.0,Televendas,Concluída
PED009810,2025-06-23,CLI01962,PRD018,V001,3,976.59,0.1,Marketplace,Cancelada
PED009811,2025-03-11,CLI01393,PRD007,V003,1,335.98,0.0,Loja Física,Concluída
PED009812,2025-05-05,CLI00837,PRD009,V007,5,2943.78,0.03,Televendas,Concluída
PED009813,2025-11-06,CLI00632,PRD018,V005,1,995.18,0.08,,Concluída
PED009814,2025-03-20,CLI02282,PRD004,V007,1,1605.35,0.05,E-commerce,Concluída
PED009815,2025-08-28,CLI01960,PRD018,V005,3,963.15,0.1,E-commerce,Concluída
PED009816,2025-06-27,CLI02188,PRD007,V006,1,357.05,0.15,E-commerce,Concluída
PED009817,2025-04-28,CLI01916,PRD010,V010,2,1710.75,0.0,Loja Física,Concluída
PED009818,2025-09-19,CLI00679,PRD006,V007,2,189.38,0.0,Loja Física,Concluída
PED009819,2025-05-13,CLI02231,PRD009,V010,4,2948.21,0.05,Marketplace,Concluída
PED009820,2025-04-15,CLI02336,PRD001,V010,1,4555.02,0.0,E-commerce,Concluída
PED009821,2025-07-13,CLI01937,PRD001,V007,1,4438.52,0.05,E-commerce,Concluída
PED009822,2025-10-04,CLI01214,PRD007,V010,2,337.99,0.03,Marketplace,Concluída
PED009823,2025-11-12,CLI01293,PRD006,V003,3,195.13,0.1,Televendas,Concluída
PED009824,2025-08-18,CLI02333,PRD010,V006,4,1715.02,0.1,Loja Física,Concluída
PED009825,2025-08-30,CLI00845,PRD001,V001,1,4458.03,0.0,E-commerce,Concluída
PED009826,2025-10-15,CLI01375,PRD003,V001,3,1049.91,0.0,Televendas,Cancelada
PED009827,2025-04-09,CLI02274,PRD004,V002,1,1699.02,0.15,E-commerce,Concluída
PED009828,2025-04-02,CLI00242,PRD008,V002,1,2211.27,0.0,Loja Física,Cancelada
PED009829,2025-06-26,CLI01428,PRD005,V005,1,359.73,0.0,Loja Física,Concluída
PED009830,2025-08-19,CLI00348,PRD003,V008,1,1040.66,0.0,Televendas,Concluída
PED009831,2025-08-24,CLI02128,PRD010,V010,1,1635.98,0.03,E-commerce,Concluída
PED009832,2025-02-26,CLI01245,PRD014,V010,1,1280.48,0.0,Marketplace,Concluída
PED009833,2025-10-12,CLI01397,PRD012,V002,1,5648.69,0.03,E-commerce,Concluída
PED009834,2025-05-13,CLI00063,PRD005,V005,4,353.78,0.0,E-commerce,Concluída
PED009835,2025-11-17,CLI00077,PRD017,V005,1,837.25,0.08,Marketplace,Concluída
PED009836,2025-09-22,CLI01922,PRD010,V001,3,1629.92,0.0,E-commerce,Concluída
PED009837,2025-12-25,CLI02402,PRD010,V001,4,1635.21,0.08,Marketplace,Concluída
PED009838,2025-08-19,CLI00770,PRD004,V004,2,1600.51,0.05,E-commerce,Concluída
PED009839,2025-07-12,CLI01507,PRD004,V009,3,1644.07,0.05,Marketplace,Concluída
PED009840,2025-03-10,CLI00079,PRD008,V004,1,2334.71,0.15,E-commerce,Concluída
PED009841,2025-05-26,CLI00281,PRD004,V004,1,1594.98,0.03,E-commerce,Concluída
PED009842,2025-11-10,CLI01622,PRD012,V010,2,5428.0,0.0,Marketplace,Concluída
PED009843,2025-05-20,CLI00602,PRD006,V004,2,196.2,0.05,Marketplace,Concluída
PED009844,2025-01-20,CLI01515,PRD003,V007,2,1012.6,0.0,Marketplace,Concluída
PED009845,2025-03-31,CLI01798,PRD003,V010,4,1035.01,0.0,E-commerce,Concluída
PED009846,2025-08-06,CLI00317,PRD002,V002,3,2922.85,0.1,E-commerce,Concluída
PED009847,2025-08-18,CLI01700,PRD008,V006,1,2389.06,0.1,Loja Física,Cancelada
PED009848,2025-12-26,CLI00454,PRD001,V004,1,4380.79,0.03,Loja Física,Concluída
PED009849,2025-12-07,CLI01083,PRD009,V002,4,2824.25,0.03,Televendas,Concluída
PED009850,2025-07-13,CLI01859,PRD006,V001,6,200.3,0.05,Marketplace,Cancelada
PED009851,2025-07-22,CLI01167,PRD009,V007,2,2774.56,0.0,E-commerce,Concluída
PED009852,2025-10-20,CLI00378,PRD020,V007,3,634.66,0.0,E-commerce,Concluída
PED009853,2025-01-18,CLI01858,PRD018,V006,2,979.67,0.05,Loja Física,Concluída
PED009854,2025-08-06,CLI00017,PRD010,V007,1,1650.25,0.03,E-commerce,Concluída
PED009855,2025-06-23,CLI02462,PRD007,V008,4,350.95,0.0,Televendas,Concluída
PED009856,2025-10-13,CLI02500,PRD013,V001,2,1011.36,0.05,E-commerce,Concluída
PED009857,2025-10-20,CLI02162,PRD020,V001,2,659.37,0.05,E-commerce,Concluída
PED009858,2025-08-28,CLI00726,PRD008,V004,2,2237.61,0.03,E-commerce,Concluída
PED009859,2025-08-28,CLI00103,PRD002,V006,2,2906.08,0.1,Loja Física,Concluída
PED009860,2025-09-10,CLI02228,PRD014,V010,1,1284.42,0.08,E-commerce,Concluída
PED009861,2025-07-31,CLI01761,PRD001,V010,2,4306.17,0.05,Loja Física,Concluída
PED009862,2025-03-25,CLI01036,PRD014,V009,1,1395.59,0.0,E-commerce,Concluída
PED009863,2025-04-14,CLI00580,PRD002,V003,1,3066.19,0.05,Televendas,Concluída
PED009864,2025-09-28,CLI02407,PRD002,V006,1,3115.98,0.05,E-commerce,Concluída
PED009865,2025-08-14,CLI00998,PRD015,V002,1,1565.63,0.05,Marketplace,Concluída
PED009866,2025-03-28,CLI01075,PRD013,V005,4,1088.33,0.05,Loja Física,Devolvida
PED009867,2025-11-17,CLI01988,PRD009,V001,1,2749.71,0.0,E-commerce,Concluída
PED009868,2025-12-24,CLI01874,PRD016,V010,1,2253.91,0.03,E-commerce,Concluída
PED009869,2025-08-17,CLI00999,PRD017,V005,3,850.53,0.1,E-commerce,Concluída
PED009870,2025-03-25,CLI02415,PRD008,V008,4,2190.38,0.0,Loja Física,Concluída
PED009871,2025-12-09,CLI01165,PRD020,V002,3,632.3,0.05,Loja Física,Concluída
PED009872,2025-03-28,CLI00706,PRD006,V010,5,197.04,0.1,Loja Física,Concluída
PED009873,2025-06-07,CLI00489,PRD003,V006,2,1068.69,0.0,Marketplace,Concluída
PED009874,2025-11-10,CLI00075,PRD017,V001,3,853.87,0.15,Loja Física,Concluída
PED009875,2025-07-10,CLI00199,PRD007,V004,1,330.35,0.1,Loja Física,Concluída
PED009876,2025-03-30,CLI01122,PRD018,V003,1,925.25,0.08,Marketplace,Concluída
PED009877,2025-01-30,CLI02449,PRD001,V001,2,4379.92,0.08,Loja Física,Concluída
PED009878,2025-05-12,CLI01904,PRD002,V001,3,2946.58,0.1,E-commerce,Concluída
PED009879,2025-09-03,CLI00452,PRD001,V008,2,4379.51,0.0,E-commerce,Concluída
PED009880,2025-09-18,CLI01411,PRD010,V009,3,1636.29,0.05,Marketplace,Concluída
PED009881,2025-03-23,CLI00998,PRD017,V007,2,852.16,0.03,Televendas,Concluída
PED009882,2025-02-27,CLI02089,PRD007,V007,3,352.25,0.1,Televendas,Concluída
PED009883,2025-09-14,CLI00636,PRD002,V001,1,3072.52,0.05,E-commerce,Concluída
PED009884,2025-02-28,CLI00667,PRD006,V002,1,198.64,0.08,Loja Física,Concluída
PED009885,2025-01-24,CLI01724,PRD006,V001,2,192.42,0.0,Marketplace,Concluída
PED009886,2025-06-27,CLI00170,PRD011,V010,1,2896.0,0.0,Marketplace,Concluída
PED009887,2025-07-28,CLI00703,PRD011,V008,4,2992.5,0.08,E-commerce,Concluída
PED009888,2025-03-30,CLI00553,PRD002,V010,1,3091.06,0.03,E-commerce,Concluída
PED009889,2025-03-19,CLI01066,PRD007,V010,1,331.09,0.05,E-commerce,Concluída
PED009890,2025-03-28,CLI00572,PRD011,V003,2,3048.61,0.08,Loja Física,Concluída
PED009891,2025-05-06,CLI02080,PRD005,V006,1,353.52,0.0,E-commerce,Concluída
PED009892,2025-01-04,CLI00839,PRD007,V007,2,347.7,0.03,Marketplace,Concluída
PED009893,2025-01-05,CLI00892,PRD010,V008,1,1759.85,0.03,Marketplace,Concluída
PED009894,2025-05-16,CLI00780,PRD007,V007,1,328.39,0.1,Loja Física,Concluída
PED009895,2025-01-08,CLI01062,PRD001,V005,3,4421.98,0.0,E-commerce,Concluída
PED009896,2025-04-27,CLI00586,PRD004,V001,1,1592.79,0.03,Loja Física,Concluída
PED009897,2025-08-01,CLI01833,PRD015,V010,2,1587.66,0.15,Loja Física,Concluída
PED009898,2025-01-12,CLI00305,PRD005,V007,1,354.97,0.08,Loja Física,Cancelada
PED009899,2025-08-14,CLI00216,PRD016,V009,2,2201.11,0.05,Loja Física,Concluída
PED009900,2025-08-15,CLI01305,PRD008,V003,1,2225.67,0.05,Marketplace,Concluída
PED009901,2025-07-29,CLI01214,PRD008,V002,1,2288.1,0.08,Marketplace,Concluída
PED009902,2025-08-17,CLI01779,PRD014,V010,3,1387.51,0.1,Televendas,Cancelada
PED009903,2025-10-23,CLI00239,PRD007,V009,2,345.45,0.1,Marketplace,Concluída
PED009904,2025-01-26,CLI02271,PRD004,V009,4,1664.5,0.05,Marketplace,Concluída
PED009905,2025-03-03,CLI01462,PRD002,V005,3,2956.73,0.08,Marketplace,Concluída
PED009906,2025-04-26,CLI00690,PRD012,V010,2,5431.22,0.08,E-commerce,Concluída
PED009907,2025-09-09,CLI01911,PRD008,V003,1,2287.88,0.08,Loja Física,Concluída
PED009908,2025-11-15,CLI01652,PRD016,V008,3,2324.57,0.08,Loja Física,Concluída
PED009909,2025-12-02,CLI02274,PRD008,V005,2,2332.08,0.0,E-commerce,Concluída
PED009910,2025-08-01,CLI01319,PRD007,V002,3,329.96,0.08,Marketplace,Concluída
PED009911,2025-05-30,CLI01727,PRD006,V008,2,201.08,0.03,Loja Física,Concluída
PED009912,2025-05-31,CLI02210,PRD004,V004,1,1653.87,0.0,E-commerce,Concluída
PED009913,2025-01-22,CLI02065,PRD017,V002,3,861.45,0.0,Marketplace,Concluída
PED009914,2025-06-19,CLI01738,PRD002,V008,3,3061.97,0.0,Loja Física,Concluída
PED009915,2025-07-07,CLI00950,PRD019,V008,1,1073.22,0.05,E-commerce,Concluída
PED009916,2025-03-18,CLI00458,PRD001,V004,2,4276.06,0.0,Televendas,Concluída
PED009917,2025-10-08,CLI00081,PRD009,V010,2,2887.95,0.05,E-commerce,Concluída
PED009918,2025-10-24,CLI00666,PRD001,V008,2,4287.98,0.15,Loja Física,Concluída
PED009919,2025-04-21,CLI01176,PRD015,V001,4,1581.9,0.0,Marketplace,Concluída
PED009920,2025-11-30,CLI01562,PRD004,V004,1,1617.49,0.0,Televendas,Concluída
PED009921,2025-02-09,CLI00479,PRD009,V010,1,2857.92,0.0,Loja Física,Cancelada
PED009922,2025-11-29,CLI01878,PRD019,V002,1,1098.63,0.08,Loja Física,Concluída
PED009923,2025-10-08,CLI02169,PRD011,V010,4,2983.06,0.0,E-commerce,Cancelada
PED009924,2025-03-23,CLI00197,PRD003,V006,1,1033.15,0.0,E-commerce,Concluída
PED009925,2025-08-26,CLI02147,PRD015,V007,2,1551.38,0.0,Marketplace,Concluída
PED009926,2025-04-24,CLI01616,PRD008,V007,3,2315.07,0.0,Televendas,Concluída
PED009927,2025-10-19,CLI00179,PRD001,V006,3,4396.66,0.08,Marketplace,Concluída
PED009928,2025-02-28,CLI00427,PRD008,V006,1,2294.0,0.08,Loja Física,Concluída
PED009929,2025-03-31,CLI01870,PRD016,V006,1,2380.75,0.03,Marketplace,Concluída
PED009930,2025-04-23,CLI02358,PRD008,,6,2276.84,0.03,E-commerce,Concluída
PED009931,2025-03-14,CLI01851,PRD014,V008,2,1330.69,0.05,E-commerce,Concluída
PED009932,2025-05-02,CLI02410,PRD013,V005,1,1068.69,0.15,E-commerce,Concluída
PED009933,2025-08-08,CLI00910,PRD008,V005,1,2263.4,0.08,E-commerce,Concluída
PED009934,2025-08-20,CLI02149,PRD006,V008,3,199.2,0.08,E-commerce,Concluída
PED009935,2025-07-22,CLI02153,PRD013,V008,4,1099.77,0.15,Marketplace,Concluída
PED009936,2025-03-11,CLI02152,PRD006,V007,2,197.54,0.03,Loja Física,Concluída
PED009937,2025-03-15,CLI00038,PRD003,V005,1,1044.86,0.0,E-commerce,Concluída
PED009938,2025-12-02,CLI02403,PRD006,V006,2,191.39,0.08,Loja Física,Concluída
PED009939,2025-04-02,CLI01306,PRD018,V006,1,958.14,0.0,E-commerce,Concluída
PED009940,2025-02-07,CLI00716,PRD005,V005,4,366.6,0.03,E-commerce,Concluída
PED009941,2025-06-15,CLI01883,PRD004,V002,1,1571.94,0.08,Televendas,Concluída
PED009942,2025-01-03,CLI01307,PRD002,V006,1,3004.23,0.05,E-commerce,Concluída
PED009943,2025-05-06,CLI00949,PRD001,V005,1,4372.46,0.03,Marketplace,Concluída
PED009944,2025-11-09,CLI00335,PRD020,V001,1,644.31,0.05,E-commerce,Concluída
PED009945,2025-04-08,CLI02012,PRD009,V010,1,2911.32,0.0,Loja Física,Concluída
PED009946,2025-09-14,CLI01141,PRD013,V007,3,1091.59,0.0,E-commerce,Concluída
PED009947,2025-06-28,CLI01531,PRD015,V002,2,1523.1,0.03,Loja Física,Concluída
PED009948,2025-05-10,CLI00262,PRD006,V003,2,199.37,0.0,Marketplace,Concluída
PED009949,2025-08-30,CLI00678,PRD015,V006,1,1550.19,0.15,E-commerce,Concluída
PED009950,2025-08-06,CLI01730,PRD020,V009,1,624.12,0.03,Marketplace,Concluída
PED009951,2025-04-27,CLI00735,PRD014,V005,2,1367.15,0.1,Marketplace,Concluída
PED009952,2025-03-23,CLI00190,PRD013,V009,2,1053.25,0.15,E-commerce,Concluída
PED009953,2025-12-01,CLI00719,PRD008,V002,1,2248.31,0.03,E-commerce,Concluída
PED009954,2025-03-03,CLI02149,PRD017,V006,3,859.92,0.03,Loja Física,Concluída
PED009955,2025-12-17,CLI02396,PRD002,V009,1,2988.17,0.1,Marketplace,Concluída
PED009956,2025-06-21,CLI02129,PRD014,V009,1,1321.29,0.0,Marketplace,Concluída
PED009957,2025-12-30,CLI00937,PRD006,V003,1,191.94,0.05,E-commerce,Concluída
PED009958,2025-05-09,CLI02415,PRD009,V007,2,2808.34,0.0,Loja Física,Devolvida
PED009959,2025-07-26,CLI02099,PRD018,V001,1,943.29,0.08,Marketplace,Concluída
PED009960,2025-08-13,CLI00069,PRD010,V002,1,1639.48,0.08,E-commerce,Concluída
PED009961,2025-05-04,CLI00891,PRD001,V010,2,4307.29,0.05,E-commerce,Concluída
PED009962,2025-03-21,CLI02047,PRD013,V008,1,1048.02,0.03,E-commerce,Concluída
PED009963,2025-07-09,CLI00453,PRD020,V003,1,641.48,0.05,E-commerce,Concluída
PED009964,2025-08-30,CLI00733,PRD011,V010,2,2889.25,0.05,Marketplace,Concluída
PED009965,2025-04-06,CLI02420,PRD017,V010,2,859.38,0.05,Marketplace,Concluída
PED009966,2025-10-07,CLI00490,PRD017,V001,1,861.39,0.1,E-commerce,Concluída
PED009967,2025-08-22,CLI01839,PRD017,V001,1,882.3,0.0,Marketplace,Concluída
PED009968,2025-03-02,CLI01877,PRD006,V003,1,200.02,0.0,Marketplace,Concluída
PED009969,2025-12-09,CLI00666,PRD008,V008,6,2206.7,0.0,Loja Física,Devolvida
PED009970,2025-01-17,CLI00301,PRD017,V006,3,807.28,0.05,Loja Física,Concluída
PED009971,2025-08-27,CLI00259,PRD019,V006,1,1049.51,0.1,E-commerce,Concluída
PED009972,2025-06-10,CLI02190,PRD003,V005,5,1022.73,0.03,Marketplace,Concluída
PED009973,2025-08-27,CLI00600,PRD003,V005,2,994.1,0.03,Loja Física,Concluída
PED009974,2025-10-10,CLI02189,PRD006,V007,1,193.8,0.15,Marketplace,Concluída
PED009975,2025-09-08,CLI01262,PRD014,V001,5,1343.32,0.0,Loja Física,Concluída
PED009976,2025-08-26,CLI01390,PRD018,V006,3,955.75,0.1,Marketplace,Concluída
PED009977,2025-11-03,CLI01656,PRD010,V003,2,1656.14,0.15,Marketplace,Concluída
PED009978,2025-09-14,CLI01057,PRD002,V008,2,2948.12,0.08,Loja Física,Concluída
PED009979,2025-10-25,CLI02378,PRD006,V002,6,193.08,0.03,Marketplace,Concluída
PED009980,2025-05-28,CLI02224,PRD017,V001,1,890.11,0.05,Marketplace,Concluída
PED009981,2025-03-16,CLI01658,PRD006,V005,1,196.67,0.0,Loja Física,Concluída
PED009982,2025-03-27,CLI01781,PRD002,V005,1,3002.04,0.0,Loja Física,Concluída
PED009983,2025-08-12,CLI01791,PRD006,V006,6,200.98,0.0,Marketplace,Concluída
PED009984,2025-07-14,CLI00081,PRD016,V009,1,2398.02,0.0,Televendas,Concluída
PED009985,2025-01-29,CLI00685,PRD008,V007,1,2247.66,0.15,E-commerce,Concluída
PED009986,2025-03-16,CLI01031,PRD003,V004,2,1062.82,0.05,Loja Física,Concluída
PED009987,2025-12-20,CLI00346,PRD006,V008,1,194.62,0.03,Loja Física,Concluída
PED009988,2025-09-23,CLI01075,PRD020,V006,2,662.57,0.05,E-commerce,Concluída
PED009989,2025-10-03,CLI01629,PRD008,V003,1,2198.45,0.05,E-commerce,Concluída
PED009990,2025-03-13,CLI02141,PRD008,V001,3,2251.02,0.0,Marketplace,Cancelada
PED009991,2025-01-24,CLI01874,PRD003,V001,3,1041.5,0.0,E-commerce,Concluída
PED009992,2025-04-17,CLI02207,PRD006,V003,2,198.61,0.05,Marketplace,Concluída
PED009993,2025-11-09,CLI01682,PRD016,V009,3,2297.08,0.08,Loja Física,Concluída
PED009994,2025-07-04,CLI01359,PRD015,V005,1,1505.38,0.0,E-commerce,Concluída
PED009995,2025-10-14,CLI01510,PRD008,V005,2,2294.52,0.1,Loja Física,Concluída
PED009996,2025-06-27,CLI00281,PRD018,V004,2,964.39,0.05,Marketplace,Concluída
PED009997,2025-06-28,CLI02021,PRD007,V003,1,338.64,0.05,Marketplace,Concluída
PED009998,2025-08-08,CLI01523,PRD018,V008,1,1009.49,0.0,Marketplace,Concluída
PED009999,2025-12-17,CLI01812,PRD001,V001,2,4334.84,0.05,E-commerce,Concluída
PED010000,2025-06-09,CLI01152,PRD006,V007,2,194.29,0.03,Marketplace,Concluída
PED006253,2025-01-13,CLI00222,PRD020,V003,1,659.96,0.1,Loja Física,Concluída
PED004685,2025-04-17,CLI00026,PRD006,V005,4,188.59,0.08,E-commerce,Concluída
PED001732,2025-05-18,CLI01851,PRD005,V007,2,359.77,0.0,Televendas,Concluída
PED004743,2025-05-06,CLI00883,PRD014,V005,1,1446.21,0.0,Loja Física,Concluída
PED004522,2025-06-03,CLI00034,PRD020,V001,2,645.59,0.05,E-commerce,Concluída
PED006341,2025-04-17,CLI01213,PRD017,V010,1,860.33,0.08,E-commerce,Concluída
PED000577,2025-04-02,CLI02487,PRD019,V007,4,1074.85,0.05,Marketplace,Concluída
PED005203,2025-11-28,CLI00526,PRD012,V008,1,5567.43,0.15,E-commerce,Cancelada
PED006364,2025-12-03,CLI00874,PRD009,V004,4,2911.67,0.05,E-commerce,Devolvida
PED000440,2025-02-09,CLI00734,PRD001,V003,4,4254.95,0.0,Loja Física,Concluída
PED002751,2025-12-08,CLI00295,PRD001,V003,1,4179.66,0.03,Loja Física,Concluída
PED007488,2025-04-01,CLI01400,PRD008,V004,3,2243.07,0.03,Loja Física,Cancelada
